Object Type,Package,Procedure,SQL Object Name,Target Table,Target Column,Source Table,Source Column,Transformation
Materialized View,,,DIM_GRP_BUSOBJ_AUDIT_R_MAX_RCV_MV_SSL,DIM_GRP_BUSOBJ_AUDIT_R_MAX_RCV_MV_SSL,received_date,DIM_GRP_BUSOBJ_AUDIT_R,d_received_date_r,MAX -> NVL
Materialized View,,,DIM_GRP_BUSOBJ_AUDIT_R_MAX_RCV_MV_SSL,DIM_GRP_BUSOBJ_AUDIT_R_MAX_RCV_MV_SSL,received_date,DIM_GRP_BUSOBJ_AUDIT_R,v_claim_number_r,MAX -> NVL -> TO_DATE -> SUBSTR
Materialized View,,,DIM_GRP_BUSOBJ_AUDIT_R_MAX_RCV_MV_SSL,DIM_GRP_BUSOBJ_AUDIT_R_MAX_RCV_MV_SSL,received_date,dim_grp_claim_detail_r,D_RECEIVED_DATE_R,Direct
Materialized View,,,DIM_GRP_BUSOBJ_AUDIT_R_MAX_RCV_MV_SSL,DIM_GRP_BUSOBJ_AUDIT_R_MAX_RCV_MV_SSL,v_claim_number_r,DIM_GRP_BUSOBJ_AUDIT_R,v_claim_number_r,Direct
Materialized View,,,DIM_GRP_BUSOBJ_AUDIT_R_MAX_RCV_MV_SSL,DIM_GRP_BUSOBJ_AUDIT_R_MAX_RCV_MV_SSL,v_claim_number_r,dim_grp_claim_dir_r,v_claim_number_r,Direct
Materialized View,,,DIM_GRP_CLAIM_DETAIL_R_MV,DIM_GRP_CLAIM_DETAIL_R_MV,n_claim_coverage_group_sk_r,dim_grp_claim_detail_r_vw_2,n_claim_coverage_group_sk_r,Direct
Materialized View,,,DIM_GRP_CLAIM_DETAIL_R_MV,DIM_GRP_CLAIM_DETAIL_R_MV,n_claim_coverage_sk_r,dim_grp_claim_detail_r_vw_2,n_claim_coverage_sk_r,Direct
Materialized View,,,DIM_GRP_CLAIM_DETAIL_R_MV,DIM_GRP_CLAIM_DETAIL_R_MV,n_claim_sk_r,dim_grp_claim_detail_r_vw_2,n_claim_sk_r,Direct
Materialized View,,,DIM_GRP_CLAIM_DETAIL_R_MV,DIM_GRP_CLAIM_DETAIL_R_MV,n_policy_sk_r,dim_grp_claim_detail_r_vw_2,n_policy_sk_r,Direct
Materialized View,,,DIM_GRP_CLAIM_DETAIL_R_MV,DIM_GRP_CLAIM_DETAIL_R_MV,t_event_timestamp_r_1,dim_grp_claim_detail_r_vw_2,t_event_timestamp_r_1,Direct
Materialized View,,,DIM_GRP_CLAIM_DETAIL_R_MV,DIM_GRP_CLAIM_DETAIL_R_MV,t_event_timestamp_r_2,dim_grp_claim_detail_r_vw_2,t_event_timestamp_r_2,Direct
Materialized View,,,DIM_GRP_CLAIM_DETAIL_R_MV,DIM_GRP_CLAIM_DETAIL_R_MV,v_claim_coverage_code_r,dim_grp_claim_detail_r_vw_2,v_claim_coverage_code_r,Direct
Materialized View,,,DIM_GRP_CLAIM_DETAIL_R_MV,DIM_GRP_CLAIM_DETAIL_R_MV,v_claim_identifier_r,dim_grp_claim_detail_r_vw_2,v_claim_identifier_r,Direct
Materialized View,,,DIM_GRP_CLAIM_DETAIL_R_MV,DIM_GRP_CLAIM_DETAIL_R_MV,v_claim_number_r,dim_grp_claim_detail_r_vw_2,v_claim_number_r,Direct
Materialized View,,,DIM_GRP_CLAIM_DETAIL_R_MV,DIM_GRP_CLAIM_DETAIL_R_MV,v_claim_status_reason_code_r,dim_grp_claim_detail_r_vw_2,v_claim_status_reason_code_r,Direct
Materialized View,,,DIM_GRP_CLAIM_DETAIL_R_MV,DIM_GRP_CLAIM_DETAIL_R_MV,v_policy_number_r,dim_grp_claim_detail_r_vw_2,v_policy_number_r,Direct
Materialized View,,,DIM_GRP_CLAIM_DETAIL_R_MV,DIM_GRP_CLAIM_DETAIL_R_MV,v_reason_code_r,dim_grp_claim_detail_r_vw_2,v_reason_code_r,Direct
Materialized View,,,DIM_GRP_CLAIM_DETAIL_R_MV,DIM_GRP_CLAIM_DETAIL_R_MV,v_reason_flag_r,dim_grp_claim_detail_r_vw_2,v_reason_flag_r,Direct
Materialized View,,,DIM_GRP_CLAIM_DETAIL_R_MV_SSL_INC,DIM_GRP_CLAIM_DETAIL_R_MV_SSL_INC,n_insrd_party_sk_r,dim_grp_claim_detail_r,n_insrd_party_sk_r,Direct
Materialized View,,,DIM_GRP_CLAIM_DETAIL_R_MV_SSL_INC,DIM_GRP_CLAIM_DETAIL_R_MV_SSL_INC,t_last_modified_date_r,dim_grp_claim_detail_r,t_last_modified_date_r,GREATEST -> COALESCE -> TO_DATE -> TO_CHAR -> MAX
Materialized View,,,DIM_GRP_CLAIM_DETAIL_R_MV_SSL_INC,DIM_GRP_CLAIM_DETAIL_R_MV_SSL_INC,v_privacy_indicator_r,dim_grp_claim_detail_r,v_privacy_indicator_r,Direct
Materialized View,,,DIM_GRP_CLAIM_POLICY_DETAIL_EMP_MV_SSL,DIM_GRP_CLAIM_POLICY_DETAIL_EMP_MV_SSL,n_claim_sk_r,DIM_GRP_CLAIM_DIR_R,n_claim_sk_r,Direct
Materialized View,,,DIM_GRP_CLAIM_POLICY_DETAIL_EMP_MV_SSL,DIM_GRP_CLAIM_POLICY_DETAIL_EMP_MV_SSL,n_cust_party_sk_r,FCT_GRP_POLICY_R_MV_SSL,n_cust_party_sk_r,NVL
Materialized View,,,DIM_GRP_CLAIM_POLICY_DETAIL_EMP_MV_SSL,DIM_GRP_CLAIM_POLICY_DETAIL_EMP_MV_SSL,n_employee_sk_r,dim_employee_r,n_employee_sk_r,NVL
Materialized View,,,DIM_GRP_CLAIM_POLICY_DETAIL_EMP_MV_SSL,DIM_GRP_CLAIM_POLICY_DETAIL_EMP_MV_SSL,n_insrd_party_sk_r,dim_grp_claim_detail_r,n_insrd_party_sk_r,NVL
Materialized View,,,DIM_GRP_CLAIM_POLICY_DETAIL_EMP_MV_SSL,DIM_GRP_CLAIM_POLICY_DETAIL_EMP_MV_SSL,n_policy_sk_r,dim_grp_policy_dir_r,n_policy_sk_r,NVL
Materialized View,,,DIM_GRP_CLAIM_POLICY_DETAIL_EMP_MV_SSL,DIM_GRP_CLAIM_POLICY_DETAIL_EMP_MV_SSL,v_rpt_active_status_r,DIM_GRP_CLAIM_DIR_R,v_active_status_r,Direct
Materialized View,,,DIM_GRP_CLAIM_PRODUCT_MV,DIM_GRP_CLAIM_PRODUCT_MV,n_product_sk_r,DIM_GRP_PRODUCT_R,N_PRODUCT_SK_R,NVL
Materialized View,,,DIM_GRP_CLAIM_PRODUCT_MV,DIM_GRP_CLAIM_PRODUCT_MV,rn,,,Constant / Expression
Materialized View,,,DIM_GRP_CLAIM_PRODUCT_MV,DIM_GRP_CLAIM_PRODUCT_MV,v_claim_identifier_r,DIM_GRP_CLAIM_COVERAGE_GROUP_R,v_claim_identifier_r,Direct
Materialized View,,,DIM_GRP_MEDICAL_DIAGNOSIS_R_MV_SSL,DIM_GRP_MEDICAL_DIAGNOSIS_R_MV_SSL,Primary_desc,dim_grp_medical_diagnosis_r,V_DIAG_CODE_DESC_R,LISTAGG -> case-when -> NVL
Materialized View,,,DIM_GRP_MEDICAL_DIAGNOSIS_R_MV_SSL,DIM_GRP_MEDICAL_DIAGNOSIS_R_MV_SSL,Primary_desc,dim_grp_medical_diagnosis_r,v_diagnosis_desc_r,LISTAGG -> case-when -> NVL
Materialized View,,,DIM_GRP_MEDICAL_DIAGNOSIS_R_MV_SSL,DIM_GRP_MEDICAL_DIAGNOSIS_R_MV_SSL,V_PRI_DIAG_CATEGORY_CODE_R,DIM_DIAGNOSIS_CODE_R,V_DIAG_CATEGORY_CODE_R,LISTAGG -> case-when
Materialized View,,,DIM_GRP_MEDICAL_DIAGNOSIS_R_MV_SSL,DIM_GRP_MEDICAL_DIAGNOSIS_R_MV_SSL,V_PRI_DIAG_CATEGORY_DESC_R,DIM_DIAGNOSIS_CATEGORY_R,V_DIAG_CATEGORY_DESC_R,LISTAGG -> case-when
Materialized View,,,DIM_GRP_MEDICAL_DIAGNOSIS_R_MV_SSL,DIM_GRP_MEDICAL_DIAGNOSIS_R_MV_SSL,add_diag_category_code,DIM_DIAGNOSIS_CODE_R,V_DIAG_CATEGORY_CODE_R,LISTAGG -> case-when
Materialized View,,,DIM_GRP_MEDICAL_DIAGNOSIS_R_MV_SSL,DIM_GRP_MEDICAL_DIAGNOSIS_R_MV_SSL,add_diag_category_desc,DIM_DIAGNOSIS_CATEGORY_R,V_DIAG_CATEGORY_DESC_R,LISTAGG -> case-when
Materialized View,,,DIM_GRP_MEDICAL_DIAGNOSIS_R_MV_SSL,DIM_GRP_MEDICAL_DIAGNOSIS_R_MV_SSL,additional_desc,dim_grp_medical_diagnosis_r,V_DIAG_CODE_DESC_R,LISTAGG -> case-when -> NVL
Materialized View,,,DIM_GRP_MEDICAL_DIAGNOSIS_R_MV_SSL,DIM_GRP_MEDICAL_DIAGNOSIS_R_MV_SSL,additional_desc,dim_grp_medical_diagnosis_r,v_diagnosis_desc_r,LISTAGG -> case-when -> NVL
Materialized View,,,DIM_GRP_MEDICAL_DIAGNOSIS_R_MV_SSL,DIM_GRP_MEDICAL_DIAGNOSIS_R_MV_SSL,additional_diag_code,dim_grp_medical_diagnosis_r,V_DIAGNOSIS_CODE_R,LISTAGG -> case-when
Materialized View,,,DIM_GRP_MEDICAL_DIAGNOSIS_R_MV_SSL,DIM_GRP_MEDICAL_DIAGNOSIS_R_MV_SSL,diagnosis_type_code,dim_grp_medical_diagnosis_r,N_DIAGNOSIS_TYPE_CODE_R,MAX -> case-when
Materialized View,,,DIM_GRP_MEDICAL_DIAGNOSIS_R_MV_SSL,DIM_GRP_MEDICAL_DIAGNOSIS_R_MV_SSL,n_claim_sk_r,dim_grp_medical_diagnosis_r,n_claim_sk_r,Direct
Materialized View,,,DIM_GRP_MEDICAL_DIAGNOSIS_R_MV_SSL,DIM_GRP_MEDICAL_DIAGNOSIS_R_MV_SSL,primary_diag_code,dim_grp_medical_diagnosis_r,V_DIAGNOSIS_CODE_R,LISTAGG -> case-when
Materialized View,,,FCT_BENEFIT_PAYMENT_R_CLAIM_ACHIND_MV_SSL,FCT_BENEFIT_PAYMENT_R_CLAIM_ACHIND_MV_SSL,ACH_INDICATOR,,,Constant / Expression
Materialized View,,,FCT_BENEFIT_PAYMENT_R_CLAIM_ACHIND_MV_SSL,FCT_BENEFIT_PAYMENT_R_CLAIM_ACHIND_MV_SSL,n_claim_sk_r,FCT_BENEFIT_PAYMENT_R,n_claim_sk_r,Direct
Materialized View,,,FCT_CLAIM_NOTE_R_DUR_MV_SSL,FCT_CLAIM_NOTE_R_DUR_MV_SSL,D_CREATED_DATE_R,FCT_GRP_CLAIM_NOTE_R,D_CREATED_DATE_R,MAX
Materialized View,,,FCT_CLAIM_NOTE_R_DUR_MV_SSL,FCT_CLAIM_NOTE_R_DUR_MV_SSL,N_CLAIM_SK_R,FCT_GRP_CLAIM_NOTE_R,N_CLAIM_SK_R,Direct
Materialized View,,,FCT_CLAIM_NOTE_R_DUR_MV_SSL,FCT_CLAIM_NOTE_R_DUR_MV_SSL,V_MED_NOTE_DATA_R,FCT_GRP_CLAIM_NOTE_R,v_note_data_r,TO_CHAR -> SUBSTR
Materialized View,,,FCT_CLAIM_NOTE_R_DUR_MV_SSL,FCT_CLAIM_NOTE_R_DUR_MV_SSL,V_NOTE_CONTENT_R,FCT_GRP_CLAIM_NOTE_R,V_NOTE_CONTENT_R,Direct
Materialized View,,,FCT_CLAIM_NOTE_R_DUR_MV_SSL,FCT_CLAIM_NOTE_R_DUR_MV_SSL,dupremov,,,Constant / Expression
Materialized View,,,FCT_CLAIM_NOTE_R_MGMNT_MV_SSL,FCT_CLAIM_NOTE_R_MGMNT_MV_SSL,D_CREATED_DATE_R,FCT_GRP_CLAIM_NOTE_R,D_CREATED_DATE_R,MAX
Materialized View,,,FCT_CLAIM_NOTE_R_MGMNT_MV_SSL,FCT_CLAIM_NOTE_R_MGMNT_MV_SSL,N_CLAIM_SK_R,FCT_GRP_CLAIM_NOTE_R,N_CLAIM_SK_R,Direct
Materialized View,,,FCT_CLAIM_NOTE_R_MGMNT_MV_SSL,FCT_CLAIM_NOTE_R_MGMNT_MV_SSL,V_MGT_NOTE_DATA_R,FCT_GRP_CLAIM_NOTE_R,v_note_data_r,TO_CHAR -> SUBSTR
Materialized View,,,FCT_CLAIM_NOTE_R_MGMNT_MV_SSL,FCT_CLAIM_NOTE_R_MGMNT_MV_SSL,V_NOTE_CONTENT_R,FCT_GRP_CLAIM_NOTE_R,V_NOTE_CONTENT_R,Direct
Materialized View,,,FCT_CLAIM_NOTE_R_MGMNT_MV_SSL,FCT_CLAIM_NOTE_R_MGMNT_MV_SSL,dupremov,,,Constant / Expression
Materialized View,,,FCT_CLAIM_PAYMENT_DETAIL_R_MV2,FCT_CLAIM_PAYMENT_DETAIL_R_MV2,D_PAID_DATE_R,FCT_CLAIM_PAYMENT_DETAIL_R,D_PAID_DATE_R,MAX
Materialized View,,,FCT_CLAIM_PAYMENT_DETAIL_R_MV2,FCT_CLAIM_PAYMENT_DETAIL_R_MV2,n_claim_sk_r,FCT_CLAIM_PAYMENT_DETAIL_R,n_claim_sk_r,Direct
Materialized View,,,FCT_CLAIM_PAYMENT_DETAIL_R_MV2,FCT_CLAIM_PAYMENT_DETAIL_R_MV2,v_claim_identifier_r,dim_grp_claim_coverage_group_r,v_claim_identifier_r,Direct
Materialized View,,,FCT_CLAIM_PAYMENT_DETAIL_R_MV2,FCT_CLAIM_PAYMENT_DETAIL_R_MV2,v_claim_identifier_r,dim_grp_claim_dir_r,V_CLAIM_NUMBER_R,Direct
Materialized View,,,FCT_CLAIM_PAYMENT_DETAIL_R_MV3,FCT_CLAIM_PAYMENT_DETAIL_R_MV3,d_service_period_from_r,FCT_CLAIM_PAYMENT_DETAIL_R,d_paid_date_r,Direct
Materialized View,,,FCT_CLAIM_PAYMENT_DETAIL_R_MV3,FCT_CLAIM_PAYMENT_DETAIL_R_MV3,n_fiscal_month_r,FCT_CLAIM_PAYMENT_DETAIL_R,n_fiscal_month_r,Direct
Materialized View,,,FCT_CLAIM_PAYMENT_DETAIL_R_MV3,FCT_CLAIM_PAYMENT_DETAIL_R_MV3,n_fiscal_year_r,FCT_CLAIM_PAYMENT_DETAIL_R,n_fiscal_year_r,Direct
Materialized View,,,FCT_CLAIM_PAYMENT_DETAIL_R_MV3,FCT_CLAIM_PAYMENT_DETAIL_R_MV3,n_paid_amount_r,FCT_CLAIM_PAYMENT_DETAIL_R,n_paid_amount_r,SUM
Materialized View,,,FCT_CLAIM_PAYMENT_DETAIL_R_MV3,FCT_CLAIM_PAYMENT_DETAIL_R_MV3,n_paid_claim_benefits_r,FCT_CLAIM_PAYMENT_DETAIL_R,n_paid_claim_benefits_r,SUM
Materialized View,,,FCT_CLAIM_PAYMENT_DETAIL_R_MV3,FCT_CLAIM_PAYMENT_DETAIL_R_MV3,v_benefit_code_r,FCT_CLAIM_PAYMENT_DETAIL_R,v_benefit_code_r,Direct
Materialized View,,,FCT_CLAIM_PAYMENT_DETAIL_R_MV3,FCT_CLAIM_PAYMENT_DETAIL_R_MV3,v_benefit_group_r,FCT_CLAIM_PAYMENT_DETAIL_R,v_benefit_group_r,Direct
Materialized View,,,FCT_CLAIM_PAYMENT_DETAIL_R_MV3,FCT_CLAIM_PAYMENT_DETAIL_R_MV3,v_check_number_r,FCT_CLAIM_PAYMENT_DETAIL_R,v_check_number_r,Direct
Materialized View,,,FCT_CLAIM_PAYMENT_DETAIL_R_MV3,FCT_CLAIM_PAYMENT_DETAIL_R_MV3,v_claim_identifier_r,FCT_CLAIM_PAYMENT_DETAIL_R,v_claim_number_r,case-when -> UPPER -> TRIM
Materialized View,,,FCT_CLAIM_PAYMENT_DETAIL_R_MV3,FCT_CLAIM_PAYMENT_DETAIL_R_MV3,v_claim_identifier_r,FCT_CLAIM_PAYMENT_DETAIL_R,v_cov_group_id_r,case-when -> UPPER -> TRIM -> LPAD
Materialized View,,,FCT_CLAIM_PAYMENT_DETAIL_R_MV3,FCT_CLAIM_PAYMENT_DETAIL_R_MV3,v_claim_number_r,FCT_CLAIM_PAYMENT_DETAIL_R,v_claim_number_r,UPPER -> TRIM
Materialized View,,,FCT_CLAIM_PAYMENT_DETAIL_R_MV3,FCT_CLAIM_PAYMENT_DETAIL_R_MV3,v_payment_status_r,FCT_CLAIM_PAYMENT_DETAIL_R,v_payment_status_r,Direct
Materialized View,,,FCT_CLAIM_PAYMENT_DETAIL_R_MV3,FCT_CLAIM_PAYMENT_DETAIL_R_MV3,v_record_type_r,FCT_CLAIM_PAYMENT_DETAIL_R,v_record_type_r,Direct
Materialized View,,,FCT_CLAIM_PAYMENT_DETAIL_R_MV_SSL,FCT_CLAIM_PAYMENT_DETAIL_R_MV_SSL,D_CHECK_DATE_R,fct_claim_payment_detail_r,D_CHECK_DATE_R,Direct
Materialized View,,,FCT_CLAIM_PAYMENT_DETAIL_R_MV_SSL,FCT_CLAIM_PAYMENT_DETAIL_R_MV_SSL,D_PAID_DATE_R,fct_claim_payment_detail_r,D_PAID_DATE_R,Direct
Materialized View,,,FCT_CLAIM_PAYMENT_DETAIL_R_MV_SSL,FCT_CLAIM_PAYMENT_DETAIL_R_MV_SSL,D_SERVICE_PERIOD_FROM_R,fct_claim_payment_detail_r,D_SERVICE_PERIOD_FROM_R,Direct
Materialized View,,,FCT_CLAIM_PAYMENT_DETAIL_R_MV_SSL,FCT_CLAIM_PAYMENT_DETAIL_R_MV_SSL,D_SERVICE_PERIOD_TO_R,fct_claim_payment_detail_r,D_SERVICE_PERIOD_TO_R,Direct
Materialized View,,,FCT_CLAIM_PAYMENT_DETAIL_R_MV_SSL,FCT_CLAIM_PAYMENT_DETAIL_R_MV_SSL,FIC_MIS_DATE_R,fct_claim_payment_detail_r,FIC_MIS_DATE_R,Direct
Materialized View,,,FCT_CLAIM_PAYMENT_DETAIL_R_MV_SSL,FCT_CLAIM_PAYMENT_DETAIL_R_MV_SSL,N_ADJ_GROSS_BENEFIT_R,fct_claim_payment_detail_r,N_ADJ_GROSS_BENEFIT_R,Direct
Materialized View,,,FCT_CLAIM_PAYMENT_DETAIL_R_MV_SSL,FCT_CLAIM_PAYMENT_DETAIL_R_MV_SSL,N_BATCH_ID_R,fct_claim_payment_detail_r,N_BATCH_ID_R,Direct
Materialized View,,,FCT_CLAIM_PAYMENT_DETAIL_R_MV_SSL,FCT_CLAIM_PAYMENT_DETAIL_R_MV_SSL,N_CLAIM_COVERAGE_GROUP_SK_R,fct_claim_payment_detail_r,N_CLAIM_COVERAGE_GROUP_SK_R,Direct
Materialized View,,,FCT_CLAIM_PAYMENT_DETAIL_R_MV_SSL,FCT_CLAIM_PAYMENT_DETAIL_R_MV_SSL,N_CLAIM_COVERAGE_SK_R,fct_claim_payment_detail_r,N_CLAIM_COVERAGE_SK_R,Direct
Materialized View,,,FCT_CLAIM_PAYMENT_DETAIL_R_MV_SSL,FCT_CLAIM_PAYMENT_DETAIL_R_MV_SSL,N_CLAIM_SK_R,fct_claim_payment_detail_r,N_CLAIM_SK_R,Direct
Materialized View,,,FCT_CLAIM_PAYMENT_DETAIL_R_MV_SSL,FCT_CLAIM_PAYMENT_DETAIL_R_MV_SSL,N_EMPLOYEE_MED_WITHHELD_AMT_R,fct_claim_payment_detail_r,N_EMPLOYEE_MED_WITHHELD_AMT_R,Direct
Materialized View,,,FCT_CLAIM_PAYMENT_DETAIL_R_MV_SSL,FCT_CLAIM_PAYMENT_DETAIL_R_MV_SSL,N_EMPLOYEE_SS_WITHHELD_AMT_R,fct_claim_payment_detail_r,N_EMPLOYEE_SS_WITHHELD_AMT_R,Direct
Materialized View,,,FCT_CLAIM_PAYMENT_DETAIL_R_MV_SSL,FCT_CLAIM_PAYMENT_DETAIL_R_MV_SSL,N_EMPLOYER_MED_WITHHELD_AMT_R,fct_claim_payment_detail_r,N_EMPLOYER_MED_WITHHELD_AMT_R,Direct
Materialized View,,,FCT_CLAIM_PAYMENT_DETAIL_R_MV_SSL,FCT_CLAIM_PAYMENT_DETAIL_R_MV_SSL,N_EMPLOYER_SS_WITHHELD_AMT_R,fct_claim_payment_detail_r,N_EMPLOYER_SS_WITHHELD_AMT_R,Direct
Materialized View,,,FCT_CLAIM_PAYMENT_DETAIL_R_MV_SSL,FCT_CLAIM_PAYMENT_DETAIL_R_MV_SSL,N_FEDERAL_TAX_WITHHELD_AMT_R,fct_claim_payment_detail_r,N_FEDERAL_TAX_WITHHELD_AMT_R,Direct
Materialized View,,,FCT_CLAIM_PAYMENT_DETAIL_R_MV_SSL,FCT_CLAIM_PAYMENT_DETAIL_R_MV_SSL,N_GROSS_AMOUNT_R,fct_claim_payment_detail_r,N_GROSS_AMOUNT_R,Direct
Materialized View,,,FCT_CLAIM_PAYMENT_DETAIL_R_MV_SSL,FCT_CLAIM_PAYMENT_DETAIL_R_MV_SSL,N_GROSS_WAGE_BASE_R,fct_claim_payment_detail_r,N_GROSS_WAGE_BASE_R,Direct
Materialized View,,,FCT_CLAIM_PAYMENT_DETAIL_R_MV_SSL,FCT_CLAIM_PAYMENT_DETAIL_R_MV_SSL,N_GROUP_SEQ_R,fct_claim_payment_detail_r,N_GROUP_SEQ_R,Direct
Materialized View,,,FCT_CLAIM_PAYMENT_DETAIL_R_MV_SSL,FCT_CLAIM_PAYMENT_DETAIL_R_MV_SSL,N_LEGAL_EXPENSE_DIRECT_AMT_R,fct_claim_payment_detail_r,N_LEGAL_EXPENSE_DIRECT_AMT_R,Direct
Materialized View,,,FCT_CLAIM_PAYMENT_DETAIL_R_MV_SSL,FCT_CLAIM_PAYMENT_DETAIL_R_MV_SSL,N_LOAD_RUN_ID_R,fct_claim_payment_detail_r,N_LOAD_RUN_ID_R,Direct
Materialized View,,,FCT_CLAIM_PAYMENT_DETAIL_R_MV_SSL,FCT_CLAIM_PAYMENT_DETAIL_R_MV_SSL,N_MED_WAGE_BASE_R,fct_claim_payment_detail_r,N_MED_WAGE_BASE_R,Direct
Materialized View,,,FCT_CLAIM_PAYMENT_DETAIL_R_MV_SSL,FCT_CLAIM_PAYMENT_DETAIL_R_MV_SSL,N_MODAL_AMOUNT_R,fct_claim_payment_detail_r,N_MODAL_AMOUNT_R,Direct
Materialized View,,,FCT_CLAIM_PAYMENT_DETAIL_R_MV_SSL,FCT_CLAIM_PAYMENT_DETAIL_R_MV_SSL,N_OTHER_EXPENSE_DIRECT_AMT_R,fct_claim_payment_detail_r,N_OTHER_EXPENSE_DIRECT_AMT_R,Direct
Materialized View,,,FCT_CLAIM_PAYMENT_DETAIL_R_MV_SSL,FCT_CLAIM_PAYMENT_DETAIL_R_MV_SSL,N_PAID_AMOUNT_R,fct_claim_payment_detail_r,N_PAID_AMOUNT_R,Direct
Materialized View,,,FCT_CLAIM_PAYMENT_DETAIL_R_MV_SSL,FCT_CLAIM_PAYMENT_DETAIL_R_MV_SSL,N_PAID_CLAIM_BENEFITS_R,fct_claim_payment_detail_r,N_PAID_CLAIM_BENEFITS_R,Direct
Materialized View,,,FCT_CLAIM_PAYMENT_DETAIL_R_MV_SSL,FCT_CLAIM_PAYMENT_DETAIL_R_MV_SSL,N_PARENT_OBJECTNUM_R,fct_claim_payment_detail_r,N_PARENT_OBJECTNUM_R,Direct
Materialized View,,,FCT_CLAIM_PAYMENT_DETAIL_R_MV_SSL,FCT_CLAIM_PAYMENT_DETAIL_R_MV_SSL,N_PAYEE_PARTY_SK_R,fct_claim_payment_detail_r,N_PARTY_SK_R,Direct
Materialized View,,,FCT_CLAIM_PAYMENT_DETAIL_R_MV_SSL,FCT_CLAIM_PAYMENT_DETAIL_R_MV_SSL,N_PAY_AMOUNT_R,fct_claim_payment_detail_r,N_PAY_AMOUNT_R,Direct
Materialized View,,,FCT_CLAIM_PAYMENT_DETAIL_R_MV_SSL,FCT_CLAIM_PAYMENT_DETAIL_R_MV_SSL,N_PRIMARY_PAYEE_R,fct_claim_payment_detail_r,N_PRIMARY_PAYEE_R,Direct
Materialized View,,,FCT_CLAIM_PAYMENT_DETAIL_R_MV_SSL,FCT_CLAIM_PAYMENT_DETAIL_R_MV_SSL,N_PRIMARY_REINSURER_REINSURANCE_PCT_R,fct_claim_payment_detail_r,N_PRIMARY_REINSURER_REINSURANCE_PCT_R,Direct
Materialized View,,,FCT_CLAIM_PAYMENT_DETAIL_R_MV_SSL,FCT_CLAIM_PAYMENT_DETAIL_R_MV_SSL,N_PRIMARY_REINSURER_REINS_SHARE_PCT_R,fct_claim_payment_detail_r,N_PRIMARY_REINSURER_REINS_SHARE_PCT_R,Direct
Materialized View,,,FCT_CLAIM_PAYMENT_DETAIL_R_MV_SSL,FCT_CLAIM_PAYMENT_DETAIL_R_MV_SSL,N_SECONDARY_REINSURER_REINSURANCE_PCT_R,fct_claim_payment_detail_r,N_SECONDARY_REINSURER_REINSURANCE_PCT_R,Direct
Materialized View,,,FCT_CLAIM_PAYMENT_DETAIL_R_MV_SSL,FCT_CLAIM_PAYMENT_DETAIL_R_MV_SSL,N_SECONDARY_REINSURER_REINS_SHARE_PCT_R,fct_claim_payment_detail_r,N_SECONDARY_REINSURER_REINS_SHARE_PCT_R,Direct
Materialized View,,,FCT_CLAIM_PAYMENT_DETAIL_R_MV_SSL,FCT_CLAIM_PAYMENT_DETAIL_R_MV_SSL,N_SEQUENCE_NUMBER_R,fct_claim_payment_detail_r,N_SEQUENCE_NUMBER_R,Direct
Materialized View,,,FCT_CLAIM_PAYMENT_DETAIL_R_MV_SSL,FCT_CLAIM_PAYMENT_DETAIL_R_MV_SSL,N_SEQ_R,fct_claim_payment_detail_r,N_SEQ_R,Direct
Materialized View,,,FCT_CLAIM_PAYMENT_DETAIL_R_MV_SSL,FCT_CLAIM_PAYMENT_DETAIL_R_MV_SSL,N_SOURCE_SYSTEM_KEY_R,fct_claim_payment_detail_r,N_SOURCE_SYSTEM_KEY_R,Direct
Materialized View,,,FCT_CLAIM_PAYMENT_DETAIL_R_MV_SSL,FCT_CLAIM_PAYMENT_DETAIL_R_MV_SSL,N_SOURCE_VERSION_SEQ_NUMBER_R,fct_claim_payment_detail_r,N_SOURCE_VERSION_SEQ_NUMBER_R,Direct
Materialized View,,,FCT_CLAIM_PAYMENT_DETAIL_R_MV_SSL,FCT_CLAIM_PAYMENT_DETAIL_R_MV_SSL,N_SS_WAGE_BASE_R,fct_claim_payment_detail_r,N_SS_WAGE_BASE_R,Direct
Materialized View,,,FCT_CLAIM_PAYMENT_DETAIL_R_MV_SSL,FCT_CLAIM_PAYMENT_DETAIL_R_MV_SSL,N_STATE_TAX_WITHHELD_AMT_R,fct_claim_payment_detail_r,N_STATE_TAX_WITHHELD_AMT_R,Direct
Materialized View,,,FCT_CLAIM_PAYMENT_DETAIL_R_MV_SSL,FCT_CLAIM_PAYMENT_DETAIL_R_MV_SSL,N_TAXABLE_BENEFIT_AMT_R,fct_claim_payment_detail_r,N_TAXABLE_BENEFIT_AMT_R,Direct
Materialized View,,,FCT_CLAIM_PAYMENT_DETAIL_R_MV_SSL,FCT_CLAIM_PAYMENT_DETAIL_R_MV_SSL,N_TAXABLE_PERCENT_R,fct_claim_payment_detail_r,N_TAXABLE_PERCENT_R,Direct
Materialized View,,,FCT_CLAIM_PAYMENT_DETAIL_R_MV_SSL,FCT_CLAIM_PAYMENT_DETAIL_R_MV_SSL,N_TERNARY_REINSURER_REINSURANCE_PCT_R,fct_claim_payment_detail_r,N_TERNARY_REINSURER_REINSURANCE_PCT_R,Direct
Materialized View,,,FCT_CLAIM_PAYMENT_DETAIL_R_MV_SSL,FCT_CLAIM_PAYMENT_DETAIL_R_MV_SSL,N_TERNARY_REINSURER_REINS_SHARE_PCT_R,fct_claim_payment_detail_r,N_TERNARY_REINSURER_REINS_SHARE_PCT_R,Direct
Materialized View,,,FCT_CLAIM_PAYMENT_DETAIL_R_MV_SSL,FCT_CLAIM_PAYMENT_DETAIL_R_MV_SSL,N_TOTAL_REINSURANCE_PCT_R,fct_claim_payment_detail_r,N_TOTAL_REINSURANCE_PCT_R,Direct
Materialized View,,,FCT_CLAIM_PAYMENT_DETAIL_R_MV_SSL,FCT_CLAIM_PAYMENT_DETAIL_R_MV_SSL,N_WORKSHEET_OBJECT_NUM_R,fct_claim_payment_detail_r,N_WORKSHEET_OBJECT_NUM_R,Direct
Materialized View,,,FCT_CLAIM_PAYMENT_DETAIL_R_MV_SSL,FCT_CLAIM_PAYMENT_DETAIL_R_MV_SSL,T_CREATION_DATE_R,fct_claim_payment_detail_r,T_CREATION_DATE_R,Direct
Materialized View,,,FCT_CLAIM_PAYMENT_DETAIL_R_MV_SSL,FCT_CLAIM_PAYMENT_DETAIL_R_MV_SSL,T_EVENT_TIMESTAMP_R,fct_claim_payment_detail_r,T_EVENT_TIMESTAMP_R,Direct
Materialized View,,,FCT_CLAIM_PAYMENT_DETAIL_R_MV_SSL,FCT_CLAIM_PAYMENT_DETAIL_R_MV_SSL,T_LAST_MODIFIED_DATE_R,fct_claim_payment_detail_r,T_LAST_MODIFIED_DATE_R,Direct
Materialized View,,,FCT_CLAIM_PAYMENT_DETAIL_R_MV_SSL,FCT_CLAIM_PAYMENT_DETAIL_R_MV_SSL,V_AMOUNT_TYPE_CATEGORY_DESC_R,fct_claim_payment_detail_r,V_AMOUNT_TYPE_CATEGORY_DESC_R,Direct
Materialized View,,,FCT_CLAIM_PAYMENT_DETAIL_R_MV_SSL,FCT_CLAIM_PAYMENT_DETAIL_R_MV_SSL,V_AMOUNT_TYPE_CATEGORY_R,fct_claim_payment_detail_r,V_AMOUNT_TYPE_CATEGORY_R,Direct
Materialized View,,,FCT_CLAIM_PAYMENT_DETAIL_R_MV_SSL,FCT_CLAIM_PAYMENT_DETAIL_R_MV_SSL,V_AMOUNT_TYPE_CODE_R,fct_claim_payment_detail_r,V_AMOUNT_TYPE_CODE_R,Direct
Materialized View,,,FCT_CLAIM_PAYMENT_DETAIL_R_MV_SSL,FCT_CLAIM_PAYMENT_DETAIL_R_MV_SSL,V_AMOUNT_TYPE_NAME_R,fct_claim_payment_detail_r,V_AMOUNT_TYPE_NAME_R,Direct
Materialized View,,,FCT_CLAIM_PAYMENT_DETAIL_R_MV_SSL,FCT_CLAIM_PAYMENT_DETAIL_R_MV_SSL,V_AMOUNT_TYPE_SUB_CATEGORY_R,fct_claim_payment_detail_r,V_AMOUNT_TYPE_SUB_CATEGORY_R,Direct
Materialized View,,,FCT_CLAIM_PAYMENT_DETAIL_R_MV_SSL,FCT_CLAIM_PAYMENT_DETAIL_R_MV_SSL,V_AMOUNT_TYPE_SUB_CODE_R,fct_claim_payment_detail_r,V_AMOUNT_TYPE_SUB_CODE_R,Direct
Materialized View,,,FCT_CLAIM_PAYMENT_DETAIL_R_MV_SSL,FCT_CLAIM_PAYMENT_DETAIL_R_MV_SSL,V_AMOUNT_TYPE_SUB_NAME_R,fct_claim_payment_detail_r,V_AMOUNT_TYPE_SUB_NAME_R,Direct
Materialized View,,,FCT_CLAIM_PAYMENT_DETAIL_R_MV_SSL,FCT_CLAIM_PAYMENT_DETAIL_R_MV_SSL,V_AMT_TYPE_SUB_CATEGORY_DESC_R,fct_claim_payment_detail_r,V_AMT_TYPE_SUB_CATEGORY_DESC_R,Direct
Materialized View,,,FCT_CLAIM_PAYMENT_DETAIL_R_MV_SSL,FCT_CLAIM_PAYMENT_DETAIL_R_MV_SSL,V_BENEFIT_CATEGORY_R,fct_claim_payment_detail_r,V_BENEFIT_CATEGORY_R,Direct
Materialized View,,,FCT_CLAIM_PAYMENT_DETAIL_R_MV_SSL,FCT_CLAIM_PAYMENT_DETAIL_R_MV_SSL,V_BENEFIT_CODE_R,fct_claim_payment_detail_r,V_BENEFIT_CODE_R,Direct
Materialized View,,,FCT_CLAIM_PAYMENT_DETAIL_R_MV_SSL,FCT_CLAIM_PAYMENT_DETAIL_R_MV_SSL,V_BENEFIT_DESCRIPTION_R,fct_claim_payment_detail_r,V_BENEFIT_DESCRIPTION_R,Direct
Materialized View,,,FCT_CLAIM_PAYMENT_DETAIL_R_MV_SSL,FCT_CLAIM_PAYMENT_DETAIL_R_MV_SSL,V_BENEFIT_GROUP_R,fct_claim_payment_detail_r,V_BENEFIT_GROUP_R,Direct
Materialized View,,,FCT_CLAIM_PAYMENT_DETAIL_R_MV_SSL,FCT_CLAIM_PAYMENT_DETAIL_R_MV_SSL,V_CHECK_NUMBER_R,fct_claim_payment_detail_r,V_CHECK_NUMBER_R,Direct
Materialized View,,,FCT_CLAIM_PAYMENT_DETAIL_R_MV_SSL,FCT_CLAIM_PAYMENT_DETAIL_R_MV_SSL,V_CHECK_TYPE_R,fct_claim_payment_detail_r,V_CHECK_TYPE_R,Direct
Materialized View,,,FCT_CLAIM_PAYMENT_DETAIL_R_MV_SSL,FCT_CLAIM_PAYMENT_DETAIL_R_MV_SSL,V_CLAIM_NUMBER_R,fct_claim_payment_detail_r,V_CLAIM_NUMBER_R,Direct
Materialized View,,,FCT_CLAIM_PAYMENT_DETAIL_R_MV_SSL,FCT_CLAIM_PAYMENT_DETAIL_R_MV_SSL,V_COVERAGE_CODE_R,fct_claim_payment_detail_r,V_COVERAGE_CODE_R,Direct
Materialized View,,,FCT_CLAIM_PAYMENT_DETAIL_R_MV_SSL,FCT_CLAIM_PAYMENT_DETAIL_R_MV_SSL,V_COV_GROUP_ID_R,fct_claim_payment_detail_r,V_COV_GROUP_ID_R,Direct
Materialized View,,,FCT_CLAIM_PAYMENT_DETAIL_R_MV_SSL,FCT_CLAIM_PAYMENT_DETAIL_R_MV_SSL,V_CREATED_BY_R,fct_claim_payment_detail_r,V_CREATED_BY_R,Direct
Materialized View,,,FCT_CLAIM_PAYMENT_DETAIL_R_MV_SSL,FCT_CLAIM_PAYMENT_DETAIL_R_MV_SSL,V_GROSS_BENEFIT_CODE_R,fct_claim_payment_detail_r,V_GROSS_BENEFIT_CODE_R,Direct
Materialized View,,,FCT_CLAIM_PAYMENT_DETAIL_R_MV_SSL,FCT_CLAIM_PAYMENT_DETAIL_R_MV_SSL,V_HASH_KEY_R,fct_claim_payment_detail_r,V_HASH_KEY_R,Direct
Materialized View,,,FCT_CLAIM_PAYMENT_DETAIL_R_MV_SSL,FCT_CLAIM_PAYMENT_DETAIL_R_MV_SSL,V_LAST_MODIFIED_BY_R,fct_claim_payment_detail_r,V_LAST_MODIFIED_BY_R,Direct
Materialized View,,,FCT_CLAIM_PAYMENT_DETAIL_R_MV_SSL,FCT_CLAIM_PAYMENT_DETAIL_R_MV_SSL,V_LOB_TYPE_R,fct_claim_payment_detail_r,V_LOB_TYPE_R,Direct
Materialized View,,,FCT_CLAIM_PAYMENT_DETAIL_R_MV_SSL,FCT_CLAIM_PAYMENT_DETAIL_R_MV_SSL,V_PAYEE_FIRST_NAME_R,fct_claim_payment_detail_r,V_PAYEE_FIRST_NAME_R,Direct
Materialized View,,,FCT_CLAIM_PAYMENT_DETAIL_R_MV_SSL,FCT_CLAIM_PAYMENT_DETAIL_R_MV_SSL,V_PAYEE_LAST_NAME_R,fct_claim_payment_detail_r,V_PAYEE_LAST_NAME_R,Direct
Materialized View,,,FCT_CLAIM_PAYMENT_DETAIL_R_MV_SSL,FCT_CLAIM_PAYMENT_DETAIL_R_MV_SSL,V_PAYEE_MIDDLE_NAME_R,fct_claim_payment_detail_r,V_PAYEE_MIDDLE_NAME_R,Direct
Materialized View,,,FCT_CLAIM_PAYMENT_DETAIL_R_MV_SSL,FCT_CLAIM_PAYMENT_DETAIL_R_MV_SSL,V_PAYEE_TYPE_R,fct_claim_payment_detail_r,V_PAYEE_TYPE_R,Direct
Materialized View,,,FCT_CLAIM_PAYMENT_DETAIL_R_MV_SSL,FCT_CLAIM_PAYMENT_DETAIL_R_MV_SSL,V_PAYMENT_RECORD_TYPE_R,fct_claim_payment_detail_r,V_PAYMENT_RECORD_TYPE_R,Direct
Materialized View,,,FCT_CLAIM_PAYMENT_DETAIL_R_MV_SSL,FCT_CLAIM_PAYMENT_DETAIL_R_MV_SSL,V_PAYMENT_STATUS_R,fct_claim_payment_detail_r,V_PAYMENT_STATUS_R,Direct
Materialized View,,,FCT_CLAIM_PAYMENT_DETAIL_R_MV_SSL,FCT_CLAIM_PAYMENT_DETAIL_R_MV_SSL,V_PAYMENT_TYPE_R,fct_claim_payment_detail_r,V_PAYMENT_TYPE_R,Direct
Materialized View,,,FCT_CLAIM_PAYMENT_DETAIL_R_MV_SSL,FCT_CLAIM_PAYMENT_DETAIL_R_MV_SSL,V_PAY_METHOD_R,fct_claim_payment_detail_r,V_PAY_METHOD_R,Direct
Materialized View,,,FCT_CLAIM_PAYMENT_DETAIL_R_MV_SSL,FCT_CLAIM_PAYMENT_DETAIL_R_MV_SSL,V_PRIMARY_REINSURER_R,fct_claim_payment_detail_r,V_PRIMARY_REINSURER_R,Direct
Materialized View,,,FCT_CLAIM_PAYMENT_DETAIL_R_MV_SSL,FCT_CLAIM_PAYMENT_DETAIL_R_MV_SSL,V_PRIVACY_INDICATOR_R,fct_claim_payment_detail_r,V_PRIVACY_INDICATOR_R,Direct
Materialized View,,,FCT_CLAIM_PAYMENT_DETAIL_R_MV_SSL,FCT_CLAIM_PAYMENT_DETAIL_R_MV_SSL,V_RECORD_TYPE_R,fct_claim_payment_detail_r,V_RECORD_TYPE_R,Direct
Materialized View,,,FCT_CLAIM_PAYMENT_DETAIL_R_MV_SSL,FCT_CLAIM_PAYMENT_DETAIL_R_MV_SSL,V_SECONDARY_REINSURER_R,fct_claim_payment_detail_r,V_SECONDARY_REINSURER_R,Direct
Materialized View,,,FCT_CLAIM_PAYMENT_DETAIL_R_MV_SSL,FCT_CLAIM_PAYMENT_DETAIL_R_MV_SSL,V_SOURCE_SYSTEM_NAME_R,fct_claim_payment_detail_r,V_SOURCE_SYSTEM_NAME_R,Direct
Materialized View,,,FCT_CLAIM_PAYMENT_DETAIL_R_MV_SSL,FCT_CLAIM_PAYMENT_DETAIL_R_MV_SSL,V_TAX_STATE_R,fct_claim_payment_detail_r,V_TAX_STATE_R,Direct
Materialized View,,,FCT_CLAIM_PAYMENT_DETAIL_R_MV_SSL,FCT_CLAIM_PAYMENT_DETAIL_R_MV_SSL,V_TERNARY_REINSURER_R,fct_claim_payment_detail_r,V_TERNARY_REINSURER_R,Direct
Materialized View,,,FCT_CLAIM_PAYMENT_DETAIL_R_PMNT_MV_SSL,FCT_CLAIM_PAYMENT_DETAIL_R_PMNT_MV_SSL,EARLIEST_SERVICE_PERIOD_FROM_DATE,fct_claim_payment_detail_r_MV_SSL,D_SERVICE_PERIOD_FROM_R,MIN
Materialized View,,,FCT_CLAIM_PAYMENT_DETAIL_R_PMNT_MV_SSL,FCT_CLAIM_PAYMENT_DETAIL_R_PMNT_MV_SSL,EARLIEST_SERVICE_PERIOD_TO_DATE,fct_claim_payment_detail_r_MV_SSL,D_SERVICE_PERIOD_TO_R,MIN
Materialized View,,,FCT_CLAIM_PAYMENT_DETAIL_R_PMNT_MV_SSL,FCT_CLAIM_PAYMENT_DETAIL_R_PMNT_MV_SSL,MOST_RECENT_SERVICE_PERIOD_FROM_DATE,fct_claim_payment_detail_r_MV_SSL,D_SERVICE_PERIOD_FROM_R,MAX
Materialized View,,,FCT_CLAIM_PAYMENT_DETAIL_R_PMNT_MV_SSL,FCT_CLAIM_PAYMENT_DETAIL_R_PMNT_MV_SSL,MOST_RECENT_SERVICE_PERIOD_TO_DATE,fct_claim_payment_detail_r_MV_SSL,D_SERVICE_PERIOD_TO_R,MAX
Materialized View,,,FCT_CLAIM_PAYMENT_DETAIL_R_PMNT_MV_SSL,FCT_CLAIM_PAYMENT_DETAIL_R_PMNT_MV_SSL,N_CLAIM_COVERAGE_GROUP_SK_R,fct_claim_payment_detail_r_MV_SSL,N_CLAIM_COVERAGE_GROUP_SK_R,Direct
Materialized View,,,FCT_CLAIM_PAYMENT_DETAIL_R_PMNT_MV_SSL,FCT_CLAIM_PAYMENT_DETAIL_R_PMNT_MV_SSL,V_COV_GROUP_ID_R,fct_claim_payment_detail_r_MV_SSL,V_COV_GROUP_ID_R,Direct
Materialized View,,,FCT_CLAIM_PAYMENT_DETAIL_R_PMNT_MV_SSL,FCT_CLAIM_PAYMENT_DETAIL_R_PMNT_MV_SSL,earliest_payment_date,fct_claim_payment_detail_r_MV_SSL,d_paid_date_r,MIN
Materialized View,,,FCT_CLAIM_PAYMENT_DETAIL_R_PMNT_MV_SSL,FCT_CLAIM_PAYMENT_DETAIL_R_PMNT_MV_SSL,last_payment_date,fct_claim_payment_detail_r_MV_SSL,d_paid_date_r,MAX -> case-when
Materialized View,,,FCT_CLAIM_PAYMENT_DETAIL_R_PMNT_MV_SSL,FCT_CLAIM_PAYMENT_DETAIL_R_PMNT_MV_SSL,v_claim_number_r,fct_claim_payment_detail_r_MV_SSL,v_claim_number_r,Direct
Materialized View,,,FCT_GRP_CLAIM_NOTE_R_DRQ_MV_SSL_INC,FCT_GRP_CLAIM_NOTE_R_DRQ_MV_SSL_INC,D_CREATED_DATE_R,fct_grp_claim_note_r,D_CREATED_DATE_R,Direct
Materialized View,,,FCT_GRP_CLAIM_NOTE_R_DRQ_MV_SSL_INC,FCT_GRP_CLAIM_NOTE_R_DRQ_MV_SSL_INC,N_BATCH_ID_R,fct_grp_claim_note_r,N_BATCH_ID_R,Direct
Materialized View,,,FCT_GRP_CLAIM_NOTE_R_DRQ_MV_SSL_INC,FCT_GRP_CLAIM_NOTE_R_DRQ_MV_SSL_INC,N_CLAIM_SK_R,fct_grp_claim_note_r,n_claim_sk_r,Direct
Materialized View,,,FCT_GRP_CLAIM_NOTE_R_DRQ_MV_SSL_INC,FCT_GRP_CLAIM_NOTE_R_DRQ_MV_SSL_INC,N_CLAIM_SUBSEQUENCE_NUMBER_R,fct_grp_claim_note_r,N_CLAIM_SUBSEQUENCE_NUMBER_R,Direct
Materialized View,,,FCT_GRP_CLAIM_NOTE_R_DRQ_MV_SSL_INC,FCT_GRP_CLAIM_NOTE_R_DRQ_MV_SSL_INC,N_CUST_PARTY_SK_R,dim_grp_claim_policy_detail_emp_mv_ssl,N_CUST_PARTY_SK_R,Direct
Materialized View,,,FCT_GRP_CLAIM_NOTE_R_DRQ_MV_SSL_INC,FCT_GRP_CLAIM_NOTE_R_DRQ_MV_SSL_INC,N_SEQ_R,fct_grp_claim_note_r,N_SEQ_R,NVL
Materialized View,,,FCT_GRP_CLAIM_NOTE_R_DRQ_MV_SSL_INC,FCT_GRP_CLAIM_NOTE_R_DRQ_MV_SSL_INC,V_RPT_ACTIVE_STATUS_R,dim_grp_claim_policy_detail_emp_mv_ssl,V_RPT_ACTIVE_STATUS_R,Direct
Materialized View,,,FCT_GRP_CLAIM_NOTE_R_DRQ_MV_SSL_INC,FCT_GRP_CLAIM_NOTE_R_DRQ_MV_SSL_INC,n_employee_sk_r,dim_grp_claim_policy_detail_emp_mv_ssl,n_employee_sk_r,Direct
Materialized View,,,FCT_GRP_CLAIM_NOTE_R_DRQ_MV_SSL_INC,FCT_GRP_CLAIM_NOTE_R_DRQ_MV_SSL_INC,n_insrd_party_sk_r,dim_grp_claim_policy_detail_emp_mv_ssl,n_insrd_party_sk_r,Direct
Materialized View,,,FCT_GRP_CLAIM_NOTE_R_DRQ_MV_SSL_INC,FCT_GRP_CLAIM_NOTE_R_DRQ_MV_SSL_INC,n_policy_sk_r,dim_grp_claim_policy_detail_emp_mv_ssl,n_policy_sk_r,Direct
Materialized View,,,FCT_GRP_CLAIM_NOTE_R_DRQ_MV_SSL_INC,FCT_GRP_CLAIM_NOTE_R_DRQ_MV_SSL_INC,t_last_modified_date_r,fct_grp_claim_note_r,t_last_modified_date_r,Direct
Materialized View,,,FCT_GRP_CLAIM_NOTE_R_DRQ_MV_SSL_INC,FCT_GRP_CLAIM_NOTE_R_DRQ_MV_SSL_INC,v_note_created_by_r,DIM_GRP_SYSUSESO_R,v_description_r,Direct
Materialized View,,,FCT_GRP_CLAIM_NOTE_R_MV_SSL,FCT_GRP_CLAIM_NOTE_R_MV_SSL,n_claim_sk_r,fct_grp_claim_note_r,n_claim_sk_r,Direct
Materialized View,,,FCT_GRP_CLAIM_NOTE_R_MV_SSL,FCT_GRP_CLAIM_NOTE_R_MV_SSL,note_date,fct_grp_claim_note_r,D_CREATED_DATE_R,MAX
Materialized View,,,FCT_GRP_CLAIM_NOTE_R_MV_SSL,FCT_GRP_CLAIM_NOTE_R_MV_SSL,note_date,fct_grp_claim_note_r,N_CREATED_ITIME_R,MAX
Materialized View,,,FCT_GRP_POLICY_R_MV_SSL,FCT_GRP_POLICY_R_MV_SSL,n_cust_party_sk_r,fct_grp_policy_r,n_cust_party_sk_r,MAX
Materialized View,,,FCT_GRP_POLICY_R_MV_SSL,FCT_GRP_POLICY_R_MV_SSL,n_policy_sk_r,fct_grp_policy_r,n_policy_sk_r,Direct
Materialized View,,,FCT_GRP_POLICY_R_MV_SSL,FCT_GRP_POLICY_R_MV_SSL,n_version_number_r,fct_grp_policy_r,n_version_number_r,Direct
Materialized View,,,FCT_GRP_WORKSHEET_MV_SSL,FCT_GRP_WORKSHEET_MV_SSL,D_BENEFIT_START_R,fct_grp_worksheet,D_BENEFIT_START_R,Direct
Materialized View,,,FCT_GRP_WORKSHEET_MV_SSL,FCT_GRP_WORKSHEET_MV_SSL,D_DELETE_DATE_R,fct_grp_worksheet,D_DELETE_DATE_R,Direct
Materialized View,,,FCT_GRP_WORKSHEET_MV_SSL,FCT_GRP_WORKSHEET_MV_SSL,D_END_DATE_R,fct_grp_worksheet,D_END_DATE_R,Direct
Materialized View,,,FCT_GRP_WORKSHEET_MV_SSL,FCT_GRP_WORKSHEET_MV_SSL,D_INTEREST_END_DATE_R,fct_grp_worksheet,D_INTEREST_END_DATE_R,Direct
Materialized View,,,FCT_GRP_WORKSHEET_MV_SSL,FCT_GRP_WORKSHEET_MV_SSL,D_INTEREST_START_DATE_R,fct_grp_worksheet,D_INTEREST_START_DATE_R,Direct
Materialized View,,,FCT_GRP_WORKSHEET_MV_SSL,FCT_GRP_WORKSHEET_MV_SSL,D_INT_ACCRUAL_START_DATE_R,fct_grp_worksheet,D_INT_ACCRUAL_START_DATE_R,Direct
Materialized View,,,FCT_GRP_WORKSHEET_MV_SSL,FCT_GRP_WORKSHEET_MV_SSL,D_INT_ACCRUAL_TRIG_DATE_R,fct_grp_worksheet,D_INT_ACCRUAL_TRIG_DATE_R,Direct
Materialized View,,,FCT_GRP_WORKSHEET_MV_SSL,FCT_GRP_WORKSHEET_MV_SSL,D_ORIG_END_DATE_R,fct_grp_worksheet,D_ORIG_END_DATE_R,Direct
Materialized View,,,FCT_GRP_WORKSHEET_MV_SSL,FCT_GRP_WORKSHEET_MV_SSL,D_PRESENT_VALUE_DATE_R,fct_grp_worksheet,D_PRESENT_VALUE_DATE_R,Direct
Materialized View,,,FCT_GRP_WORKSHEET_MV_SSL,FCT_GRP_WORKSHEET_MV_SSL,D_RECORD_START_DATE_R,fct_grp_worksheet,D_RECORD_START_DATE_R,Direct
Materialized View,,,FCT_GRP_WORKSHEET_MV_SSL,FCT_GRP_WORKSHEET_MV_SSL,D_RSL_INTEREST_DATE_R,fct_grp_worksheet,D_RSL_INTEREST_DATE_R,Direct
Materialized View,,,FCT_GRP_WORKSHEET_MV_SSL,FCT_GRP_WORKSHEET_MV_SSL,D_START_DATE_R,fct_grp_worksheet,D_START_DATE_R,Direct
Materialized View,,,FCT_GRP_WORKSHEET_MV_SSL,FCT_GRP_WORKSHEET_MV_SSL,D_WORKSHEET_END_DATE_R,fct_grp_worksheet,D_WORKSHEET_END_DATE_R,Direct
Materialized View,,,FCT_GRP_WORKSHEET_MV_SSL,FCT_GRP_WORKSHEET_MV_SSL,D_WORKSHEET_START_DATE_R,fct_grp_worksheet,D_WORKSHEET_START_DATE_R,Direct
Materialized View,,,FCT_GRP_WORKSHEET_MV_SSL,FCT_GRP_WORKSHEET_MV_SSL,FIC_MIS_DATE_R,fct_grp_worksheet,FIC_MIS_DATE_R,Direct
Materialized View,,,FCT_GRP_WORKSHEET_MV_SSL,FCT_GRP_WORKSHEET_MV_SSL,F_PHYSICAL_DELETE_R,fct_grp_worksheet,F_PHYSICAL_DELETE_R,Direct
Materialized View,,,FCT_GRP_WORKSHEET_MV_SSL,FCT_GRP_WORKSHEET_MV_SSL,N_BATCH_ID_R,fct_grp_worksheet,N_BATCH_ID_R,Direct
Materialized View,,,FCT_GRP_WORKSHEET_MV_SSL,FCT_GRP_WORKSHEET_MV_SSL,N_BENEFIT_AMOUNT_R,fct_grp_worksheet,N_BENEFIT_AMOUNT_R,Direct
Materialized View,,,FCT_GRP_WORKSHEET_MV_SSL,FCT_GRP_WORKSHEET_MV_SSL,N_BENEFIT_PERCENT_R,fct_grp_worksheet,N_BENEFIT_PERCENT_R,Direct
Materialized View,,,FCT_GRP_WORKSHEET_MV_SSL,FCT_GRP_WORKSHEET_MV_SSL,N_CLAIM_COVERAGE_GROUP_SK_R,fct_grp_worksheet,N_CLAIM_COVERAGE_GROUP_SK_R,Direct
Materialized View,,,FCT_GRP_WORKSHEET_MV_SSL,FCT_GRP_WORKSHEET_MV_SSL,N_CLAIM_COVERAGE_SK_R,fct_grp_worksheet,N_CLAIM_COVERAGE_SK_R,Direct
Materialized View,,,FCT_GRP_WORKSHEET_MV_SSL,FCT_GRP_WORKSHEET_MV_SSL,N_CLAIM_SK_R,fct_grp_worksheet,N_CLAIM_SK_R,Direct
Materialized View,,,FCT_GRP_WORKSHEET_MV_SSL,FCT_GRP_WORKSHEET_MV_SSL,N_COLA_ACCUM_VALUE_R,fct_grp_worksheet,N_COLA_ACCUM_VALUE_R,Direct
Materialized View,,,FCT_GRP_WORKSHEET_MV_SSL,FCT_GRP_WORKSHEET_MV_SSL,N_COLA_BENEFIT_R,fct_grp_worksheet,N_COLA_BENEFIT_R,Direct
Materialized View,,,FCT_GRP_WORKSHEET_MV_SSL,FCT_GRP_WORKSHEET_MV_SSL,N_COLA_CPI_VALUE_R,fct_grp_worksheet,N_COLA_CPI_VALUE_R,Direct
Materialized View,,,FCT_GRP_WORKSHEET_MV_SSL,FCT_GRP_WORKSHEET_MV_SSL,N_COMMUTED_VALUE_R,fct_grp_worksheet,N_COMMUTED_VALUE_R,Direct
Materialized View,,,FCT_GRP_WORKSHEET_MV_SSL,FCT_GRP_WORKSHEET_MV_SSL,N_DISBURSED_POST_TEFRA_INT_R,fct_grp_worksheet,N_DISBURSED_POST_TEFRA_INT_R,Direct
Materialized View,,,FCT_GRP_WORKSHEET_MV_SSL,FCT_GRP_WORKSHEET_MV_SSL,N_DISBURSED_POST_TEFRA_PRIN_R,fct_grp_worksheet,N_DISBURSED_POST_TEFRA_PRIN_R,Direct
Materialized View,,,FCT_GRP_WORKSHEET_MV_SSL,FCT_GRP_WORKSHEET_MV_SSL,N_DISBURSED_PRE_TEFRA_INT_R,fct_grp_worksheet,N_DISBURSED_PRE_TEFRA_INT_R,Direct
Materialized View,,,FCT_GRP_WORKSHEET_MV_SSL,FCT_GRP_WORKSHEET_MV_SSL,N_DISBURSED_PRE_TEFRA_PRIN_R,fct_grp_worksheet,N_DISBURSED_PRE_TEFRA_PRIN_R,Direct
Materialized View,,,FCT_GRP_WORKSHEET_MV_SSL,FCT_GRP_WORKSHEET_MV_SSL,N_EMPLOYER_PERCENT_R,fct_grp_worksheet,N_EMPLOYER_PERCENT_R,Direct
Materialized View,,,FCT_GRP_WORKSHEET_MV_SSL,FCT_GRP_WORKSHEET_MV_SSL,N_EXCLUSION_RATIO_R,fct_grp_worksheet,N_EXCLUSION_RATIO_R,Direct
Materialized View,,,FCT_GRP_WORKSHEET_MV_SSL,FCT_GRP_WORKSHEET_MV_SSL,N_FICA_CONTINUANCE_R,fct_grp_worksheet,N_FICA_CONTINUANCE_R,Direct
Materialized View,,,FCT_GRP_WORKSHEET_MV_SSL,FCT_GRP_WORKSHEET_MV_SSL,N_FICA_IGNORE_R,fct_grp_worksheet,N_FICA_IGNORE_R,Direct
Materialized View,,,FCT_GRP_WORKSHEET_MV_SSL,FCT_GRP_WORKSHEET_MV_SSL,N_FLAT_BENEFIT_SELECTION_R,fct_grp_worksheet,N_FLAT_BENEFIT_SELECTION_R,Direct
Materialized View,,,FCT_GRP_WORKSHEET_MV_SSL,FCT_GRP_WORKSHEET_MV_SSL,N_GROSS_BENEFIT_OVERRIDE_R,fct_grp_worksheet,N_GROSS_BENEFIT_OVERRIDE_R,Direct
Materialized View,,,FCT_GRP_WORKSHEET_MV_SSL,FCT_GRP_WORKSHEET_MV_SSL,N_GROSS_BENEFIT_R,fct_grp_worksheet,N_GROSS_BENEFIT_R,Direct
Materialized View,,,FCT_GRP_WORKSHEET_MV_SSL,FCT_GRP_WORKSHEET_MV_SSL,N_GROSS_BENEFIT_SELECTION_R,fct_grp_worksheet,N_GROSS_BENEFIT_SELECTION_R,Direct
Materialized View,,,FCT_GRP_WORKSHEET_MV_SSL,FCT_GRP_WORKSHEET_MV_SSL,N_GROSS_BILL_AMOUNT_R,fct_grp_worksheet,N_GROSS_BILL_AMOUNT_R,Direct
Materialized View,,,FCT_GRP_WORKSHEET_MV_SSL,FCT_GRP_WORKSHEET_MV_SSL,N_GR_BEN_BEF_OVERRIDE_R,fct_grp_worksheet,N_GR_BEN_BEF_OVERRIDE_R,Direct
Materialized View,,,FCT_GRP_WORKSHEET_MV_SSL,FCT_GRP_WORKSHEET_MV_SSL,N_INCL_PRIOR_TAX_YEAR_R,fct_grp_worksheet,N_INCL_PRIOR_TAX_YEAR_R,Direct
Materialized View,,,FCT_GRP_WORKSHEET_MV_SSL,FCT_GRP_WORKSHEET_MV_SSL,N_INTEGRATION_OVERRIDE_R,fct_grp_worksheet,N_INTEGRATION_OVERRIDE_R,Direct
Materialized View,,,FCT_GRP_WORKSHEET_MV_SSL,FCT_GRP_WORKSHEET_MV_SSL,N_INTERRUPT_AMOUNT_R,fct_grp_worksheet,N_INTERRUPT_AMOUNT_R,Direct
Materialized View,,,FCT_GRP_WORKSHEET_MV_SSL,FCT_GRP_WORKSHEET_MV_SSL,N_JS_PERCENT_R,fct_grp_worksheet,N_JS_PERCENT_R,Direct
Materialized View,,,FCT_GRP_WORKSHEET_MV_SSL,FCT_GRP_WORKSHEET_MV_SSL,N_LEAD_TIME_R,fct_grp_worksheet,N_LEAD_TIME_R,Direct
Materialized View,,,FCT_GRP_WORKSHEET_MV_SSL,FCT_GRP_WORKSHEET_MV_SSL,N_LOAD_RUN_ID_R,fct_grp_worksheet,N_LOAD_RUN_ID_R,Direct
Materialized View,,,FCT_GRP_WORKSHEET_MV_SSL,FCT_GRP_WORKSHEET_MV_SSL,N_LUMP_SUM_R,fct_grp_worksheet,N_LUMP_SUM_R,Direct
Materialized View,,,FCT_GRP_WORKSHEET_MV_SSL,FCT_GRP_WORKSHEET_MV_SSL,N_MANUAL_CHECK_R,fct_grp_worksheet,N_MANUAL_CHECK_R,Direct
Materialized View,,,FCT_GRP_WORKSHEET_MV_SSL,FCT_GRP_WORKSHEET_MV_SSL,N_MAXBEN_OVERRIDE_R,fct_grp_worksheet,N_MAXBEN_OVERRIDE_R,Direct
Materialized View,,,FCT_GRP_WORKSHEET_MV_SSL,FCT_GRP_WORKSHEET_MV_SSL,N_MAX_BENEFIT_R,fct_grp_worksheet,N_MAX_BENEFIT_R,Direct
Materialized View,,,FCT_GRP_WORKSHEET_MV_SSL,FCT_GRP_WORKSHEET_MV_SSL,N_MEDICARE_IGNORE_R,fct_grp_worksheet,N_MEDICARE_IGNORE_R,Direct
Materialized View,,,FCT_GRP_WORKSHEET_MV_SSL,FCT_GRP_WORKSHEET_MV_SSL,N_MINBEN_OVERRIDE_R,fct_grp_worksheet,N_MINBEN_OVERRIDE_R,Direct
Materialized View,,,FCT_GRP_WORKSHEET_MV_SSL,FCT_GRP_WORKSHEET_MV_SSL,N_MINIMUM_BENEFIT_R,fct_grp_worksheet,N_MINIMUM_BENEFIT_R,Direct
Materialized View,,,FCT_GRP_WORKSHEET_MV_SSL,FCT_GRP_WORKSHEET_MV_SSL,N_MODAL_AMOUNT_R,fct_grp_worksheet,N_MODAL_AMOUNT_R,Direct
Materialized View,,,FCT_GRP_WORKSHEET_MV_SSL,FCT_GRP_WORKSHEET_MV_SSL,N_NUM_OF_CERTAIN_PAYMENTS_R,fct_grp_worksheet,N_NUM_OF_CERTAIN_PAYMENTS_R,Direct
Materialized View,,,FCT_GRP_WORKSHEET_MV_SSL,FCT_GRP_WORKSHEET_MV_SSL,N_PARTY_SK_R,fct_grp_worksheet,N_PARTY_SK_R,Direct
Materialized View,,,FCT_GRP_WORKSHEET_MV_SSL,FCT_GRP_WORKSHEET_MV_SSL,N_PARTY_SOURCE_SYSTEM_KEY_R,fct_grp_worksheet,N_PARTY_SOURCE_SYSTEM_KEY_R,Direct
Materialized View,,,FCT_GRP_WORKSHEET_MV_SSL,FCT_GRP_WORKSHEET_MV_SSL,N_PAYEE_INTEREST_IND_R,fct_grp_worksheet,N_PAYEE_INTEREST_IND_R,Direct
Materialized View,,,FCT_GRP_WORKSHEET_MV_SSL,FCT_GRP_WORKSHEET_MV_SSL,N_PENSION_SUPP_OVERRIDE_PCT_R,fct_grp_worksheet,N_PENSION_SUPP_OVERRIDE_PCT_R,Direct
Materialized View,,,FCT_GRP_WORKSHEET_MV_SSL,FCT_GRP_WORKSHEET_MV_SSL,N_PENSION_SUPP_OVERRIDE_R,fct_grp_worksheet,N_PENSION_SUPP_OVERRIDE_R,Direct
Materialized View,,,FCT_GRP_WORKSHEET_MV_SSL,FCT_GRP_WORKSHEET_MV_SSL,N_POST_TEFRA_INTEREST_R,fct_grp_worksheet,N_POST_TEFRA_INTEREST_R,Direct
Materialized View,,,FCT_GRP_WORKSHEET_MV_SSL,FCT_GRP_WORKSHEET_MV_SSL,N_POST_TEFRA_PRINCIPAL_R,fct_grp_worksheet,N_POST_TEFRA_PRINCIPAL_R,Direct
Materialized View,,,FCT_GRP_WORKSHEET_MV_SSL,FCT_GRP_WORKSHEET_MV_SSL,N_PRESENT_VALUE_R,fct_grp_worksheet,N_PRESENT_VALUE_R,Direct
Materialized View,,,FCT_GRP_WORKSHEET_MV_SSL,FCT_GRP_WORKSHEET_MV_SSL,N_PRE_TEFRA_INTEREST_R,fct_grp_worksheet,N_PRE_TEFRA_INTEREST_R,Direct
Materialized View,,,FCT_GRP_WORKSHEET_MV_SSL,FCT_GRP_WORKSHEET_MV_SSL,N_PRE_TEFRA_PRINCIPAL_R,fct_grp_worksheet,N_PRE_TEFRA_PRINCIPAL_R,Direct
Materialized View,,,FCT_GRP_WORKSHEET_MV_SSL,FCT_GRP_WORKSHEET_MV_SSL,N_RPT_NET_BENEFIT_R,fct_grp_worksheet,N_RPT_NET_BENEFIT_R,Direct
Materialized View,,,FCT_GRP_WORKSHEET_MV_SSL,FCT_GRP_WORKSHEET_MV_SSL,N_SEQUENCE_NUMBER_R,fct_grp_worksheet,N_SEQUENCE_NUMBER_R,Direct
Materialized View,,,FCT_GRP_WORKSHEET_MV_SSL,FCT_GRP_WORKSHEET_MV_SSL,N_SOURCE_SYSTEM_KEY_R,fct_grp_worksheet,N_SOURCE_SYSTEM_KEY_R,Direct
Materialized View,,,FCT_GRP_WORKSHEET_MV_SSL,FCT_GRP_WORKSHEET_MV_SSL,N_SOURCE_VERSION_R,fct_grp_worksheet,N_SOURCE_VERSION_R,Direct
Materialized View,,,FCT_GRP_WORKSHEET_MV_SSL,FCT_GRP_WORKSHEET_MV_SSL,N_SPEC_BENEFIT_ADJUST_R,fct_grp_worksheet,N_SPEC_BENEFIT_ADJUST_R,Direct
Materialized View,,,FCT_GRP_WORKSHEET_MV_SSL,FCT_GRP_WORKSHEET_MV_SSL,N_TAXABLE_OVERRIDE_PCT_R,fct_grp_worksheet,N_TAXABLE_OVERRIDE_PCT_R,Direct
Materialized View,,,FCT_GRP_WORKSHEET_MV_SSL,FCT_GRP_WORKSHEET_MV_SSL,N_TAXABLE_OVERRIDE_R,fct_grp_worksheet,N_TAXABLE_OVERRIDE_R,Direct
Materialized View,,,FCT_GRP_WORKSHEET_MV_SSL,FCT_GRP_WORKSHEET_MV_SSL,N_VERSION_R,fct_grp_worksheet,N_VERSION_R,Direct
Materialized View,,,FCT_GRP_WORKSHEET_MV_SSL,FCT_GRP_WORKSHEET_MV_SSL,N_W2_EXCLUDE_FICA_MATCH_R,fct_grp_worksheet,N_W2_EXCLUDE_FICA_MATCH_R,Direct
Materialized View,,,FCT_GRP_WORKSHEET_MV_SSL,FCT_GRP_WORKSHEET_MV_SSL,N_WORKSHEET_SEQ_NBR_OBJECTNM_R,fct_grp_worksheet,N_WORKSHEET_SEQ_NBR_OBJECTNM_R,Direct
Materialized View,,,FCT_GRP_WORKSHEET_MV_SSL,FCT_GRP_WORKSHEET_MV_SSL,N_WORKSHEET_SRC_SYS_KEY_R,fct_grp_worksheet,N_WORKSHEET_SRC_SYS_KEY_R,Direct
Materialized View,,,FCT_GRP_WORKSHEET_MV_SSL,FCT_GRP_WORKSHEET_MV_SSL,T_CREATION_DATE_R,fct_grp_worksheet,T_CREATION_DATE_R,Direct
Materialized View,,,FCT_GRP_WORKSHEET_MV_SSL,FCT_GRP_WORKSHEET_MV_SSL,T_EVENT_TIMESTAMP_R,fct_grp_worksheet,T_EVENT_TIMESTAMP_R,Direct
Materialized View,,,FCT_GRP_WORKSHEET_MV_SSL,FCT_GRP_WORKSHEET_MV_SSL,T_LAST_MODIFIED_DATE_R,fct_grp_worksheet,T_LAST_MODIFIED_DATE_R,Direct
Materialized View,,,FCT_GRP_WORKSHEET_MV_SSL,FCT_GRP_WORKSHEET_MV_SSL,V_BENEFIT_FREQUENCY_R,fct_grp_worksheet,V_BENEFIT_FREQUENCY_R,Direct
Materialized View,,,FCT_GRP_WORKSHEET_MV_SSL,FCT_GRP_WORKSHEET_MV_SSL,V_BENEFIT_GROUP_R,fct_grp_worksheet,V_BENEFIT_GROUP_R,Direct
Materialized View,,,FCT_GRP_WORKSHEET_MV_SSL,FCT_GRP_WORKSHEET_MV_SSL,V_CHANGE_REASON_R,fct_grp_worksheet,V_CHANGE_REASON_R,Direct
Materialized View,,,FCT_GRP_WORKSHEET_MV_SSL,FCT_GRP_WORKSHEET_MV_SSL,V_CREATED_BY_R,fct_grp_worksheet,V_CREATED_BY_R,Direct
Materialized View,,,FCT_GRP_WORKSHEET_MV_SSL,FCT_GRP_WORKSHEET_MV_SSL,V_DELETE_BY_R,fct_grp_worksheet,V_DELETE_BY_R,Direct
Materialized View,,,FCT_GRP_WORKSHEET_MV_SSL,FCT_GRP_WORKSHEET_MV_SSL,V_GROSS_BENEFIT_IND_R,fct_grp_worksheet,V_GROSS_BENEFIT_IND_R,Direct
Materialized View,,,FCT_GRP_WORKSHEET_MV_SSL,FCT_GRP_WORKSHEET_MV_SSL,V_INTEREST_STATE_R,fct_grp_worksheet,V_INTEREST_STATE_R,Direct
Materialized View,,,FCT_GRP_WORKSHEET_MV_SSL,FCT_GRP_WORKSHEET_MV_SSL,V_LAST_MODIFIED_BY_R,fct_grp_worksheet,V_LAST_MODIFIED_BY_R,Direct
Materialized View,,,FCT_GRP_WORKSHEET_MV_SSL,FCT_GRP_WORKSHEET_MV_SSL,V_NET_INDICATOR_R,fct_grp_worksheet,V_NET_INDICATOR_R,Direct
Materialized View,,,FCT_GRP_WORKSHEET_MV_SSL,FCT_GRP_WORKSHEET_MV_SSL,V_PRIVACY_INDICATOR_R,fct_grp_worksheet,V_PRIVACY_INDICATOR_R,Direct
Materialized View,,,FCT_GRP_WORKSHEET_MV_SSL,FCT_GRP_WORKSHEET_MV_SSL,V_RPT_COVGRP_INDICATOR_R,fct_grp_worksheet,V_RPT_COVGRP_INDICATOR_R,Direct
Materialized View,,,FCT_GRP_WORKSHEET_MV_SSL,FCT_GRP_WORKSHEET_MV_SSL,V_RPT_WORKSHEET_INDICATOR_R,fct_grp_worksheet,V_RPT_WORKSHEET_INDICATOR_R,Direct
Materialized View,,,FCT_GRP_WORKSHEET_MV_SSL,FCT_GRP_WORKSHEET_MV_SSL,V_SOURCE_SYSTEM_NAME_R,fct_grp_worksheet,V_SOURCE_SYSTEM_NAME_R,Direct
Materialized View,,,FCT_GRP_WORKSHEET_MV_SSL,FCT_GRP_WORKSHEET_MV_SSL,V_TAX_STATE_R,fct_grp_worksheet,V_TAX_STATE_R,Direct
Materialized View,,,FCT_GRP_WORKSHEET_MV_SSL,FCT_GRP_WORKSHEET_MV_SSL,V_TAX_STATUS_R,fct_grp_worksheet,V_TAX_STATUS_R,Direct
Materialized View,,,FCT_GRP_WORKSHEET_MV_SSL,FCT_GRP_WORKSHEET_MV_SSL,V_WORKSHEET_STATUS_R,fct_grp_worksheet,V_WORKSHEET_STATUS_R,Direct
Materialized View,,,MVW_PRODUCT_SK_LOOKUP_MIN_MV_SSL,MVW_PRODUCT_SK_LOOKUP_MIN_MV_SSL,n_claim_sk_r,mvw_product_sk_lookup,n_claim_sk_r,Direct
Materialized View,,,MVW_PRODUCT_SK_LOOKUP_MIN_MV_SSL,MVW_PRODUCT_SK_LOOKUP_MIN_MV_SSL,n_product_sk_r,mvw_product_sk_lookup,n_product_sk_r,MIN
Materialized View,,,MVW_PRODUCT_SK_LOOKUP_MIN_MV_SSL,MVW_PRODUCT_SK_LOOKUP_MIN_MV_SSL,v_claim_coverage_code_r,mvw_product_sk_lookup,v_claim_coverage_code_r,Direct
Materialized View,,,RPT_CLAIM_DTL_R_CURBENPERDYS_MV_SSL,RPT_CLAIM_DTL_R_CURBENPERDYS_MV_SSL,V_CLAIM_NUMBER_R,,,Constant / Expression
Materialized View,,,RPT_CLAIM_DTL_R_CURBENPERDYS_MV_SSL,RPT_CLAIM_DTL_R_CURBENPERDYS_MV_SSL,n_curr_benefit_period_days_r,,,Constant / Expression
Materialized View,,,RPT_CLAIM_DTL_R_OFFSET_MV_SSL,RPT_CLAIM_DTL_R_OFFSET_MV_SSL,N_CLAIM_SK_R,vw_fct_claim_payment_detail_r_MV_ssl,N_CLAIM_SK_R,Direct
Materialized View,,,RPT_CLAIM_DTL_R_OFFSET_MV_SSL,RPT_CLAIM_DTL_R_OFFSET_MV_SSL,n_claim_coverage_group_sk_r,vw_fct_claim_payment_detail_r_MV_ssl,n_claim_coverage_group_sk_r,Direct
Materialized View,,,RPT_CLAIM_DTL_R_OFFSET_MV_SSL,RPT_CLAIM_DTL_R_OFFSET_MV_SSL,other_offset_amounts,vw_fct_claim_payment_detail_r_MV_ssl,n_paid_amount_r,SUM -> case-when
Materialized View,,,RPT_CLAIM_DTL_R_OFFSET_MV_SSL,RPT_CLAIM_DTL_R_OFFSET_MV_SSL,rehabilitation_offset_amount_088,vw_fct_claim_payment_detail_r_MV_ssl,n_paid_amount_r,SUM -> case-when
Materialized View,,,RPT_CLAIM_DTL_R_OFFSET_MV_SSL,RPT_CLAIM_DTL_R_OFFSET_MV_SSL,rehabilitation_offset_indicator_088,,,Constant / Expression
Materialized View,,,RPT_CLAIM_DTL_R_OFFSET_MV_SSL,RPT_CLAIM_DTL_R_OFFSET_MV_SSL,work_incentive_excess_offset_indicator_188,,,Constant / Expression
Materialized View,,,RPT_CLAIM_DTL_R_OFFSET_MV_SSL,RPT_CLAIM_DTL_R_OFFSET_MV_SSL,workers_compensation_offset_amount_083,vw_fct_claim_payment_detail_r_MV_ssl,n_paid_amount_r,SUM -> case-when
Materialized View,,,RPT_CLAIM_DTL_R_TOTBENPERDYS_MV_SSL,RPT_CLAIM_DTL_R_TOTBENPERDYS_MV_SSL,n_total_benefit_period_days_r,fct_claim_payment_detail_r_mv_ssl,D_SERVICE_PERIOD_FROM_R,SUM
Materialized View,,,RPT_CLAIM_DTL_R_TOTBENPERDYS_MV_SSL,RPT_CLAIM_DTL_R_TOTBENPERDYS_MV_SSL,n_total_benefit_period_days_r,fct_claim_payment_detail_r_mv_ssl,D_SERVICE_PERIOD_TO_R,SUM
Materialized View,,,RPT_CLAIM_DTL_R_TOTBENPERDYS_MV_SSL,RPT_CLAIM_DTL_R_TOTBENPERDYS_MV_SSL,v_claim_number_r,fct_claim_payment_detail_r_mv_ssl,v_claim_number_r,Direct
Materialized View,,,RPT_CLAIM_PAYEMNT_DTL_R_MV_SSL,RPT_CLAIM_PAYEMNT_DTL_R_MV_SSL,N_08B_OFFSET_AMOUNT_R,rpt_claim_payment_dtl_r,N_08B_OFFSET_AMOUNT_R,Direct
Materialized View,,,RPT_CLAIM_PAYEMNT_DTL_R_MV_SSL,RPT_CLAIM_PAYEMNT_DTL_R_MV_SSL,N_BATCH_ID_R,rpt_claim_payment_dtl_r,N_BATCH_ID_R,Direct
Materialized View,,,RPT_CLAIM_PAYEMNT_DTL_R_MV_SSL,RPT_CLAIM_PAYEMNT_DTL_R_MV_SSL,N_BATCH_ID_R_1,rpt_claim_payment_dtl_r,N_BATCH_ID_R,Direct
Materialized View,,,RPT_CLAIM_PAYEMNT_DTL_R_MV_SSL,RPT_CLAIM_PAYEMNT_DTL_R_MV_SSL,N_CHECK_AMOUNT_R,rpt_claim_payment_dtl_r,N_CHECK_AMOUNT_R,Direct
Materialized View,,,RPT_CLAIM_PAYEMNT_DTL_R_MV_SSL,RPT_CLAIM_PAYEMNT_DTL_R_MV_SSL,N_CHECK_DATE_SK_R,rpt_claim_payment_dtl_r,N_CHECK_DATE_SK_R,Direct
Materialized View,,,RPT_CLAIM_PAYEMNT_DTL_R_MV_SSL,RPT_CLAIM_PAYEMNT_DTL_R_MV_SSL,N_CLAIM_COVERAGE_GROUP_SK_R,rpt_claim_payment_dtl_r,N_CLAIM_COVERAGE_GROUP_SK_R,Direct
Materialized View,,,RPT_CLAIM_PAYEMNT_DTL_R_MV_SSL,RPT_CLAIM_PAYEMNT_DTL_R_MV_SSL,N_CLAIM_COVERAGE_SK_R,rpt_claim_payment_dtl_r,N_CLAIM_COVERAGE_SK_R,Direct
Materialized View,,,RPT_CLAIM_PAYEMNT_DTL_R_MV_SSL,RPT_CLAIM_PAYEMNT_DTL_R_MV_SSL,N_CLAIM_PAID_LOSS_AMOUNT_CEDED_R,rpt_claim_payment_dtl_r,N_CLAIM_PAID_LOSS_AMOUNT_CEDED_R,Direct
Materialized View,,,RPT_CLAIM_PAYEMNT_DTL_R_MV_SSL,RPT_CLAIM_PAYEMNT_DTL_R_MV_SSL,N_CLAIM_PAID_LOSS_AMOUNT_NET_R,rpt_claim_payment_dtl_r,N_CLAIM_PAID_LOSS_AMOUNT_NET_R,Direct
Materialized View,,,RPT_CLAIM_PAYEMNT_DTL_R_MV_SSL,RPT_CLAIM_PAYEMNT_DTL_R_MV_SSL,N_CLAIM_PAID_LOSS_AMOUNT_R,rpt_claim_payment_dtl_r,N_CLAIM_PAID_LOSS_AMOUNT_R,Direct
Materialized View,,,RPT_CLAIM_PAYEMNT_DTL_R_MV_SSL,RPT_CLAIM_PAYEMNT_DTL_R_MV_SSL,N_CLAIM_PAID_NET_AMOUNT_R,rpt_claim_payment_dtl_r,N_CLAIM_PAID_NET_AMOUNT_R,Direct
Materialized View,,,RPT_CLAIM_PAYEMNT_DTL_R_MV_SSL,RPT_CLAIM_PAYEMNT_DTL_R_MV_SSL,N_CLAIM_SK_R,rpt_claim_payment_dtl_r,N_CLAIM_SK_R,Direct
Materialized View,,,RPT_CLAIM_PAYEMNT_DTL_R_MV_SSL,RPT_CLAIM_PAYEMNT_DTL_R_MV_SSL,N_CUST_PARTY_SK_R,rpt_claim_payment_dtl_r,N_CUST_PARTY_SK_R,Direct
Materialized View,,,RPT_CLAIM_PAYEMNT_DTL_R_MV_SSL,RPT_CLAIM_PAYEMNT_DTL_R_MV_SSL,N_EMPLOYEE_MED_R,rpt_claim_payment_dtl_r,N_EMPLOYEE_MED_R,Direct
Materialized View,,,RPT_CLAIM_PAYEMNT_DTL_R_MV_SSL,RPT_CLAIM_PAYEMNT_DTL_R_MV_SSL,N_EMPLOYEE_SK_R,rpt_claim_payment_dtl_r,N_EMPLOYEE_SK_R,Direct
Materialized View,,,RPT_CLAIM_PAYEMNT_DTL_R_MV_SSL,RPT_CLAIM_PAYEMNT_DTL_R_MV_SSL,N_EMPLOYEE_SS_R,rpt_claim_payment_dtl_r,N_EMPLOYEE_SS_R,Direct
Materialized View,,,RPT_CLAIM_PAYEMNT_DTL_R_MV_SSL,RPT_CLAIM_PAYEMNT_DTL_R_MV_SSL,N_EMPLOYER_MED_R,rpt_claim_payment_dtl_r,N_EMPLOYER_MED_R,Direct
Materialized View,,,RPT_CLAIM_PAYEMNT_DTL_R_MV_SSL,RPT_CLAIM_PAYEMNT_DTL_R_MV_SSL,N_EMPLOYER_SS_R,rpt_claim_payment_dtl_r,N_EMPLOYER_SS_R,Direct
Materialized View,,,RPT_CLAIM_PAYEMNT_DTL_R_MV_SSL,RPT_CLAIM_PAYEMNT_DTL_R_MV_SSL,N_FEDERAL_INCOME_TAX_AMOUNT_R,rpt_claim_payment_dtl_r,N_FEDERAL_INCOME_TAX_AMOUNT_R,Direct
Materialized View,,,RPT_CLAIM_PAYEMNT_DTL_R_MV_SSL,RPT_CLAIM_PAYEMNT_DTL_R_MV_SSL,N_FICA_WAGE_BASE_AMOUNT_R,rpt_claim_payment_dtl_r,N_FICA_WAGE_BASE_AMOUNT_R,Direct
Materialized View,,,RPT_CLAIM_PAYEMNT_DTL_R_MV_SSL,RPT_CLAIM_PAYEMNT_DTL_R_MV_SSL,N_GROSS_AMOUNT_R,rpt_claim_payment_dtl_r,N_GROSS_AMOUNT_R,Direct
Materialized View,,,RPT_CLAIM_PAYEMNT_DTL_R_MV_SSL,RPT_CLAIM_PAYEMNT_DTL_R_MV_SSL,N_GROSS_WAGE_BASE_AMOUNT_R,rpt_claim_payment_dtl_r,N_GROSS_WAGE_BASE_AMOUNT_R,Direct
Materialized View,,,RPT_CLAIM_PAYEMNT_DTL_R_MV_SSL,RPT_CLAIM_PAYEMNT_DTL_R_MV_SSL,N_INSRD_PARTY_SK_R,rpt_claim_payment_dtl_r,N_INSRD_PARTY_SK_R,Direct
Materialized View,,,RPT_CLAIM_PAYEMNT_DTL_R_MV_SSL,RPT_CLAIM_PAYEMNT_DTL_R_MV_SSL,N_MEDICARE_TAX_AMOUNT_R,rpt_claim_payment_dtl_r,N_MEDICARE_TAX_AMOUNT_R,Direct
Materialized View,,,RPT_CLAIM_PAYEMNT_DTL_R_MV_SSL,RPT_CLAIM_PAYEMNT_DTL_R_MV_SSL,N_MEDICARE_WAGE_BASE_AMOUNT_R,rpt_claim_payment_dtl_r,N_MEDICARE_WAGE_BASE_AMOUNT_R,Direct
Materialized View,,,RPT_CLAIM_PAYEMNT_DTL_R_MV_SSL,RPT_CLAIM_PAYEMNT_DTL_R_MV_SSL,N_NONTAXABLE_BENEFIT_AMOUNT_R,rpt_claim_payment_dtl_r,N_NONTAXABLE_BENEFIT_AMOUNT_R,Direct
Materialized View,,,RPT_CLAIM_PAYEMNT_DTL_R_MV_SSL,RPT_CLAIM_PAYEMNT_DTL_R_MV_SSL,N_PAID_AMOUNT_R,rpt_claim_payment_dtl_r,N_PAID_AMOUNT_R,Direct
Materialized View,,,RPT_CLAIM_PAYEMNT_DTL_R_MV_SSL,RPT_CLAIM_PAYEMNT_DTL_R_MV_SSL,N_PAID_DATE_SK_R,rpt_claim_payment_dtl_r,N_PAID_DATE_SK_R,Direct
Materialized View,,,RPT_CLAIM_PAYEMNT_DTL_R_MV_SSL,RPT_CLAIM_PAYEMNT_DTL_R_MV_SSL,N_PAYEE_PARTY_SK_R,rpt_claim_payment_dtl_r,N_PAYEE_PARTY_SK_R,Direct
Materialized View,,,RPT_CLAIM_PAYEMNT_DTL_R_MV_SSL,RPT_CLAIM_PAYEMNT_DTL_R_MV_SSL,N_PAYMENT_SK_R,rpt_claim_payment_dtl_r,N_PAYMENT_SK_R,Direct
Materialized View,,,RPT_CLAIM_PAYEMNT_DTL_R_MV_SSL,RPT_CLAIM_PAYEMNT_DTL_R_MV_SSL,N_POLICY_ID_R,rpt_claim_payment_dtl_r,N_POLICY_ID_R,Direct
Materialized View,,,RPT_CLAIM_PAYEMNT_DTL_R_MV_SSL,RPT_CLAIM_PAYEMNT_DTL_R_MV_SSL,N_POLICY_SK_R,rpt_claim_payment_dtl_r,N_POLICY_SK_R,Direct
Materialized View,,,RPT_CLAIM_PAYEMNT_DTL_R_MV_SSL,RPT_CLAIM_PAYEMNT_DTL_R_MV_SSL,N_PRIMARY_REINSURER_REINSURANCE_PCT_R,rpt_claim_payment_dtl_r,N_PRIMARY_REINSURER_REINSURANCE_PCT_R,Direct
Materialized View,,,RPT_CLAIM_PAYEMNT_DTL_R_MV_SSL,RPT_CLAIM_PAYEMNT_DTL_R_MV_SSL,N_PRIMARY_REINSURER_REINS_SHARE_PCT_R,rpt_claim_payment_dtl_r,N_PRIMARY_REINSURER_REINS_SHARE_PCT_R,Direct
Materialized View,,,RPT_CLAIM_PAYEMNT_DTL_R_MV_SSL,RPT_CLAIM_PAYEMNT_DTL_R_MV_SSL,N_PRODUCT_SK_R,rpt_claim_payment_dtl_r,N_PRODUCT_SK_R,Direct
Materialized View,,,RPT_CLAIM_PAYEMNT_DTL_R_MV_SSL,RPT_CLAIM_PAYEMNT_DTL_R_MV_SSL,N_RSL_PAID_DIRECT_R,rpt_claim_payment_dtl_r,N_RSL_PAID_DIRECT_R,Direct
Materialized View,,,RPT_CLAIM_PAYEMNT_DTL_R_MV_SSL,RPT_CLAIM_PAYEMNT_DTL_R_MV_SSL,N_SECONDARY_REINSURER_REINSURANCE_PCT_R,rpt_claim_payment_dtl_r,N_SECONDARY_REINSURER_REINSURANCE_PCT_R,Direct
Materialized View,,,RPT_CLAIM_PAYEMNT_DTL_R_MV_SSL,RPT_CLAIM_PAYEMNT_DTL_R_MV_SSL,N_SECONDARY_REINSURER_REINS_SHARE_PCT_R,rpt_claim_payment_dtl_r,N_SECONDARY_REINSURER_REINS_SHARE_PCT_R,Direct
Materialized View,,,RPT_CLAIM_PAYEMNT_DTL_R_MV_SSL,RPT_CLAIM_PAYEMNT_DTL_R_MV_SSL,N_SOCIAL_SECURITY_TAX_AMOUNT_R,rpt_claim_payment_dtl_r,N_SOCIAL_SECURITY_TAX_AMOUNT_R,Direct
Materialized View,,,RPT_CLAIM_PAYEMNT_DTL_R_MV_SSL,RPT_CLAIM_PAYEMNT_DTL_R_MV_SSL,N_SOCIAL_SECURITY_WAGE_BASE_AMOUNT_R,rpt_claim_payment_dtl_r,N_SOCIAL_SECURITY_WAGE_BASE_AMOUNT_R,Direct
Materialized View,,,RPT_CLAIM_PAYEMNT_DTL_R_MV_SSL,RPT_CLAIM_PAYEMNT_DTL_R_MV_SSL,N_SS_APPROVED_OFFSET_AMT_R,rpt_claim_payment_dtl_r,N_SS_APPROVED_OFFSET_AMT_R,Direct
Materialized View,,,RPT_CLAIM_PAYEMNT_DTL_R_MV_SSL,RPT_CLAIM_PAYEMNT_DTL_R_MV_SSL,N_SS_ESTIMATED_OFFSET_AMT_R,rpt_claim_payment_dtl_r,N_SS_ESTIMATED_OFFSET_AMT_R,Direct
Materialized View,,,RPT_CLAIM_PAYEMNT_DTL_R_MV_SSL,RPT_CLAIM_PAYEMNT_DTL_R_MV_SSL,N_STATE_DISABILITY_OFFSET_AMT_R,rpt_claim_payment_dtl_r,N_STATE_DISABILITY_OFFSET_AMT_R,Direct
Materialized View,,,RPT_CLAIM_PAYEMNT_DTL_R_MV_SSL,RPT_CLAIM_PAYEMNT_DTL_R_MV_SSL,N_STATE_INCOME_TAX_AMOUNT_R,rpt_claim_payment_dtl_r,N_STATE_INCOME_TAX_AMOUNT_R,Direct
Materialized View,,,RPT_CLAIM_PAYEMNT_DTL_R_MV_SSL,RPT_CLAIM_PAYEMNT_DTL_R_MV_SSL,N_STATE_UNEMPLOYMENT_TAX_AMOUNT_R,rpt_claim_payment_dtl_r,N_STATE_UNEMPLOYMENT_TAX_AMOUNT_R,Direct
Materialized View,,,RPT_CLAIM_PAYEMNT_DTL_R_MV_SSL,RPT_CLAIM_PAYEMNT_DTL_R_MV_SSL,N_TAXABLE_BENEFIT_AMOUNT_R,rpt_claim_payment_dtl_r,N_TAXABLE_BENEFIT_AMOUNT_R,Direct
Materialized View,,,RPT_CLAIM_PAYEMNT_DTL_R_MV_SSL,RPT_CLAIM_PAYEMNT_DTL_R_MV_SSL,N_TAXABLE_BENEFIT_PERCENTAGE_R,rpt_claim_payment_dtl_r,N_TAXABLE_BENEFIT_PERCENTAGE_R,Direct
Materialized View,,,RPT_CLAIM_PAYEMNT_DTL_R_MV_SSL,RPT_CLAIM_PAYEMNT_DTL_R_MV_SSL,N_TERNARY_REINSURER_REINSURANCE_PCT_R,rpt_claim_payment_dtl_r,N_TERNARY_REINSURER_REINSURANCE_PCT_R,Direct
Materialized View,,,RPT_CLAIM_PAYEMNT_DTL_R_MV_SSL,RPT_CLAIM_PAYEMNT_DTL_R_MV_SSL,N_TERNARY_REINSURER_REINS_SHARE_PCT_R,rpt_claim_payment_dtl_r,N_TERNARY_REINSURER_REINS_SHARE_PCT_R,Direct
Materialized View,,,RPT_CLAIM_PAYEMNT_DTL_R_MV_SSL,RPT_CLAIM_PAYEMNT_DTL_R_MV_SSL,N_TOTAL_REINSURANCE_PCT_R,rpt_claim_payment_dtl_r,N_TOTAL_REINSURANCE_PCT_R,Direct
Materialized View,,,RPT_CLAIM_PAYEMNT_DTL_R_MV_SSL,RPT_CLAIM_PAYEMNT_DTL_R_MV_SSL,N_WORKSHEET_SK_R,rpt_claim_payment_dtl_r,N_WORKSHEET_SK_R,Direct
Materialized View,,,RPT_CLAIM_PAYEMNT_DTL_R_MV_SSL,RPT_CLAIM_PAYEMNT_DTL_R_MV_SSL,N_YEARMONTH_R,rpt_claim_payment_dtl_r,N_YEARMONTH_R,Direct
Materialized View,,,RPT_CLAIM_PAYEMNT_DTL_R_MV_SSL,RPT_CLAIM_PAYEMNT_DTL_R_MV_SSL,T_CREATION_DATE_R,rpt_claim_payment_dtl_r,T_CREATION_DATE_R,Direct
Materialized View,,,RPT_CLAIM_PAYEMNT_DTL_R_MV_SSL,RPT_CLAIM_PAYEMNT_DTL_R_MV_SSL,T_LAST_MODIFIED_DATE_R,rpt_claim_payment_dtl_r,T_LAST_MODIFIED_DATE_R,Direct
Materialized View,,,RPT_CLAIM_PAYEMNT_DTL_R_MV_SSL,RPT_CLAIM_PAYEMNT_DTL_R_MV_SSL,V_BENEFIT_CODE_R,rpt_claim_payment_dtl_r,V_BENEFIT_CODE_R,Direct
Materialized View,,,RPT_CLAIM_PAYEMNT_DTL_R_MV_SSL,RPT_CLAIM_PAYEMNT_DTL_R_MV_SSL,V_CREATED_BY_R,rpt_claim_payment_dtl_r,V_CREATED_BY_R,Direct
Materialized View,,,RPT_CLAIM_PAYEMNT_DTL_R_MV_SSL,RPT_CLAIM_PAYEMNT_DTL_R_MV_SSL,V_LAST_MODIFIED_BY_R,rpt_claim_payment_dtl_r,V_LAST_MODIFIED_BY_R,Direct
Materialized View,,,RPT_CLAIM_PAYEMNT_DTL_R_MV_SSL,RPT_CLAIM_PAYEMNT_DTL_R_MV_SSL,V_RPT_ACTIVE_STATUS_R,rpt_claim_payment_dtl_r,V_RPT_ACTIVE_STATUS_R,Direct
Materialized View,,,RPT_CLAIM_PAYEMNT_R_MV_SSL,RPT_CLAIM_PAYEMNT_R_MV_SSL,D_BENEFIT_DTL_PAYMENT_DATE_R,rpt_claim_payment_r,D_BENEFIT_DTL_PAYMENT_DATE_R,Direct
Materialized View,,,RPT_CLAIM_PAYEMNT_R_MV_SSL,RPT_CLAIM_PAYEMNT_R_MV_SSL,D_CHECK_DATE_R,rpt_claim_payment_r,D_CHECK_DATE_R,Direct
Materialized View,,,RPT_CLAIM_PAYEMNT_R_MV_SSL,RPT_CLAIM_PAYEMNT_R_MV_SSL,D_PAID_DATE_R,rpt_claim_payment_r,D_PAID_DATE_R,Direct
Materialized View,,,RPT_CLAIM_PAYEMNT_R_MV_SSL,RPT_CLAIM_PAYEMNT_R_MV_SSL,D_PAYEE_BIRTH_DATE_R,rpt_claim_payment_r,D_PAYEE_BIRTH_DATE_R,Direct
Materialized View,,,RPT_CLAIM_PAYEMNT_R_MV_SSL,RPT_CLAIM_PAYEMNT_R_MV_SSL,D_PAYMENT_DATE_R,rpt_claim_payment_r,D_PAYMENT_DATE_R,Direct
Materialized View,,,RPT_CLAIM_PAYEMNT_R_MV_SSL,RPT_CLAIM_PAYEMNT_R_MV_SSL,D_SERVICE_PERIOD_FROM_R,rpt_claim_payment_r,D_SERVICE_PERIOD_FROM_R,Direct
Materialized View,,,RPT_CLAIM_PAYEMNT_R_MV_SSL,RPT_CLAIM_PAYEMNT_R_MV_SSL,D_SERVICE_PERIOD_TO_R,rpt_claim_payment_r,D_SERVICE_PERIOD_TO_R,Direct
Materialized View,,,RPT_CLAIM_PAYEMNT_R_MV_SSL,RPT_CLAIM_PAYEMNT_R_MV_SSL,N_BATCH_ID_R,rpt_claim_payment_r,N_BATCH_ID_R,Direct
Materialized View,,,RPT_CLAIM_PAYEMNT_R_MV_SSL,RPT_CLAIM_PAYEMNT_R_MV_SSL,N_CLAIM_PAID_FISCAL_MONTH_R,rpt_claim_payment_r,N_CLAIM_PAID_FISCAL_MONTH_R,Direct
Materialized View,,,RPT_CLAIM_PAYEMNT_R_MV_SSL,RPT_CLAIM_PAYEMNT_R_MV_SSL,N_CLAIM_PAID_FISCAL_YEAR_R,rpt_claim_payment_r,N_CLAIM_PAID_FISCAL_YEAR_R,Direct
Materialized View,,,RPT_CLAIM_PAYEMNT_R_MV_SSL,RPT_CLAIM_PAYEMNT_R_MV_SSL,N_CLAIM_SK_R,rpt_claim_payment_r,N_CLAIM_SK_R,Direct
Materialized View,,,RPT_CLAIM_PAYEMNT_R_MV_SSL,RPT_CLAIM_PAYEMNT_R_MV_SSL,N_PAYEE_PARTY_SK_R,rpt_claim_payment_r,N_PAYEE_PARTY_SK_R,Direct
Materialized View,,,RPT_CLAIM_PAYEMNT_R_MV_SSL,RPT_CLAIM_PAYEMNT_R_MV_SSL,N_PAYMENT_SK_R,rpt_claim_payment_r,N_PAYMENT_SK_R,Direct
Materialized View,,,RPT_CLAIM_PAYEMNT_R_MV_SSL,RPT_CLAIM_PAYEMNT_R_MV_SSL,N_SEQUENCE_NUMBER_R,rpt_claim_payment_r,N_SEQUENCE_NUMBER_R,Direct
Materialized View,,,RPT_CLAIM_PAYEMNT_R_MV_SSL,RPT_CLAIM_PAYEMNT_R_MV_SSL,N_SOURCE_SYSTEM_KEY_R,rpt_claim_payment_r,N_SOURCE_SYSTEM_KEY_R,Direct
Materialized View,,,RPT_CLAIM_PAYEMNT_R_MV_SSL,RPT_CLAIM_PAYEMNT_R_MV_SSL,N_SOURCE_VERSION_SEQ_NUMBER_R,rpt_claim_payment_r,N_SOURCE_VERSION_SEQ_NUMBER_R,Direct
Materialized View,,,RPT_CLAIM_PAYEMNT_R_MV_SSL,RPT_CLAIM_PAYEMNT_R_MV_SSL,N_YEARMONTH_R,rpt_claim_payment_r,N_YEARMONTH_R,Direct
Materialized View,,,RPT_CLAIM_PAYEMNT_R_MV_SSL,RPT_CLAIM_PAYEMNT_R_MV_SSL,T_CREATION_DATE_R,rpt_claim_payment_r,T_CREATION_DATE_R,Direct
Materialized View,,,RPT_CLAIM_PAYEMNT_R_MV_SSL,RPT_CLAIM_PAYEMNT_R_MV_SSL,T_LAST_MODIFIED_DATE_R,rpt_claim_payment_r,T_LAST_MODIFIED_DATE_R,Direct
Materialized View,,,RPT_CLAIM_PAYEMNT_R_MV_SSL,RPT_CLAIM_PAYEMNT_R_MV_SSL,V_ACH_PAYMENT_IND_R,rpt_claim_payment_r,V_ACH_PAYMENT_IND_R,Direct
Materialized View,,,RPT_CLAIM_PAYEMNT_R_MV_SSL,RPT_CLAIM_PAYEMNT_R_MV_SSL,V_AMOUNT_TYPE_CATEGORY_DESC_R,rpt_claim_payment_r,V_AMOUNT_TYPE_CATEGORY_DESC_R,Direct
Materialized View,,,RPT_CLAIM_PAYEMNT_R_MV_SSL,RPT_CLAIM_PAYEMNT_R_MV_SSL,V_AMOUNT_TYPE_CATEGORY_R,rpt_claim_payment_r,V_AMOUNT_TYPE_CATEGORY_R,Direct
Materialized View,,,RPT_CLAIM_PAYEMNT_R_MV_SSL,RPT_CLAIM_PAYEMNT_R_MV_SSL,V_AMOUNT_TYPE_CODE_R,rpt_claim_payment_r,V_AMOUNT_TYPE_CODE_R,Direct
Materialized View,,,RPT_CLAIM_PAYEMNT_R_MV_SSL,RPT_CLAIM_PAYEMNT_R_MV_SSL,V_AMOUNT_TYPE_NAME_R,rpt_claim_payment_r,V_AMOUNT_TYPE_NAME_R,Direct
Materialized View,,,RPT_CLAIM_PAYEMNT_R_MV_SSL,RPT_CLAIM_PAYEMNT_R_MV_SSL,V_AMOUNT_TYPE_SUB_CATEGORY_R,rpt_claim_payment_r,V_AMOUNT_TYPE_SUB_CATEGORY_R,Direct
Materialized View,,,RPT_CLAIM_PAYEMNT_R_MV_SSL,RPT_CLAIM_PAYEMNT_R_MV_SSL,V_AMOUNT_TYPE_SUB_CODE_R,rpt_claim_payment_r,V_AMOUNT_TYPE_SUB_CODE_R,Direct
Materialized View,,,RPT_CLAIM_PAYEMNT_R_MV_SSL,RPT_CLAIM_PAYEMNT_R_MV_SSL,V_AMOUNT_TYPE_SUB_NAME_R,rpt_claim_payment_r,V_AMOUNT_TYPE_SUB_NAME_R,Direct
Materialized View,,,RPT_CLAIM_PAYEMNT_R_MV_SSL,RPT_CLAIM_PAYEMNT_R_MV_SSL,V_AMT_TYPE_SUB_CATEGORY_DESC_R,rpt_claim_payment_r,V_AMT_TYPE_SUB_CATEGORY_DESC_R,Direct
Materialized View,,,RPT_CLAIM_PAYEMNT_R_MV_SSL,RPT_CLAIM_PAYEMNT_R_MV_SSL,V_BENEFIT_CATEGORY_R,rpt_claim_payment_r,V_BENEFIT_CATEGORY_R,Direct
Materialized View,,,RPT_CLAIM_PAYEMNT_R_MV_SSL,RPT_CLAIM_PAYEMNT_R_MV_SSL,V_BENEFIT_CODE_R,rpt_claim_payment_r,V_BENEFIT_CODE_R,Direct
Materialized View,,,RPT_CLAIM_PAYEMNT_R_MV_SSL,RPT_CLAIM_PAYEMNT_R_MV_SSL,V_BENEFIT_DESCRIPTION_R,rpt_claim_payment_r,V_BENEFIT_DESCRIPTION_R,Direct
Materialized View,,,RPT_CLAIM_PAYEMNT_R_MV_SSL,RPT_CLAIM_PAYEMNT_R_MV_SSL,V_BENEFIT_GROUP_R,rpt_claim_payment_r,V_BENEFIT_GROUP_R,Direct
Materialized View,,,RPT_CLAIM_PAYEMNT_R_MV_SSL,RPT_CLAIM_PAYEMNT_R_MV_SSL,V_CHECK_NUMBER_R,rpt_claim_payment_r,V_CHECK_NUMBER_R,Direct
Materialized View,,,RPT_CLAIM_PAYEMNT_R_MV_SSL,RPT_CLAIM_PAYEMNT_R_MV_SSL,V_CHECK_STATUS_DESC_R,rpt_claim_payment_r,V_CHECK_STATUS_DESC_R,Direct
Materialized View,,,RPT_CLAIM_PAYEMNT_R_MV_SSL,RPT_CLAIM_PAYEMNT_R_MV_SSL,V_CHECK_STATUS_R,rpt_claim_payment_r,V_CHECK_STATUS_R,Direct
Materialized View,,,RPT_CLAIM_PAYEMNT_R_MV_SSL,RPT_CLAIM_PAYEMNT_R_MV_SSL,V_CHECK_TYPE_R,rpt_claim_payment_r,V_CHECK_TYPE_R,Direct
Materialized View,,,RPT_CLAIM_PAYEMNT_R_MV_SSL,RPT_CLAIM_PAYEMNT_R_MV_SSL,V_CLAIM_PAYEE_SSN_R,rpt_claim_payment_r,V_CLAIM_PAYEE_SSN_R,Direct
Materialized View,,,RPT_CLAIM_PAYEMNT_R_MV_SSL,RPT_CLAIM_PAYEMNT_R_MV_SSL,V_CLAIM_PAYEE_TAX_ID_R,rpt_claim_payment_r,V_CLAIM_PAYEE_TAX_ID_R,Direct
Materialized View,,,RPT_CLAIM_PAYEMNT_R_MV_SSL,RPT_CLAIM_PAYEMNT_R_MV_SSL,V_CLAIM_PAYMENT_ADDRESS_LINE_1_R,rpt_claim_payment_r,V_CLAIM_PAYMENT_ADDRESS_LINE_1_R,Direct
Materialized View,,,RPT_CLAIM_PAYEMNT_R_MV_SSL,RPT_CLAIM_PAYEMNT_R_MV_SSL,V_CLAIM_PAYMENT_ADDRESS_LINE_2_R,rpt_claim_payment_r,V_CLAIM_PAYMENT_ADDRESS_LINE_2_R,Direct
Materialized View,,,RPT_CLAIM_PAYEMNT_R_MV_SSL,RPT_CLAIM_PAYEMNT_R_MV_SSL,V_CLAIM_PAYMENT_ADDRESS_LINE_3_R,rpt_claim_payment_r,V_CLAIM_PAYMENT_ADDRESS_LINE_3_R,Direct
Materialized View,,,RPT_CLAIM_PAYEMNT_R_MV_SSL,RPT_CLAIM_PAYEMNT_R_MV_SSL,V_CLAIM_PAYMENT_CITY_R,rpt_claim_payment_r,V_CLAIM_PAYMENT_CITY_R,Direct
Materialized View,,,RPT_CLAIM_PAYEMNT_R_MV_SSL,RPT_CLAIM_PAYEMNT_R_MV_SSL,V_CLAIM_PAYMENT_STATE_R,rpt_claim_payment_r,V_CLAIM_PAYMENT_STATE_R,Direct
Materialized View,,,RPT_CLAIM_PAYEMNT_R_MV_SSL,RPT_CLAIM_PAYEMNT_R_MV_SSL,V_CREATED_BY_R,rpt_claim_payment_r,V_CREATED_BY_R,Direct
Materialized View,,,RPT_CLAIM_PAYEMNT_R_MV_SSL,RPT_CLAIM_PAYEMNT_R_MV_SSL,V_CUSTOMER_PAYEE_MAIL_COUNTRY_R,rpt_claim_payment_r,V_CUSTOMER_PAYEE_MAIL_COUNTRY_R,Direct
Materialized View,,,RPT_CLAIM_PAYEMNT_R_MV_SSL,RPT_CLAIM_PAYEMNT_R_MV_SSL,V_CUSTOMER_PAYEE_MAIL_STATE_R,rpt_claim_payment_r,V_CUSTOMER_PAYEE_MAIL_STATE_R,Direct
Materialized View,,,RPT_CLAIM_PAYEMNT_R_MV_SSL,RPT_CLAIM_PAYEMNT_R_MV_SSL,V_LAST_MODIFIED_BY_R,rpt_claim_payment_r,V_LAST_MODIFIED_BY_R,Direct
Materialized View,,,RPT_CLAIM_PAYEMNT_R_MV_SSL,RPT_CLAIM_PAYEMNT_R_MV_SSL,V_PAID_YEAR_R,rpt_claim_payment_r,V_PAID_YEAR_R,Direct
Materialized View,,,RPT_CLAIM_PAYEMNT_R_MV_SSL,RPT_CLAIM_PAYEMNT_R_MV_SSL,V_PAYEE_ADDRESS_1_R,rpt_claim_payment_r,V_PAYEE_ADDRESS_1_R,Direct
Materialized View,,,RPT_CLAIM_PAYEMNT_R_MV_SSL,RPT_CLAIM_PAYEMNT_R_MV_SSL,V_PAYEE_ADDRESS_2_R,rpt_claim_payment_r,V_PAYEE_ADDRESS_2_R,Direct
Materialized View,,,RPT_CLAIM_PAYEMNT_R_MV_SSL,RPT_CLAIM_PAYEMNT_R_MV_SSL,V_PAYEE_ADDRESS_3_R,rpt_claim_payment_r,V_PAYEE_ADDRESS_3_R,Direct
Materialized View,,,RPT_CLAIM_PAYEMNT_R_MV_SSL,RPT_CLAIM_PAYEMNT_R_MV_SSL,V_PAYEE_CITY,rpt_claim_payment_r,V_PAYEE_CITY,Direct
Materialized View,,,RPT_CLAIM_PAYEMNT_R_MV_SSL,RPT_CLAIM_PAYEMNT_R_MV_SSL,V_PAYEE_COUNTRY_R,rpt_claim_payment_r,V_PAYEE_COUNTRY_R,Direct
Materialized View,,,RPT_CLAIM_PAYEMNT_R_MV_SSL,RPT_CLAIM_PAYEMNT_R_MV_SSL,V_PAYEE_FIRST_NAME_R,rpt_claim_payment_r,V_PAYEE_FIRST_NAME_R,Direct
Materialized View,,,RPT_CLAIM_PAYEMNT_R_MV_SSL,RPT_CLAIM_PAYEMNT_R_MV_SSL,V_PAYEE_GENDER_R,rpt_claim_payment_r,V_PAYEE_GENDER_R,Direct
Materialized View,,,RPT_CLAIM_PAYEMNT_R_MV_SSL,RPT_CLAIM_PAYEMNT_R_MV_SSL,V_PAYEE_LAST_NAME_R,rpt_claim_payment_r,V_PAYEE_LAST_NAME_R,Direct
Materialized View,,,RPT_CLAIM_PAYEMNT_R_MV_SSL,RPT_CLAIM_PAYEMNT_R_MV_SSL,V_PAYEE_MIDDLE_NAME_R,rpt_claim_payment_r,V_PAYEE_MIDDLE_NAME_R,Direct
Materialized View,,,RPT_CLAIM_PAYEMNT_R_MV_SSL,RPT_CLAIM_PAYEMNT_R_MV_SSL,V_PAYEE_NAME_R,rpt_claim_payment_r,V_PAYEE_NAME_R,Direct
Materialized View,,,RPT_CLAIM_PAYEMNT_R_MV_SSL,RPT_CLAIM_PAYEMNT_R_MV_SSL,V_PAYEE_STATE_R,rpt_claim_payment_r,V_PAYEE_STATE_R,Direct
Materialized View,,,RPT_CLAIM_PAYEMNT_R_MV_SSL,RPT_CLAIM_PAYEMNT_R_MV_SSL,V_PAYEE_TYPE_R,rpt_claim_payment_r,V_PAYEE_TYPE_R,Direct
Materialized View,,,RPT_CLAIM_PAYEMNT_R_MV_SSL,RPT_CLAIM_PAYEMNT_R_MV_SSL,V_PAYEE_ZIP_R,rpt_claim_payment_r,V_PAYEE_ZIP_R,Direct
Materialized View,,,RPT_CLAIM_PAYEMNT_R_MV_SSL,RPT_CLAIM_PAYEMNT_R_MV_SSL,V_PAYMENT_EXAMINER_LOGIN_ID_R,rpt_claim_payment_r,V_PAYMENT_EXAMINER_LOGIN_ID_R,Direct
Materialized View,,,RPT_CLAIM_PAYEMNT_R_MV_SSL,RPT_CLAIM_PAYEMNT_R_MV_SSL,V_PAYMENT_EXAMINER_LOGIN_NAME_R,rpt_claim_payment_r,V_PAYMENT_EXAMINER_LOGIN_NAME_R,Direct
Materialized View,,,RPT_CLAIM_PAYEMNT_R_MV_SSL,RPT_CLAIM_PAYEMNT_R_MV_SSL,V_PAYMENT_EXAMINER_NAME_R,rpt_claim_payment_r,V_PAYMENT_EXAMINER_NAME_R,Direct
Materialized View,,,RPT_CLAIM_PAYEMNT_R_MV_SSL,RPT_CLAIM_PAYEMNT_R_MV_SSL,V_PAYMENT_RECORD_TYPE_R,rpt_claim_payment_r,V_PAYMENT_RECORD_TYPE_R,Direct
Materialized View,,,RPT_CLAIM_PAYEMNT_R_MV_SSL,RPT_CLAIM_PAYEMNT_R_MV_SSL,V_PAYMENT_STATUS_R,rpt_claim_payment_r,V_PAYMENT_STATUS_R,Direct
Materialized View,,,RPT_CLAIM_PAYEMNT_R_MV_SSL,RPT_CLAIM_PAYEMNT_R_MV_SSL,V_PAYMENT_TYPE_R,rpt_claim_payment_r,V_PAYMENT_TYPE_R,Direct
Materialized View,,,RPT_CLAIM_PAYEMNT_R_MV_SSL,RPT_CLAIM_PAYEMNT_R_MV_SSL,V_PAY_METHOD_R,rpt_claim_payment_r,V_PAY_METHOD_R,Direct
Materialized View,,,RPT_CLAIM_PAYEMNT_R_MV_SSL,RPT_CLAIM_PAYEMNT_R_MV_SSL,V_POSTAL_ZIP_R,rpt_claim_payment_r,V_POSTAL_ZIP_R,Direct
Materialized View,,,RPT_CLAIM_PAYEMNT_R_MV_SSL,RPT_CLAIM_PAYEMNT_R_MV_SSL,V_PRIMARY_REINSURER_R,rpt_claim_payment_r,V_PRIMARY_REINSURER_R,Direct
Materialized View,,,RPT_CLAIM_PAYEMNT_R_MV_SSL,RPT_CLAIM_PAYEMNT_R_MV_SSL,V_PRIVACY_INDICATOR_R,rpt_claim_payment_r,V_PRIVACY_INDICATOR_R,Direct
Materialized View,,,RPT_CLAIM_PAYEMNT_R_MV_SSL,RPT_CLAIM_PAYEMNT_R_MV_SSL,V_RECORD_TYPE_R,rpt_claim_payment_r,V_RECORD_TYPE_R,Direct
Materialized View,,,RPT_CLAIM_PAYEMNT_R_MV_SSL,RPT_CLAIM_PAYEMNT_R_MV_SSL,V_RPT_ACTIVE_STATUS_R,rpt_claim_payment_r,V_RPT_ACTIVE_STATUS_R,Direct
Materialized View,,,RPT_CLAIM_PAYEMNT_R_MV_SSL,RPT_CLAIM_PAYEMNT_R_MV_SSL,V_SECONDARY_REINSURER_R,rpt_claim_payment_r,V_SECONDARY_REINSURER_R,Direct
Materialized View,,,RPT_CLAIM_PAYEMNT_R_MV_SSL,RPT_CLAIM_PAYEMNT_R_MV_SSL,V_TAX_STATE_R,rpt_claim_payment_r,V_TAX_STATE_R,Direct
Materialized View,,,RPT_CLAIM_PAYEMNT_R_MV_SSL,RPT_CLAIM_PAYEMNT_R_MV_SSL,V_TERNARY_REINSURER_R,rpt_claim_payment_r,V_TERNARY_REINSURER_R,Direct
Materialized View,,,RPT_CLAIM_PAYMENT_DTL_AMT_MV_SSL,RPT_CLAIM_PAYMENT_DTL_AMT_MV_SSL,n_claim_coverage_group_sk_r,RPT_CLAIM_PAYMENT_DTL_AMT_MV_SSL_1,n_claim_coverage_group_sk_r,Direct
Materialized View,,,RPT_CLAIM_PAYMENT_DTL_AMT_MV_SSL,RPT_CLAIM_PAYMENT_DTL_AMT_MV_SSL,n_claim_coverage_sk_r,RPT_CLAIM_PAYMENT_DTL_AMT_MV_SSL_1,n_claim_coverage_sk_r,Direct
Materialized View,,,RPT_CLAIM_PAYMENT_DTL_AMT_MV_SSL,RPT_CLAIM_PAYMENT_DTL_AMT_MV_SSL,n_claim_mtd_loss_amt_r,RPT_CLAIM_PAYMENT_DTL_AMT_MV_SSL_1,n_claim_total_loss_amt_r,SUM -> case-when
Materialized View,,,RPT_CLAIM_PAYMENT_DTL_AMT_MV_SSL,RPT_CLAIM_PAYMENT_DTL_AMT_MV_SSL,n_claim_qtd_loss_amt_r,RPT_CLAIM_PAYMENT_DTL_AMT_MV_SSL_1,n_claim_total_loss_amt_r,SUM -> case-when
Materialized View,,,RPT_CLAIM_PAYMENT_DTL_AMT_MV_SSL,RPT_CLAIM_PAYMENT_DTL_AMT_MV_SSL,n_claim_sk_r,RPT_CLAIM_PAYMENT_DTL_AMT_MV_SSL_1,n_claim_sk_r,Direct
Materialized View,,,RPT_CLAIM_PAYMENT_DTL_AMT_MV_SSL,RPT_CLAIM_PAYMENT_DTL_AMT_MV_SSL,n_claim_total_gross_amt_r,RPT_CLAIM_PAYMENT_DTL_AMT_MV_SSL_1,n_claim_total_gross_amt_r,SUM
Materialized View,,,RPT_CLAIM_PAYMENT_DTL_AMT_MV_SSL,RPT_CLAIM_PAYMENT_DTL_AMT_MV_SSL,n_claim_total_loss_amt_r,RPT_CLAIM_PAYMENT_DTL_AMT_MV_SSL_1,n_claim_total_loss_amt_r,SUM
Materialized View,,,RPT_CLAIM_PAYMENT_DTL_AMT_MV_SSL,RPT_CLAIM_PAYMENT_DTL_AMT_MV_SSL,n_claim_total_net_amt_r,RPT_CLAIM_PAYMENT_DTL_AMT_MV_SSL_1,n_claim_total_net_amt_r,SUM
Materialized View,,,RPT_CLAIM_PAYMENT_DTL_AMT_MV_SSL,RPT_CLAIM_PAYMENT_DTL_AMT_MV_SSL,n_claim_total_tax_amt_r,RPT_CLAIM_PAYMENT_DTL_AMT_MV_SSL_1,n_claim_total_tax_amt_r,SUM
Materialized View,,,RPT_CLAIM_PAYMENT_DTL_AMT_MV_SSL,RPT_CLAIM_PAYMENT_DTL_AMT_MV_SSL,n_claim_ytd_loss_amt_r,RPT_CLAIM_PAYMENT_DTL_AMT_MV_SSL_1,n_claim_total_loss_amt_r,SUM -> case-when
Materialized View,,,RPT_CLAIM_PAYMENT_DTL_AMT_MV_SSL,RPT_CLAIM_PAYMENT_DTL_AMT_MV_SSL,n_yearmonth_r,RPT_CLAIM_PAYMENT_DTL_AMT_MV_SSL_1,n_yearmonth_r,Direct
Materialized View,,,RPT_CLAIM_PAYMENT_DTL_AMT_MV_SSL_1,RPT_CLAIM_PAYMENT_DTL_AMT_MV_SSL_1,N_BATCH_ID_R_1,RPT_CLAIM_PAYEMNT_DTL_R_MV_SSL,N_BATCH_ID_R_1,Direct
Materialized View,,,RPT_CLAIM_PAYMENT_DTL_AMT_MV_SSL_1,RPT_CLAIM_PAYMENT_DTL_AMT_MV_SSL_1,d_paid_date_r,RPT_CLAIM_PAYMENT_R,d_paid_date_r,Direct
Materialized View,,,RPT_CLAIM_PAYMENT_DTL_AMT_MV_SSL_1,RPT_CLAIM_PAYMENT_DTL_AMT_MV_SSL_1,n_claim_coverage_group_sk_r,RPT_CLAIM_PAYEMNT_DTL_R_MV_SSL,n_claim_coverage_group_sk_r,Direct
Materialized View,,,RPT_CLAIM_PAYMENT_DTL_AMT_MV_SSL_1,RPT_CLAIM_PAYMENT_DTL_AMT_MV_SSL_1,n_claim_coverage_sk_r,RPT_CLAIM_PAYEMNT_DTL_R_MV_SSL,n_claim_coverage_sk_r,Direct
Materialized View,,,RPT_CLAIM_PAYMENT_DTL_AMT_MV_SSL_1,RPT_CLAIM_PAYMENT_DTL_AMT_MV_SSL_1,n_claim_sk_r,RPT_CLAIM_PAYEMNT_DTL_R_MV_SSL,n_claim_sk_r,Direct
Materialized View,,,RPT_CLAIM_PAYMENT_DTL_AMT_MV_SSL_1,RPT_CLAIM_PAYMENT_DTL_AMT_MV_SSL_1,n_claim_total_gross_amt_r,RPT_CLAIM_PAYEMNT_DTL_R_MV_SSL,n_paid_amount_r,Direct
Materialized View,,,RPT_CLAIM_PAYMENT_DTL_AMT_MV_SSL_1,RPT_CLAIM_PAYMENT_DTL_AMT_MV_SSL_1,n_claim_total_loss_amt_r,RPT_CLAIM_PAYEMNT_DTL_R_MV_SSL,n_claim_paid_loss_amount_r,Direct
Materialized View,,,RPT_CLAIM_PAYMENT_DTL_AMT_MV_SSL_1,RPT_CLAIM_PAYMENT_DTL_AMT_MV_SSL_1,n_claim_total_net_amt_r,RPT_CLAIM_PAYEMNT_DTL_R_MV_SSL,n_claim_paid_net_amount_r,Direct
Materialized View,,,RPT_CLAIM_PAYMENT_DTL_AMT_MV_SSL_1,RPT_CLAIM_PAYMENT_DTL_AMT_MV_SSL_1,n_claim_total_tax_amt_r,RPT_CLAIM_PAYEMNT_DTL_R_MV_SSL,n_taxable_benefit_amount_r,Direct
Materialized View,,,RPT_CLAIM_PAYMENT_DTL_AMT_MV_SSL_1,RPT_CLAIM_PAYMENT_DTL_AMT_MV_SSL_1,n_d_paid_date_sk_r,RPT_CLAIM_PAYMENT_R,d_paid_date_r,TO_NUMBER -> TO_CHAR
Materialized View,,,RPT_CLAIM_PAYMENT_DTL_AMT_MV_SSL_1,RPT_CLAIM_PAYMENT_DTL_AMT_MV_SSL_1,n_yearmonth_r,RPT_CLAIM_PAYEMNT_DTL_R_MV_SSL,n_yearmonth_r,Direct
Materialized View,,,RPT_CLAIM_TASK_R_DRQ_MV_SSL_INC,RPT_CLAIM_TASK_R_DRQ_MV_SSL_INC,N_Claim_Sk_r,fct_grp_process_custom_r,n_claim_sk_r,NVL
Materialized View,,,RPT_CLAIM_TASK_R_DRQ_MV_SSL_INC,RPT_CLAIM_TASK_R_DRQ_MV_SSL_INC,N_SOURCE_VERSION_SEQ_NUMBER_R,fct_grp_process_custom_r,N_SOURCE_VERSION_SEQ_NUMBER_R,NVL
Materialized View,,,RPT_CLAIM_TASK_R_DRQ_MV_SSL_INC,RPT_CLAIM_TASK_R_DRQ_MV_SSL_INC,N_TASK_SEQUENCE_R,fct_grp_process_custom_r,N_TASK_SEQUENCE_R,NVL
Materialized View,,,RPT_CLAIM_TASK_R_DRQ_MV_SSL_INC,RPT_CLAIM_TASK_R_DRQ_MV_SSL_INC,n_claim_coverage_group_sk_r,dim_grp_claim_coverage_group_r,n_claim_coverage_group_sk_r,NVL
Materialized View,,,RPT_CLAIM_TASK_R_DRQ_MV_SSL_INC,RPT_CLAIM_TASK_R_DRQ_MV_SSL_INC,n_claim_coverage_sk_r,dim_grp_claim_coverage_r,n_claim_coverage_sk_r,NVL
Materialized View,,,RPT_CLAIM_TASK_R_DRQ_MV_SSL_INC,RPT_CLAIM_TASK_R_DRQ_MV_SSL_INC,t_last_modified_date_r,dim_grp_claim_coverage_r,t_last_modified_date_r,GREATEST -> COALESCE
Materialized View,,,RPT_CLAIM_TASK_R_DRQ_MV_SSL_INC,RPT_CLAIM_TASK_R_DRQ_MV_SSL_INC,t_last_modified_date_r,dim_grp_claim_detail_r,t_last_modified_date_r,GREATEST -> COALESCE
Materialized View,,,RPT_CLAIM_TASK_R_DRQ_MV_SSL_INC,RPT_CLAIM_TASK_R_DRQ_MV_SSL_INC,t_last_modified_date_r,dim_grp_claim_dir_r,t_last_modified_date_r,GREATEST -> COALESCE
Materialized View,,,RPT_CLAIM_TASK_R_DRQ_MV_SSL_INC,RPT_CLAIM_TASK_R_DRQ_MV_SSL_INC,t_last_modified_date_r,fct_grp_process_custom_r,t_last_modified_date_r,GREATEST -> COALESCE
Materialized View,,,VW_DIM_GRP_CLAIM_PRIOR_STATUS_R_MV_SSL,VW_DIM_GRP_CLAIM_PRIOR_STATUS_R_MV_SSL,CLAIM_CAUSE_EVENT_DATE,dim_grp_claim_prior_status_r,CLAIM_CAUSE_EVENT_DATE,MAX
Materialized View,,,VW_DIM_GRP_CLAIM_PRIOR_STATUS_R_MV_SSL,VW_DIM_GRP_CLAIM_PRIOR_STATUS_R_MV_SSL,D_CHECK_NET_BEN_EFF_DATE_R,dim_grp_claim_prior_status_r,D_CHECK_NET_BEN_EFF_DATE_R,Direct
Materialized View,,,VW_DIM_GRP_CLAIM_PRIOR_STATUS_R_MV_SSL,VW_DIM_GRP_CLAIM_PRIOR_STATUS_R_MV_SSL,D_CLAIM_STATUS_CODE_EFF_DATE_R,dim_grp_claim_prior_status_r,D_CLAIM_STATUS_CODE_EFF_DATE_R,MAX
Materialized View,,,VW_DIM_GRP_CLAIM_PRIOR_STATUS_R_MV_SSL,VW_DIM_GRP_CLAIM_PRIOR_STATUS_R_MV_SSL,D_CURR_LOSS_DATE_R,dim_grp_claim_prior_status_r,D_CURR_LOSS_DATE_R,MAX
Materialized View,,,VW_DIM_GRP_CLAIM_PRIOR_STATUS_R_MV_SSL,VW_DIM_GRP_CLAIM_PRIOR_STATUS_R_MV_SSL,D_DURATION_EFF_DATE_R,dim_grp_claim_prior_status_r,D_DURATION_EFF_DATE_R,MAX
Materialized View,,,VW_DIM_GRP_CLAIM_PRIOR_STATUS_R_MV_SSL,VW_DIM_GRP_CLAIM_PRIOR_STATUS_R_MV_SSL,D_ELIMINATION_EFF_DATE_R,dim_grp_claim_prior_status_r,D_ELIMINATION_EFF_DATE_R,Direct
Materialized View,,,VW_DIM_GRP_CLAIM_PRIOR_STATUS_R_MV_SSL,VW_DIM_GRP_CLAIM_PRIOR_STATUS_R_MV_SSL,D_GROSS_BEN_EFF_DATE_R,dim_grp_claim_prior_status_r,D_GROSS_BEN_EFF_DATE_R,Direct
Materialized View,,,VW_DIM_GRP_CLAIM_PRIOR_STATUS_R_MV_SSL,VW_DIM_GRP_CLAIM_PRIOR_STATUS_R_MV_SSL,D_LAST_IN_STATUS_46_DATE_R,dim_grp_claim_prior_status_r,D_LAST_IN_STATUS_46_DATE_R,MAX
Materialized View,,,VW_DIM_GRP_CLAIM_PRIOR_STATUS_R_MV_SSL,VW_DIM_GRP_CLAIM_PRIOR_STATUS_R_MV_SSL,D_LOSS_DATE_EFF_DATE_R,dim_grp_claim_prior_status_r,D_LOSS_DATE_EFF_DATE_R,MAX
Materialized View,,,VW_DIM_GRP_CLAIM_PRIOR_STATUS_R_MV_SSL,VW_DIM_GRP_CLAIM_PRIOR_STATUS_R_MV_SSL,D_PRIMARY_DIAG_EFF_DATE_R,dim_grp_claim_prior_status_r,D_PRIMARY_DIAG_EFF_DATE_R,Direct
Materialized View,,,VW_DIM_GRP_CLAIM_PRIOR_STATUS_R_MV_SSL,VW_DIM_GRP_CLAIM_PRIOR_STATUS_R_MV_SSL,D_PRIOR_LOSS_DATE_R,dim_grp_claim_prior_status_r,D_PRIOR_LOSS_DATE_R,MAX
Materialized View,,,VW_DIM_GRP_CLAIM_PRIOR_STATUS_R_MV_SSL,VW_DIM_GRP_CLAIM_PRIOR_STATUS_R_MV_SSL,D_RECORD_END_DATE_R,dim_grp_claim_prior_status_r,D_RECORD_END_DATE_R,Direct
Materialized View,,,VW_DIM_GRP_CLAIM_PRIOR_STATUS_R_MV_SSL,VW_DIM_GRP_CLAIM_PRIOR_STATUS_R_MV_SSL,D_RECORD_START_DATE_R,dim_grp_claim_prior_status_r,D_RECORD_START_DATE_R,Direct
Materialized View,,,VW_DIM_GRP_CLAIM_PRIOR_STATUS_R_MV_SSL,VW_DIM_GRP_CLAIM_PRIOR_STATUS_R_MV_SSL,FIC_MIS_DATE_R,dim_grp_claim_prior_status_r,FIC_MIS_DATE_R,Direct
Materialized View,,,VW_DIM_GRP_CLAIM_PRIOR_STATUS_R_MV_SSL,VW_DIM_GRP_CLAIM_PRIOR_STATUS_R_MV_SSL,N_BATCH_ID_R,dim_grp_claim_prior_status_r,N_BATCH_ID_R,Direct
Materialized View,,,VW_DIM_GRP_CLAIM_PRIOR_STATUS_R_MV_SSL,VW_DIM_GRP_CLAIM_PRIOR_STATUS_R_MV_SSL,N_CLAIM_COVERAGE_GROUP_SK_R,dim_grp_claim_prior_status_r,N_CLAIM_COVERAGE_GROUP_SK_R,Direct
Materialized View,,,VW_DIM_GRP_CLAIM_PRIOR_STATUS_R_MV_SSL,VW_DIM_GRP_CLAIM_PRIOR_STATUS_R_MV_SSL,N_CLAIM_COVERAGE_SK_R,dim_grp_claim_prior_status_r,N_CLAIM_COVERAGE_SK_R,Direct
Materialized View,,,VW_DIM_GRP_CLAIM_PRIOR_STATUS_R_MV_SSL,VW_DIM_GRP_CLAIM_PRIOR_STATUS_R_MV_SSL,N_CLAIM_SK_R,dim_grp_claim_prior_status_r,N_CLAIM_SK_R,Direct
Materialized View,,,VW_DIM_GRP_CLAIM_PRIOR_STATUS_R_MV_SSL,VW_DIM_GRP_CLAIM_PRIOR_STATUS_R_MV_SSL,N_COV_GRP_ID_R,dim_grp_claim_prior_status_r,N_COV_GRP_ID_R,Direct
Materialized View,,,VW_DIM_GRP_CLAIM_PRIOR_STATUS_R_MV_SSL,VW_DIM_GRP_CLAIM_PRIOR_STATUS_R_MV_SSL,N_CURR_CHECK_NET_BEN_AMT_R,dim_grp_claim_prior_status_r,N_CURR_CHECK_NET_BEN_AMT_R,Direct
Materialized View,,,VW_DIM_GRP_CLAIM_PRIOR_STATUS_R_MV_SSL,VW_DIM_GRP_CLAIM_PRIOR_STATUS_R_MV_SSL,N_CURR_ELIMINATION_PERIOD_R,dim_grp_claim_prior_status_r,N_CURR_ELIMINATION_PERIOD_R,Direct
Materialized View,,,VW_DIM_GRP_CLAIM_PRIOR_STATUS_R_MV_SSL,VW_DIM_GRP_CLAIM_PRIOR_STATUS_R_MV_SSL,N_CURR_GROSS_BEN_AMT_R,dim_grp_claim_prior_status_r,N_CURR_GROSS_BEN_AMT_R,Direct
Materialized View,,,VW_DIM_GRP_CLAIM_PRIOR_STATUS_R_MV_SSL,VW_DIM_GRP_CLAIM_PRIOR_STATUS_R_MV_SSL,N_PRIOR_CHECK_NET_BEN_AMT_R,dim_grp_claim_prior_status_r,N_PRIOR_CHECK_NET_BEN_AMT_R,Direct
Materialized View,,,VW_DIM_GRP_CLAIM_PRIOR_STATUS_R_MV_SSL,VW_DIM_GRP_CLAIM_PRIOR_STATUS_R_MV_SSL,N_PRIOR_ELIMINATION_PERIOD_R,dim_grp_claim_prior_status_r,N_PRIOR_ELIMINATION_PERIOD_R,Direct
Materialized View,,,VW_DIM_GRP_CLAIM_PRIOR_STATUS_R_MV_SSL,VW_DIM_GRP_CLAIM_PRIOR_STATUS_R_MV_SSL,N_PRIOR_GROSS_BEN_AMT_R,dim_grp_claim_prior_status_r,N_PRIOR_GROSS_BEN_AMT_R,Direct
Materialized View,,,VW_DIM_GRP_CLAIM_PRIOR_STATUS_R_MV_SSL,VW_DIM_GRP_CLAIM_PRIOR_STATUS_R_MV_SSL,T_CREATION_DATE_R,dim_grp_claim_prior_status_r,T_CREATION_DATE_R,Direct
Materialized View,,,VW_DIM_GRP_CLAIM_PRIOR_STATUS_R_MV_SSL,VW_DIM_GRP_CLAIM_PRIOR_STATUS_R_MV_SSL,T_EVENT_TIMESTAMP_R,dim_grp_claim_prior_status_r,T_EVENT_TIMESTAMP_R,Direct
Materialized View,,,VW_DIM_GRP_CLAIM_PRIOR_STATUS_R_MV_SSL,VW_DIM_GRP_CLAIM_PRIOR_STATUS_R_MV_SSL,T_LAST_MODIFIED_DATE_R,dim_grp_claim_prior_status_r,T_LAST_MODIFIED_DATE_R,Direct
Materialized View,,,VW_DIM_GRP_CLAIM_PRIOR_STATUS_R_MV_SSL,VW_DIM_GRP_CLAIM_PRIOR_STATUS_R_MV_SSL,V_CAUSE_EVENT_ACTIVE_STATUS_R,dim_grp_claim_prior_status_r,V_CAUSE_EVENT_ACTIVE_STATUS_R,Direct
Materialized View,,,VW_DIM_GRP_CLAIM_PRIOR_STATUS_R_MV_SSL,VW_DIM_GRP_CLAIM_PRIOR_STATUS_R_MV_SSL,V_CLAIM_NUMBER_R,dim_grp_claim_prior_status_r,V_CLAIM_NUMBER_R,Direct
Materialized View,,,VW_DIM_GRP_CLAIM_PRIOR_STATUS_R_MV_SSL,VW_DIM_GRP_CLAIM_PRIOR_STATUS_R_MV_SSL,V_COVERAGE_CODE_R,dim_grp_claim_prior_status_r,V_COVERAGE_CODE_R,Direct
Materialized View,,,VW_DIM_GRP_CLAIM_PRIOR_STATUS_R_MV_SSL,VW_DIM_GRP_CLAIM_PRIOR_STATUS_R_MV_SSL,V_COVERAGE_GROUP_CODE_R,dim_grp_claim_prior_status_r,V_COVERAGE_GROUP_CODE_R,Direct
Materialized View,,,VW_DIM_GRP_CLAIM_PRIOR_STATUS_R_MV_SSL,VW_DIM_GRP_CLAIM_PRIOR_STATUS_R_MV_SSL,V_CREATED_BY_R,dim_grp_claim_prior_status_r,V_CREATED_BY_R,Direct
Materialized View,,,VW_DIM_GRP_CLAIM_PRIOR_STATUS_R_MV_SSL,VW_DIM_GRP_CLAIM_PRIOR_STATUS_R_MV_SSL,V_CURR_CLAIM_CAUSE_OF_EVENT_R,dim_grp_claim_prior_status_r,V_CURR_CLAIM_CAUSE_OF_EVENT_R,Direct
Materialized View,,,VW_DIM_GRP_CLAIM_PRIOR_STATUS_R_MV_SSL,VW_DIM_GRP_CLAIM_PRIOR_STATUS_R_MV_SSL,V_CURR_CLAIM_CLOSURE_CODE_R,dim_grp_claim_prior_status_r,V_CURR_CLAIM_CLOSURE_CODE_R,MAX
Materialized View,,,VW_DIM_GRP_CLAIM_PRIOR_STATUS_R_MV_SSL,VW_DIM_GRP_CLAIM_PRIOR_STATUS_R_MV_SSL,V_CURR_CLAIM_STATUS_CODE_R,dim_grp_claim_prior_status_r,V_CURR_CLAIM_STATUS_CODE_R,MAX
Materialized View,,,VW_DIM_GRP_CLAIM_PRIOR_STATUS_R_MV_SSL,VW_DIM_GRP_CLAIM_PRIOR_STATUS_R_MV_SSL,V_CURR_DURATION_ACTIVE_STATUS_R,dim_grp_claim_prior_status_r,V_CURR_DURATION_ACTIVE_STATUS_R,Direct
Materialized View,,,VW_DIM_GRP_CLAIM_PRIOR_STATUS_R_MV_SSL,VW_DIM_GRP_CLAIM_PRIOR_STATUS_R_MV_SSL,V_CURR_DURATION_IND_R,dim_grp_claim_prior_status_r,V_CURR_DURATION_IND_R,MAX
Materialized View,,,VW_DIM_GRP_CLAIM_PRIOR_STATUS_R_MV_SSL,VW_DIM_GRP_CLAIM_PRIOR_STATUS_R_MV_SSL,V_CURR_DURATION_R,dim_grp_claim_prior_status_r,V_CURR_DURATION_R,MAX
Materialized View,,,VW_DIM_GRP_CLAIM_PRIOR_STATUS_R_MV_SSL,VW_DIM_GRP_CLAIM_PRIOR_STATUS_R_MV_SSL,V_CURR_PRIMARY_DIAG_CAT_DESC_R,dim_grp_claim_prior_status_r,V_CURR_PRIMARY_DIAG_CAT_DESC_R,Direct
Materialized View,,,VW_DIM_GRP_CLAIM_PRIOR_STATUS_R_MV_SSL,VW_DIM_GRP_CLAIM_PRIOR_STATUS_R_MV_SSL,V_CURR_PRIMARY_DIAG_CODE_R,dim_grp_claim_prior_status_r,V_CURR_PRIMARY_DIAG_CODE_R,Direct
Materialized View,,,VW_DIM_GRP_CLAIM_PRIOR_STATUS_R_MV_SSL,VW_DIM_GRP_CLAIM_PRIOR_STATUS_R_MV_SSL,V_CURR_PRIMARY_DIAG_DESC_R,dim_grp_claim_prior_status_r,V_CURR_PRIMARY_DIAG_DESC_R,Direct
Materialized View,,,VW_DIM_GRP_CLAIM_PRIOR_STATUS_R_MV_SSL,VW_DIM_GRP_CLAIM_PRIOR_STATUS_R_MV_SSL,V_LAST_MODIFIED_BY_R,dim_grp_claim_prior_status_r,V_LAST_MODIFIED_BY_R,Direct
Materialized View,,,VW_DIM_GRP_CLAIM_PRIOR_STATUS_R_MV_SSL,VW_DIM_GRP_CLAIM_PRIOR_STATUS_R_MV_SSL,V_NET_BEN_AMT_ACTIVE_STATUS_R,dim_grp_claim_prior_status_r,V_NET_BEN_AMT_ACTIVE_STATUS_R,Direct
Materialized View,,,VW_DIM_GRP_CLAIM_PRIOR_STATUS_R_MV_SSL,VW_DIM_GRP_CLAIM_PRIOR_STATUS_R_MV_SSL,V_PRIMARY_DIAG_ACTIVE_STATUS_R,dim_grp_claim_prior_status_r,V_PRIMARY_DIAG_ACTIVE_STATUS_R,Direct
Materialized View,,,VW_DIM_GRP_CLAIM_PRIOR_STATUS_R_MV_SSL,VW_DIM_GRP_CLAIM_PRIOR_STATUS_R_MV_SSL,V_PRIOR_CLAIM_CAUSE_OF_EVENT_R,dim_grp_claim_prior_status_r,V_PRIOR_CLAIM_CAUSE_OF_EVENT_R,Direct
Materialized View,,,VW_DIM_GRP_CLAIM_PRIOR_STATUS_R_MV_SSL,VW_DIM_GRP_CLAIM_PRIOR_STATUS_R_MV_SSL,V_PRIOR_CLAIM_CLOSURE_CODE_R,dim_grp_claim_prior_status_r,V_PRIOR_CLAIM_CLOSURE_CODE_R,MAX
Materialized View,,,VW_DIM_GRP_CLAIM_PRIOR_STATUS_R_MV_SSL,VW_DIM_GRP_CLAIM_PRIOR_STATUS_R_MV_SSL,V_PRIOR_CLAIM_STATUS_CODE_R,dim_grp_claim_prior_status_r,V_PRIOR_CLAIM_STATUS_CODE_R,MAX
Materialized View,,,VW_DIM_GRP_CLAIM_PRIOR_STATUS_R_MV_SSL,VW_DIM_GRP_CLAIM_PRIOR_STATUS_R_MV_SSL,V_PRIOR_DURATION_IND_R,dim_grp_claim_prior_status_r,V_PRIOR_DURATION_IND_R,MAX
Materialized View,,,VW_DIM_GRP_CLAIM_PRIOR_STATUS_R_MV_SSL,VW_DIM_GRP_CLAIM_PRIOR_STATUS_R_MV_SSL,V_PRIOR_DURATION_R,dim_grp_claim_prior_status_r,V_PRIOR_DURATION_R,MAX
Materialized View,,,VW_DIM_GRP_CLAIM_PRIOR_STATUS_R_MV_SSL,VW_DIM_GRP_CLAIM_PRIOR_STATUS_R_MV_SSL,V_PRIOR_PRIMARY_DIAG_CODE_R,dim_grp_claim_prior_status_r,V_PRIOR_PRIMARY_DIAG_CODE_R,Direct
Materialized View,,,VW_DIM_GRP_CLAIM_PRIOR_STATUS_R_MV_SSL,VW_DIM_GRP_CLAIM_PRIOR_STATUS_R_MV_SSL,V_PRIOR_PRIMARY_DIAG_DESC_R,dim_grp_claim_prior_status_r,V_PRIOR_PRIMARY_DIAG_DESC_R,Direct
Materialized View,,,VW_DIM_GRP_CLAIM_PRIOR_STATUS_R_MV_SSL,VW_DIM_GRP_CLAIM_PRIOR_STATUS_R_MV_SSL,V_PRIVACY_INDICATOR_R,dim_grp_claim_prior_status_r,V_PRIVACY_INDICATOR_R,Direct
Materialized View,,,VW_DIM_GRP_CLAIM_PRIOR_STATUS_R_MV_SSL,VW_DIM_GRP_CLAIM_PRIOR_STATUS_R_MV_SSL,V_RPT_WORKSHEET_INDICATOR_R,dim_grp_claim_prior_status_r,V_RPT_WORKSHEET_INDICATOR_R,Direct
Materialized View,,,VW_FCT_CLAIM_PAYMENT_DETAIL_R_MV_SSL_INC,VW_FCT_CLAIM_PAYMENT_DETAIL_R_MV_SSL_INC,D_CHECK_DATE_R,FCT_CLAIM_PAYMENT_DETAIL_R_MV_SSL,D_CHECK_DATE_R,Direct
Materialized View,,,VW_FCT_CLAIM_PAYMENT_DETAIL_R_MV_SSL_INC,VW_FCT_CLAIM_PAYMENT_DETAIL_R_MV_SSL_INC,D_PAID_DATE_R,FCT_CLAIM_PAYMENT_DETAIL_R_MV_SSL,D_PAID_DATE_R,Direct
Materialized View,,,VW_FCT_CLAIM_PAYMENT_DETAIL_R_MV_SSL_INC,VW_FCT_CLAIM_PAYMENT_DETAIL_R_MV_SSL_INC,D_SERVICE_PERIOD_FROM_R,FCT_CLAIM_PAYMENT_DETAIL_R_MV_SSL,D_SERVICE_PERIOD_FROM_R,Direct
Materialized View,,,VW_FCT_CLAIM_PAYMENT_DETAIL_R_MV_SSL_INC,VW_FCT_CLAIM_PAYMENT_DETAIL_R_MV_SSL_INC,D_SERVICE_PERIOD_TO_R,FCT_CLAIM_PAYMENT_DETAIL_R_MV_SSL,D_SERVICE_PERIOD_TO_R,Direct
Materialized View,,,VW_FCT_CLAIM_PAYMENT_DETAIL_R_MV_SSL_INC,VW_FCT_CLAIM_PAYMENT_DETAIL_R_MV_SSL_INC,FIC_MIS_DATE_R,FCT_CLAIM_PAYMENT_DETAIL_R_MV_SSL,FIC_MIS_DATE_R,Direct
Materialized View,,,VW_FCT_CLAIM_PAYMENT_DETAIL_R_MV_SSL_INC,VW_FCT_CLAIM_PAYMENT_DETAIL_R_MV_SSL_INC,N_ADJ_GROSS_BENEFIT_R,FCT_CLAIM_PAYMENT_DETAIL_R_MV_SSL,N_ADJ_GROSS_BENEFIT_R,Direct
Materialized View,,,VW_FCT_CLAIM_PAYMENT_DETAIL_R_MV_SSL_INC,VW_FCT_CLAIM_PAYMENT_DETAIL_R_MV_SSL_INC,N_BATCH_ID_R,FCT_CLAIM_PAYMENT_DETAIL_R_MV_SSL,N_BATCH_ID_R,Direct
Materialized View,,,VW_FCT_CLAIM_PAYMENT_DETAIL_R_MV_SSL_INC,VW_FCT_CLAIM_PAYMENT_DETAIL_R_MV_SSL_INC,N_CLAIM_COVERAGE_GROUP_SK_R,dim_grp_claim_coverage_group_r,n_claim_coverage_group_sk_r,case-when
Materialized View,,,VW_FCT_CLAIM_PAYMENT_DETAIL_R_MV_SSL_INC,VW_FCT_CLAIM_PAYMENT_DETAIL_R_MV_SSL_INC,N_CLAIM_COVERAGE_SK_R,FCT_CLAIM_PAYMENT_DETAIL_R_MV_SSL,n_claim_coverage_sk_r,Direct
Materialized View,,,VW_FCT_CLAIM_PAYMENT_DETAIL_R_MV_SSL_INC,VW_FCT_CLAIM_PAYMENT_DETAIL_R_MV_SSL_INC,N_CLAIM_SK_R,FCT_CLAIM_PAYMENT_DETAIL_R_MV_SSL,n_claim_sk_r,Direct
Materialized View,,,VW_FCT_CLAIM_PAYMENT_DETAIL_R_MV_SSL_INC,VW_FCT_CLAIM_PAYMENT_DETAIL_R_MV_SSL_INC,N_EMPLOYEE_MED_WITHHELD_AMT_R,FCT_CLAIM_PAYMENT_DETAIL_R_MV_SSL,N_EMPLOYEE_MED_WITHHELD_AMT_R,Direct
Materialized View,,,VW_FCT_CLAIM_PAYMENT_DETAIL_R_MV_SSL_INC,VW_FCT_CLAIM_PAYMENT_DETAIL_R_MV_SSL_INC,N_EMPLOYEE_SS_WITHHELD_AMT_R,FCT_CLAIM_PAYMENT_DETAIL_R_MV_SSL,N_EMPLOYEE_SS_WITHHELD_AMT_R,Direct
Materialized View,,,VW_FCT_CLAIM_PAYMENT_DETAIL_R_MV_SSL_INC,VW_FCT_CLAIM_PAYMENT_DETAIL_R_MV_SSL_INC,N_EMPLOYER_MED_WITHHELD_AMT_R,FCT_CLAIM_PAYMENT_DETAIL_R_MV_SSL,N_EMPLOYER_MED_WITHHELD_AMT_R,Direct
Materialized View,,,VW_FCT_CLAIM_PAYMENT_DETAIL_R_MV_SSL_INC,VW_FCT_CLAIM_PAYMENT_DETAIL_R_MV_SSL_INC,N_EMPLOYER_SS_WITHHELD_AMT_R,FCT_CLAIM_PAYMENT_DETAIL_R_MV_SSL,N_EMPLOYER_SS_WITHHELD_AMT_R,Direct
Materialized View,,,VW_FCT_CLAIM_PAYMENT_DETAIL_R_MV_SSL_INC,VW_FCT_CLAIM_PAYMENT_DETAIL_R_MV_SSL_INC,N_FEDERAL_TAX_WITHHELD_AMT_R,FCT_CLAIM_PAYMENT_DETAIL_R_MV_SSL,N_FEDERAL_TAX_WITHHELD_AMT_R,Direct
Materialized View,,,VW_FCT_CLAIM_PAYMENT_DETAIL_R_MV_SSL_INC,VW_FCT_CLAIM_PAYMENT_DETAIL_R_MV_SSL_INC,N_GROSS_AMOUNT_R,FCT_CLAIM_PAYMENT_DETAIL_R_MV_SSL,N_GROSS_AMOUNT_R,Direct
Materialized View,,,VW_FCT_CLAIM_PAYMENT_DETAIL_R_MV_SSL_INC,VW_FCT_CLAIM_PAYMENT_DETAIL_R_MV_SSL_INC,N_GROSS_WAGE_BASE_R,FCT_CLAIM_PAYMENT_DETAIL_R_MV_SSL,N_GROSS_WAGE_BASE_R,Direct
Materialized View,,,VW_FCT_CLAIM_PAYMENT_DETAIL_R_MV_SSL_INC,VW_FCT_CLAIM_PAYMENT_DETAIL_R_MV_SSL_INC,N_GROUP_SEQ_R,FCT_CLAIM_PAYMENT_DETAIL_R_MV_SSL,N_GROUP_SEQ_R,Direct
Materialized View,,,VW_FCT_CLAIM_PAYMENT_DETAIL_R_MV_SSL_INC,VW_FCT_CLAIM_PAYMENT_DETAIL_R_MV_SSL_INC,N_LEGAL_EXPENSE_DIRECT_AMT_R,FCT_CLAIM_PAYMENT_DETAIL_R_MV_SSL,N_LEGAL_EXPENSE_DIRECT_AMT_R,Direct
Materialized View,,,VW_FCT_CLAIM_PAYMENT_DETAIL_R_MV_SSL_INC,VW_FCT_CLAIM_PAYMENT_DETAIL_R_MV_SSL_INC,N_LOAD_RUN_ID_R,FCT_CLAIM_PAYMENT_DETAIL_R_MV_SSL,N_LOAD_RUN_ID_R,Direct
Materialized View,,,VW_FCT_CLAIM_PAYMENT_DETAIL_R_MV_SSL_INC,VW_FCT_CLAIM_PAYMENT_DETAIL_R_MV_SSL_INC,N_MED_WAGE_BASE_R,FCT_CLAIM_PAYMENT_DETAIL_R_MV_SSL,N_MED_WAGE_BASE_R,Direct
Materialized View,,,VW_FCT_CLAIM_PAYMENT_DETAIL_R_MV_SSL_INC,VW_FCT_CLAIM_PAYMENT_DETAIL_R_MV_SSL_INC,N_MODAL_AMOUNT_R,FCT_CLAIM_PAYMENT_DETAIL_R_MV_SSL,N_MODAL_AMOUNT_R,Direct
Materialized View,,,VW_FCT_CLAIM_PAYMENT_DETAIL_R_MV_SSL_INC,VW_FCT_CLAIM_PAYMENT_DETAIL_R_MV_SSL_INC,N_OTHER_EXPENSE_DIRECT_AMT_R,FCT_CLAIM_PAYMENT_DETAIL_R_MV_SSL,N_OTHER_EXPENSE_DIRECT_AMT_R,Direct
Materialized View,,,VW_FCT_CLAIM_PAYMENT_DETAIL_R_MV_SSL_INC,VW_FCT_CLAIM_PAYMENT_DETAIL_R_MV_SSL_INC,N_PAID_AMOUNT_R,FCT_CLAIM_PAYMENT_DETAIL_R_MV_SSL,N_PAID_AMOUNT_R,Direct
Materialized View,,,VW_FCT_CLAIM_PAYMENT_DETAIL_R_MV_SSL_INC,VW_FCT_CLAIM_PAYMENT_DETAIL_R_MV_SSL_INC,N_PAID_CLAIM_BENEFITS_R,FCT_CLAIM_PAYMENT_DETAIL_R_MV_SSL,N_PAID_CLAIM_BENEFITS_R,Direct
Materialized View,,,VW_FCT_CLAIM_PAYMENT_DETAIL_R_MV_SSL_INC,VW_FCT_CLAIM_PAYMENT_DETAIL_R_MV_SSL_INC,N_PARENT_OBJECTNUM_R,FCT_CLAIM_PAYMENT_DETAIL_R_MV_SSL,N_PARENT_OBJECTNUM_R,Direct
Materialized View,,,VW_FCT_CLAIM_PAYMENT_DETAIL_R_MV_SSL_INC,VW_FCT_CLAIM_PAYMENT_DETAIL_R_MV_SSL_INC,N_PAYEE_PARTY_SK_R,FCT_CLAIM_PAYMENT_DETAIL_R_MV_SSL,N_PAYEE_PARTY_SK_R,Direct
Materialized View,,,VW_FCT_CLAIM_PAYMENT_DETAIL_R_MV_SSL_INC,VW_FCT_CLAIM_PAYMENT_DETAIL_R_MV_SSL_INC,N_PAYMENT_SK_R,FCT_CLAIM_PAYMENT_DETAIL_R_MV_SSL,ROWNUM,Direct
Materialized View,,,VW_FCT_CLAIM_PAYMENT_DETAIL_R_MV_SSL_INC,VW_FCT_CLAIM_PAYMENT_DETAIL_R_MV_SSL_INC,N_PAYMENT_SK_R,FCT_CLAIM_PAYMENT_DETAIL_R_MV_SSL,ROW_NUM_PAYMENT_SK,Direct
Materialized View,,,VW_FCT_CLAIM_PAYMENT_DETAIL_R_MV_SSL_INC,VW_FCT_CLAIM_PAYMENT_DETAIL_R_MV_SSL_INC,N_PAY_AMOUNT_R,FCT_CLAIM_PAYMENT_DETAIL_R_MV_SSL,N_PAY_AMOUNT_R,Direct
Materialized View,,,VW_FCT_CLAIM_PAYMENT_DETAIL_R_MV_SSL_INC,VW_FCT_CLAIM_PAYMENT_DETAIL_R_MV_SSL_INC,N_PRIMARY_PAYEE_R,FCT_CLAIM_PAYMENT_DETAIL_R_MV_SSL,N_PRIMARY_PAYEE_R,Direct
Materialized View,,,VW_FCT_CLAIM_PAYMENT_DETAIL_R_MV_SSL_INC,VW_FCT_CLAIM_PAYMENT_DETAIL_R_MV_SSL_INC,N_PRIMARY_REINSURER_REINSURANCE_PCT_R,FCT_CLAIM_PAYMENT_DETAIL_R_MV_SSL,N_PRIMARY_REINSURER_REINSURANCE_PCT_R,Direct
Materialized View,,,VW_FCT_CLAIM_PAYMENT_DETAIL_R_MV_SSL_INC,VW_FCT_CLAIM_PAYMENT_DETAIL_R_MV_SSL_INC,N_PRIMARY_REINSURER_REINS_SHARE_PCT_R,FCT_CLAIM_PAYMENT_DETAIL_R_MV_SSL,N_PRIMARY_REINSURER_REINS_SHARE_PCT_R,Direct
Materialized View,,,VW_FCT_CLAIM_PAYMENT_DETAIL_R_MV_SSL_INC,VW_FCT_CLAIM_PAYMENT_DETAIL_R_MV_SSL_INC,N_SECONDARY_REINSURER_REINSURANCE_PCT_R,FCT_CLAIM_PAYMENT_DETAIL_R_MV_SSL,N_SECONDARY_REINSURER_REINSURANCE_PCT_R,Direct
Materialized View,,,VW_FCT_CLAIM_PAYMENT_DETAIL_R_MV_SSL_INC,VW_FCT_CLAIM_PAYMENT_DETAIL_R_MV_SSL_INC,N_SECONDARY_REINSURER_REINS_SHARE_PCT_R,FCT_CLAIM_PAYMENT_DETAIL_R_MV_SSL,N_SECONDARY_REINSURER_REINS_SHARE_PCT_R,Direct
Materialized View,,,VW_FCT_CLAIM_PAYMENT_DETAIL_R_MV_SSL_INC,VW_FCT_CLAIM_PAYMENT_DETAIL_R_MV_SSL_INC,N_SEQUENCE_NUMBER_R,FCT_CLAIM_PAYMENT_DETAIL_R_MV_SSL,N_SEQUENCE_NUMBER_R,Direct
Materialized View,,,VW_FCT_CLAIM_PAYMENT_DETAIL_R_MV_SSL_INC,VW_FCT_CLAIM_PAYMENT_DETAIL_R_MV_SSL_INC,N_SEQ_R,FCT_CLAIM_PAYMENT_DETAIL_R_MV_SSL,N_SEQ_R,Direct
Materialized View,,,VW_FCT_CLAIM_PAYMENT_DETAIL_R_MV_SSL_INC,VW_FCT_CLAIM_PAYMENT_DETAIL_R_MV_SSL_INC,N_SOURCE_SYSTEM_KEY_R,FCT_CLAIM_PAYMENT_DETAIL_R_MV_SSL,N_SOURCE_SYSTEM_KEY_R,Direct
Materialized View,,,VW_FCT_CLAIM_PAYMENT_DETAIL_R_MV_SSL_INC,VW_FCT_CLAIM_PAYMENT_DETAIL_R_MV_SSL_INC,N_SOURCE_VERSION_SEQ_NUMBER_R,FCT_CLAIM_PAYMENT_DETAIL_R_MV_SSL,N_SOURCE_VERSION_SEQ_NUMBER_R,Direct
Materialized View,,,VW_FCT_CLAIM_PAYMENT_DETAIL_R_MV_SSL_INC,VW_FCT_CLAIM_PAYMENT_DETAIL_R_MV_SSL_INC,N_SS_WAGE_BASE_R,FCT_CLAIM_PAYMENT_DETAIL_R_MV_SSL,N_SS_WAGE_BASE_R,Direct
Materialized View,,,VW_FCT_CLAIM_PAYMENT_DETAIL_R_MV_SSL_INC,VW_FCT_CLAIM_PAYMENT_DETAIL_R_MV_SSL_INC,N_STATE_TAX_WITHHELD_AMT_R,FCT_CLAIM_PAYMENT_DETAIL_R_MV_SSL,N_STATE_TAX_WITHHELD_AMT_R,Direct
Materialized View,,,VW_FCT_CLAIM_PAYMENT_DETAIL_R_MV_SSL_INC,VW_FCT_CLAIM_PAYMENT_DETAIL_R_MV_SSL_INC,N_TAXABLE_BENEFIT_AMT_R,FCT_CLAIM_PAYMENT_DETAIL_R_MV_SSL,N_TAXABLE_BENEFIT_AMT_R,Direct
Materialized View,,,VW_FCT_CLAIM_PAYMENT_DETAIL_R_MV_SSL_INC,VW_FCT_CLAIM_PAYMENT_DETAIL_R_MV_SSL_INC,N_TAXABLE_PERCENT_R,FCT_CLAIM_PAYMENT_DETAIL_R_MV_SSL,N_TAXABLE_PERCENT_R,Direct
Materialized View,,,VW_FCT_CLAIM_PAYMENT_DETAIL_R_MV_SSL_INC,VW_FCT_CLAIM_PAYMENT_DETAIL_R_MV_SSL_INC,N_TERNARY_REINSURER_REINSURANCE_PCT_R,FCT_CLAIM_PAYMENT_DETAIL_R_MV_SSL,N_TERNARY_REINSURER_REINSURANCE_PCT_R,Direct
Materialized View,,,VW_FCT_CLAIM_PAYMENT_DETAIL_R_MV_SSL_INC,VW_FCT_CLAIM_PAYMENT_DETAIL_R_MV_SSL_INC,N_TERNARY_REINSURER_REINS_SHARE_PCT_R,FCT_CLAIM_PAYMENT_DETAIL_R_MV_SSL,N_TERNARY_REINSURER_REINS_SHARE_PCT_R,Direct
Materialized View,,,VW_FCT_CLAIM_PAYMENT_DETAIL_R_MV_SSL_INC,VW_FCT_CLAIM_PAYMENT_DETAIL_R_MV_SSL_INC,N_TOTAL_REINSURANCE_PCT_R,FCT_CLAIM_PAYMENT_DETAIL_R_MV_SSL,N_TOTAL_REINSURANCE_PCT_R,Direct
Materialized View,,,VW_FCT_CLAIM_PAYMENT_DETAIL_R_MV_SSL_INC,VW_FCT_CLAIM_PAYMENT_DETAIL_R_MV_SSL_INC,N_WORKSHEET_OBJECT_NUM_R,FCT_CLAIM_PAYMENT_DETAIL_R_MV_SSL,N_WORKSHEET_OBJECT_NUM_R,Direct
Materialized View,,,VW_FCT_CLAIM_PAYMENT_DETAIL_R_MV_SSL_INC,VW_FCT_CLAIM_PAYMENT_DETAIL_R_MV_SSL_INC,T_CREATION_DATE_R,FCT_CLAIM_PAYMENT_DETAIL_R_MV_SSL,T_CREATION_DATE_R,Direct
Materialized View,,,VW_FCT_CLAIM_PAYMENT_DETAIL_R_MV_SSL_INC,VW_FCT_CLAIM_PAYMENT_DETAIL_R_MV_SSL_INC,T_EVENT_TIMESTAMP_R,FCT_CLAIM_PAYMENT_DETAIL_R_MV_SSL,T_EVENT_TIMESTAMP_R,Direct
Materialized View,,,VW_FCT_CLAIM_PAYMENT_DETAIL_R_MV_SSL_INC,VW_FCT_CLAIM_PAYMENT_DETAIL_R_MV_SSL_INC,T_LAST_MODIFIED_DATE_R,FCT_CLAIM_PAYMENT_DETAIL_R_MV_SSL,T_LAST_MODIFIED_DATE_R,Direct
Materialized View,,,VW_FCT_CLAIM_PAYMENT_DETAIL_R_MV_SSL_INC,VW_FCT_CLAIM_PAYMENT_DETAIL_R_MV_SSL_INC,V_AMOUNT_TYPE_CATEGORY_DESC_R,FCT_CLAIM_PAYMENT_DETAIL_R_MV_SSL,V_AMOUNT_TYPE_CATEGORY_DESC_R,Direct
Materialized View,,,VW_FCT_CLAIM_PAYMENT_DETAIL_R_MV_SSL_INC,VW_FCT_CLAIM_PAYMENT_DETAIL_R_MV_SSL_INC,V_AMOUNT_TYPE_CATEGORY_R,FCT_CLAIM_PAYMENT_DETAIL_R_MV_SSL,V_AMOUNT_TYPE_CATEGORY_R,Direct
Materialized View,,,VW_FCT_CLAIM_PAYMENT_DETAIL_R_MV_SSL_INC,VW_FCT_CLAIM_PAYMENT_DETAIL_R_MV_SSL_INC,V_AMOUNT_TYPE_CODE_R,FCT_CLAIM_PAYMENT_DETAIL_R_MV_SSL,V_AMOUNT_TYPE_CODE_R,Direct
Materialized View,,,VW_FCT_CLAIM_PAYMENT_DETAIL_R_MV_SSL_INC,VW_FCT_CLAIM_PAYMENT_DETAIL_R_MV_SSL_INC,V_AMOUNT_TYPE_NAME_R,FCT_CLAIM_PAYMENT_DETAIL_R_MV_SSL,V_AMOUNT_TYPE_NAME_R,Direct
Materialized View,,,VW_FCT_CLAIM_PAYMENT_DETAIL_R_MV_SSL_INC,VW_FCT_CLAIM_PAYMENT_DETAIL_R_MV_SSL_INC,V_AMOUNT_TYPE_SUB_CATEGORY_R,FCT_CLAIM_PAYMENT_DETAIL_R_MV_SSL,V_AMOUNT_TYPE_SUB_CATEGORY_R,Direct
Materialized View,,,VW_FCT_CLAIM_PAYMENT_DETAIL_R_MV_SSL_INC,VW_FCT_CLAIM_PAYMENT_DETAIL_R_MV_SSL_INC,V_AMOUNT_TYPE_SUB_CODE_R,FCT_CLAIM_PAYMENT_DETAIL_R_MV_SSL,V_AMOUNT_TYPE_SUB_CODE_R,Direct
Materialized View,,,VW_FCT_CLAIM_PAYMENT_DETAIL_R_MV_SSL_INC,VW_FCT_CLAIM_PAYMENT_DETAIL_R_MV_SSL_INC,V_AMOUNT_TYPE_SUB_NAME_R,FCT_CLAIM_PAYMENT_DETAIL_R_MV_SSL,V_AMOUNT_TYPE_SUB_NAME_R,Direct
Materialized View,,,VW_FCT_CLAIM_PAYMENT_DETAIL_R_MV_SSL_INC,VW_FCT_CLAIM_PAYMENT_DETAIL_R_MV_SSL_INC,V_AMT_TYPE_SUB_CATEGORY_DESC_R,FCT_CLAIM_PAYMENT_DETAIL_R_MV_SSL,V_AMT_TYPE_SUB_CATEGORY_DESC_R,Direct
Materialized View,,,VW_FCT_CLAIM_PAYMENT_DETAIL_R_MV_SSL_INC,VW_FCT_CLAIM_PAYMENT_DETAIL_R_MV_SSL_INC,V_BENEFIT_CATEGORY_R,FCT_CLAIM_PAYMENT_DETAIL_R_MV_SSL,V_BENEFIT_CATEGORY_R,Direct
Materialized View,,,VW_FCT_CLAIM_PAYMENT_DETAIL_R_MV_SSL_INC,VW_FCT_CLAIM_PAYMENT_DETAIL_R_MV_SSL_INC,V_BENEFIT_CODE_R,FCT_CLAIM_PAYMENT_DETAIL_R_MV_SSL,V_BENEFIT_CODE_R,Direct
Materialized View,,,VW_FCT_CLAIM_PAYMENT_DETAIL_R_MV_SSL_INC,VW_FCT_CLAIM_PAYMENT_DETAIL_R_MV_SSL_INC,V_BENEFIT_DESCRIPTION_R,FCT_CLAIM_PAYMENT_DETAIL_R_MV_SSL,V_BENEFIT_DESCRIPTION_R,Direct
Materialized View,,,VW_FCT_CLAIM_PAYMENT_DETAIL_R_MV_SSL_INC,VW_FCT_CLAIM_PAYMENT_DETAIL_R_MV_SSL_INC,V_BENEFIT_GROUP_R,FCT_CLAIM_PAYMENT_DETAIL_R_MV_SSL,V_BENEFIT_GROUP_R,Direct
Materialized View,,,VW_FCT_CLAIM_PAYMENT_DETAIL_R_MV_SSL_INC,VW_FCT_CLAIM_PAYMENT_DETAIL_R_MV_SSL_INC,V_CHECK_NUMBER_R,FCT_CLAIM_PAYMENT_DETAIL_R_MV_SSL,V_CHECK_NUMBER_R,Direct
Materialized View,,,VW_FCT_CLAIM_PAYMENT_DETAIL_R_MV_SSL_INC,VW_FCT_CLAIM_PAYMENT_DETAIL_R_MV_SSL_INC,V_CHECK_TYPE_R,FCT_CLAIM_PAYMENT_DETAIL_R_MV_SSL,V_CHECK_TYPE_R,Direct
Materialized View,,,VW_FCT_CLAIM_PAYMENT_DETAIL_R_MV_SSL_INC,VW_FCT_CLAIM_PAYMENT_DETAIL_R_MV_SSL_INC,V_CLAIM_NUMBER_R,FCT_CLAIM_PAYMENT_DETAIL_R_MV_SSL,V_CLAIM_NUMBER_R,Direct
Materialized View,,,VW_FCT_CLAIM_PAYMENT_DETAIL_R_MV_SSL_INC,VW_FCT_CLAIM_PAYMENT_DETAIL_R_MV_SSL_INC,V_COVERAGE_CODE_R,FCT_CLAIM_PAYMENT_DETAIL_R_MV_SSL,V_COVERAGE_CODE_R,Direct
Materialized View,,,VW_FCT_CLAIM_PAYMENT_DETAIL_R_MV_SSL_INC,VW_FCT_CLAIM_PAYMENT_DETAIL_R_MV_SSL_INC,V_COV_GROUP_ID_R,FCT_CLAIM_PAYMENT_DETAIL_R_MV_SSL,V_COV_GROUP_ID_R,Direct
Materialized View,,,VW_FCT_CLAIM_PAYMENT_DETAIL_R_MV_SSL_INC,VW_FCT_CLAIM_PAYMENT_DETAIL_R_MV_SSL_INC,V_CREATED_BY_R,FCT_CLAIM_PAYMENT_DETAIL_R_MV_SSL,V_CREATED_BY_R,Direct
Materialized View,,,VW_FCT_CLAIM_PAYMENT_DETAIL_R_MV_SSL_INC,VW_FCT_CLAIM_PAYMENT_DETAIL_R_MV_SSL_INC,V_GROSS_BENEFIT_CODE_R,FCT_CLAIM_PAYMENT_DETAIL_R_MV_SSL,V_GROSS_BENEFIT_CODE_R,Direct
Materialized View,,,VW_FCT_CLAIM_PAYMENT_DETAIL_R_MV_SSL_INC,VW_FCT_CLAIM_PAYMENT_DETAIL_R_MV_SSL_INC,V_HASH_KEY_R,FCT_CLAIM_PAYMENT_DETAIL_R_MV_SSL,V_HASH_KEY_R,Direct
Materialized View,,,VW_FCT_CLAIM_PAYMENT_DETAIL_R_MV_SSL_INC,VW_FCT_CLAIM_PAYMENT_DETAIL_R_MV_SSL_INC,V_LAST_MODIFIED_BY_R,FCT_CLAIM_PAYMENT_DETAIL_R_MV_SSL,V_LAST_MODIFIED_BY_R,Direct
Materialized View,,,VW_FCT_CLAIM_PAYMENT_DETAIL_R_MV_SSL_INC,VW_FCT_CLAIM_PAYMENT_DETAIL_R_MV_SSL_INC,V_LOB_TYPE_R,FCT_CLAIM_PAYMENT_DETAIL_R_MV_SSL,V_LOB_TYPE_R,Direct
Materialized View,,,VW_FCT_CLAIM_PAYMENT_DETAIL_R_MV_SSL_INC,VW_FCT_CLAIM_PAYMENT_DETAIL_R_MV_SSL_INC,V_PAYEE_FIRST_NAME_R,FCT_CLAIM_PAYMENT_DETAIL_R_MV_SSL,V_PAYEE_FIRST_NAME_R,Direct
Materialized View,,,VW_FCT_CLAIM_PAYMENT_DETAIL_R_MV_SSL_INC,VW_FCT_CLAIM_PAYMENT_DETAIL_R_MV_SSL_INC,V_PAYEE_LAST_NAME_R,FCT_CLAIM_PAYMENT_DETAIL_R_MV_SSL,V_PAYEE_LAST_NAME_R,Direct
Materialized View,,,VW_FCT_CLAIM_PAYMENT_DETAIL_R_MV_SSL_INC,VW_FCT_CLAIM_PAYMENT_DETAIL_R_MV_SSL_INC,V_PAYEE_MIDDLE_NAME_R,FCT_CLAIM_PAYMENT_DETAIL_R_MV_SSL,V_PAYEE_MIDDLE_NAME_R,Direct
Materialized View,,,VW_FCT_CLAIM_PAYMENT_DETAIL_R_MV_SSL_INC,VW_FCT_CLAIM_PAYMENT_DETAIL_R_MV_SSL_INC,V_PAYEE_TYPE_R,FCT_CLAIM_PAYMENT_DETAIL_R_MV_SSL,V_PAYEE_TYPE_R,Direct
Materialized View,,,VW_FCT_CLAIM_PAYMENT_DETAIL_R_MV_SSL_INC,VW_FCT_CLAIM_PAYMENT_DETAIL_R_MV_SSL_INC,V_PAYMENT_RECORD_TYPE_R,FCT_CLAIM_PAYMENT_DETAIL_R_MV_SSL,V_PAYMENT_RECORD_TYPE_R,Direct
Materialized View,,,VW_FCT_CLAIM_PAYMENT_DETAIL_R_MV_SSL_INC,VW_FCT_CLAIM_PAYMENT_DETAIL_R_MV_SSL_INC,V_PAYMENT_STATUS_R,FCT_CLAIM_PAYMENT_DETAIL_R_MV_SSL,V_PAYMENT_STATUS_R,Direct
Materialized View,,,VW_FCT_CLAIM_PAYMENT_DETAIL_R_MV_SSL_INC,VW_FCT_CLAIM_PAYMENT_DETAIL_R_MV_SSL_INC,V_PAYMENT_TYPE_R,FCT_CLAIM_PAYMENT_DETAIL_R_MV_SSL,V_PAYMENT_TYPE_R,Direct
Materialized View,,,VW_FCT_CLAIM_PAYMENT_DETAIL_R_MV_SSL_INC,VW_FCT_CLAIM_PAYMENT_DETAIL_R_MV_SSL_INC,V_PAY_METHOD_R,FCT_CLAIM_PAYMENT_DETAIL_R_MV_SSL,V_PAY_METHOD_R,Direct
Materialized View,,,VW_FCT_CLAIM_PAYMENT_DETAIL_R_MV_SSL_INC,VW_FCT_CLAIM_PAYMENT_DETAIL_R_MV_SSL_INC,V_PRIMARY_REINSURER_R,FCT_CLAIM_PAYMENT_DETAIL_R_MV_SSL,V_PRIMARY_REINSURER_R,Direct
Materialized View,,,VW_FCT_CLAIM_PAYMENT_DETAIL_R_MV_SSL_INC,VW_FCT_CLAIM_PAYMENT_DETAIL_R_MV_SSL_INC,V_PRIVACY_INDICATOR_R,dim_grp_claim_dir_r,V_PRIVACY_INDICATOR_R,Direct
Materialized View,,,VW_FCT_CLAIM_PAYMENT_DETAIL_R_MV_SSL_INC,VW_FCT_CLAIM_PAYMENT_DETAIL_R_MV_SSL_INC,V_RECORD_TYPE_R,FCT_CLAIM_PAYMENT_DETAIL_R_MV_SSL,V_RECORD_TYPE_R,Direct
Materialized View,,,VW_FCT_CLAIM_PAYMENT_DETAIL_R_MV_SSL_INC,VW_FCT_CLAIM_PAYMENT_DETAIL_R_MV_SSL_INC,V_SECONDARY_REINSURER_R,FCT_CLAIM_PAYMENT_DETAIL_R_MV_SSL,V_SECONDARY_REINSURER_R,Direct
Materialized View,,,VW_FCT_CLAIM_PAYMENT_DETAIL_R_MV_SSL_INC,VW_FCT_CLAIM_PAYMENT_DETAIL_R_MV_SSL_INC,V_SOURCE_SYSTEM_NAME_R,dim_grp_claim_dir_r,V_SOURCE_SYSTEM_NAME_R,Direct
Materialized View,,,VW_FCT_CLAIM_PAYMENT_DETAIL_R_MV_SSL_INC,VW_FCT_CLAIM_PAYMENT_DETAIL_R_MV_SSL_INC,V_TAX_STATE_R,FCT_CLAIM_PAYMENT_DETAIL_R_MV_SSL,V_TAX_STATE_R,Direct
Materialized View,,,VW_FCT_CLAIM_PAYMENT_DETAIL_R_MV_SSL_INC,VW_FCT_CLAIM_PAYMENT_DETAIL_R_MV_SSL_INC,V_TERNARY_REINSURER_R,FCT_CLAIM_PAYMENT_DETAIL_R_MV_SSL,V_TERNARY_REINSURER_R,Direct
Materialized View,,,VW_FCT_CLAIM_PAYMENT_DETAIL_R_MV_SSL_INC,VW_FCT_CLAIM_PAYMENT_DETAIL_R_MV_SSL_INC,n_claim_paid_loss_amount_r,FCT_CLAIM_PAYMENT_DETAIL_R_MV_SSL,N_PAID_AMOUNT_R,case-when -> NVL
Materialized View,,,VW_FCT_CLAIM_PAYMENT_DETAIL_R_MV_SSL_INC,VW_FCT_CLAIM_PAYMENT_DETAIL_R_MV_SSL_INC,n_claim_paid_loss_amount_r,FCT_CLAIM_PAYMENT_DETAIL_R_MV_SSL,N_PAID_CLAIM_BENEFITS_R,case-when -> NVL
Materialized View,,,VW_FCT_CLAIM_PAYMENT_DETAIL_R_MV_SSL_WAGEBASE_INC,VW_FCT_CLAIM_PAYMENT_DETAIL_R_MV_SSL_WAGEBASE_INC,D_SERVICE_PERIOD_FROM_R,VW_FCT_CLAIM_PAYMENT_DETAIL_R_MV_SSL_INC,D_SERVICE_PERIOD_FROM_R,Direct
Materialized View,,,VW_FCT_CLAIM_PAYMENT_DETAIL_R_MV_SSL_WAGEBASE_INC,VW_FCT_CLAIM_PAYMENT_DETAIL_R_MV_SSL_WAGEBASE_INC,D_SERVICE_PERIOD_TO_R,VW_FCT_CLAIM_PAYMENT_DETAIL_R_MV_SSL_INC,D_SERVICE_PERIOD_TO_R,Direct
Materialized View,,,VW_FCT_CLAIM_PAYMENT_DETAIL_R_MV_SSL_WAGEBASE_INC,VW_FCT_CLAIM_PAYMENT_DETAIL_R_MV_SSL_WAGEBASE_INC,N_CHECK_TAXABLE_BENEFIT_R,VW_FCT_CLAIM_PAYMENT_DETAIL_R_MV_SSL_INC,n_paid_amount_r,SUM -> case-when
Materialized View,,,VW_FCT_CLAIM_PAYMENT_DETAIL_R_MV_SSL_WAGEBASE_INC,VW_FCT_CLAIM_PAYMENT_DETAIL_R_MV_SSL_WAGEBASE_INC,N_CHECK_WAGE_BASE_R,VW_FCT_CLAIM_PAYMENT_DETAIL_R_MV_SSL_INC,N_TAXABLE_OVERRIDE_PCT_R,case-when
Materialized View,,,VW_FCT_CLAIM_PAYMENT_DETAIL_R_MV_SSL_WAGEBASE_INC,VW_FCT_CLAIM_PAYMENT_DETAIL_R_MV_SSL_WAGEBASE_INC,N_CHECK_WAGE_BASE_R,VW_FCT_CLAIM_PAYMENT_DETAIL_R_MV_SSL_INC,n_paid_amount_r,SUM -> case-when
Materialized View,,,VW_FCT_CLAIM_PAYMENT_DETAIL_R_MV_SSL_WAGEBASE_INC,VW_FCT_CLAIM_PAYMENT_DETAIL_R_MV_SSL_WAGEBASE_INC,N_CLAIM_SK_R,VW_FCT_CLAIM_PAYMENT_DETAIL_R_MV_SSL_INC,n_claiM_sk_r,Direct
Materialized View,,,VW_FCT_CLAIM_PAYMENT_DETAIL_R_MV_SSL_WAGEBASE_INC,VW_FCT_CLAIM_PAYMENT_DETAIL_R_MV_SSL_WAGEBASE_INC,V_BENEFIT_CODE_R,VW_FCT_CLAIM_PAYMENT_DETAIL_R_MV_SSL_INC,V_BENEFIT_CODE_R,Direct
Materialized View,,,VW_FCT_CLAIM_PAYMENT_DETAIL_R_MV_SSL_WAGEBASE_INC,VW_FCT_CLAIM_PAYMENT_DETAIL_R_MV_SSL_WAGEBASE_INC,V_CHECK_NUMBER_R,VW_FCT_CLAIM_PAYMENT_DETAIL_R_MV_SSL_INC,V_CHECK_NUMBER_R,Direct
Materialized View,,,VW_FCT_CLAIM_PAYMENT_DETAIL_R_MV_SSL_WAGEBASE_INC,VW_FCT_CLAIM_PAYMENT_DETAIL_R_MV_SSL_WAGEBASE_INC,V_CLAIM_NUMBER_R,VW_FCT_CLAIM_PAYMENT_DETAIL_R_MV_SSL_INC,V_CLAIM_NUMBER_R,Direct
Materialized View,,,VW_FCT_CLAIM_PAYMENT_DETAIL_R_MV_SSL_WAGEBASE_INC,VW_FCT_CLAIM_PAYMENT_DETAIL_R_MV_SSL_WAGEBASE_INC,d_check_date_r,VW_FCT_CLAIM_PAYMENT_DETAIL_R_MV_SSL_INC,d_check_date_r,Direct
Materialized View,,,VW_FCT_CLAIM_PAYMENT_DETAIL_R_MV_SSL_WAGEBASE_INC,VW_FCT_CLAIM_PAYMENT_DETAIL_R_MV_SSL_WAGEBASE_INC,d_paid_date_r,VW_FCT_CLAIM_PAYMENT_DETAIL_R_MV_SSL_INC,d_paid_date_r,Direct
PKG Procedure,PKG_GRP_ANN_PREM_SUMMARY_R_INC,PRC_GRP_FCT_RPT_ANN_PREM_SUMMARY_R_INC,PKG_GRP_ANN_PREM_SUMMARY_R_INC_PRC_GRP_FCT_RPT_ANN_PREM_SUMMARY_R_INC,PRCS_GRP_TBL_LOAD_DEBUG_TRC,N_BATCH_ID_R,PRCS_GRP_TBL_LOAD_DEBUG_TRC,ln_N_BATCH_ID_R,Direct
PKG Procedure,PKG_GRP_ANN_PREM_SUMMARY_R_INC,PRC_GRP_FCT_RPT_ANN_PREM_SUMMARY_R_INC,PKG_GRP_ANN_PREM_SUMMARY_R_INC_PRC_GRP_FCT_RPT_ANN_PREM_SUMMARY_R_INC,PRCS_GRP_TBL_LOAD_DEBUG_TRC,V_TRC_MSG_R,PRCS_GRP_TBL_LOAD_DEBUG_TRC,gc_step,Direct
PKG Procedure,PKG_GRP_FULLLOAD_FCT_CLAIM_PAYMENT_DETAIL_R,PRC_FULLLOAD_FCT_CLAIM_PMT_DET_R__BENEFIT_PAYMENT,PKG_GRP_FULLLOAD_FCT_CLAIM_PAYMENT_DETAIL_R_PRC_FULLLOAD_FCT_CLAIM_PMT_DET_R__BENEFIT_PAYMENT,FCT_CLAIM_PAYMENT_DETAIL_BENEFIT_PAYMENT_R,D_CHECK_DATE_R,l_fct_rec_typ,D_CHECK_DATE_R,Direct
PKG Procedure,PKG_GRP_FULLLOAD_FCT_CLAIM_PAYMENT_DETAIL_R,PRC_FULLLOAD_FCT_CLAIM_PMT_DET_R__BENEFIT_PAYMENT,PKG_GRP_FULLLOAD_FCT_CLAIM_PAYMENT_DETAIL_R_PRC_FULLLOAD_FCT_CLAIM_PMT_DET_R__BENEFIT_PAYMENT,FCT_CLAIM_PAYMENT_DETAIL_BENEFIT_PAYMENT_R,D_PAID_DATE_R,l_fct_rec_typ,D_PAID_DATE_R,Direct
PKG Procedure,PKG_GRP_FULLLOAD_FCT_CLAIM_PAYMENT_DETAIL_R,PRC_FULLLOAD_FCT_CLAIM_PMT_DET_R__BENEFIT_PAYMENT,PKG_GRP_FULLLOAD_FCT_CLAIM_PAYMENT_DETAIL_R_PRC_FULLLOAD_FCT_CLAIM_PMT_DET_R__BENEFIT_PAYMENT,FCT_CLAIM_PAYMENT_DETAIL_BENEFIT_PAYMENT_R,D_SERVICE_PERIOD_FROM_R,l_fct_rec_typ,D_SERVICE_PERIOD_FROM_R,Direct
PKG Procedure,PKG_GRP_FULLLOAD_FCT_CLAIM_PAYMENT_DETAIL_R,PRC_FULLLOAD_FCT_CLAIM_PMT_DET_R__BENEFIT_PAYMENT,PKG_GRP_FULLLOAD_FCT_CLAIM_PAYMENT_DETAIL_R_PRC_FULLLOAD_FCT_CLAIM_PMT_DET_R__BENEFIT_PAYMENT,FCT_CLAIM_PAYMENT_DETAIL_BENEFIT_PAYMENT_R,D_SERVICE_PERIOD_TO_R,l_fct_rec_typ,D_SERVICE_PERIOD_TO_R,Direct
PKG Procedure,PKG_GRP_FULLLOAD_FCT_CLAIM_PAYMENT_DETAIL_R,PRC_FULLLOAD_FCT_CLAIM_PMT_DET_R__BENEFIT_PAYMENT,PKG_GRP_FULLLOAD_FCT_CLAIM_PAYMENT_DETAIL_R_PRC_FULLLOAD_FCT_CLAIM_PMT_DET_R__BENEFIT_PAYMENT,FCT_CLAIM_PAYMENT_DETAIL_BENEFIT_PAYMENT_R,FIC_MIS_DATE_R,l_fct_rec_typ,FIC_MIS_DATE_R,Direct
PKG Procedure,PKG_GRP_FULLLOAD_FCT_CLAIM_PAYMENT_DETAIL_R,PRC_FULLLOAD_FCT_CLAIM_PMT_DET_R__BENEFIT_PAYMENT,PKG_GRP_FULLLOAD_FCT_CLAIM_PAYMENT_DETAIL_R_PRC_FULLLOAD_FCT_CLAIM_PMT_DET_R__BENEFIT_PAYMENT,FCT_CLAIM_PAYMENT_DETAIL_BENEFIT_PAYMENT_R,N_ADJ_GROSS_BENEFIT_R,l_fct_rec_typ,N_ADJ_GROSS_BENEFIT_R,Direct
PKG Procedure,PKG_GRP_FULLLOAD_FCT_CLAIM_PAYMENT_DETAIL_R,PRC_FULLLOAD_FCT_CLAIM_PMT_DET_R__BENEFIT_PAYMENT,PKG_GRP_FULLLOAD_FCT_CLAIM_PAYMENT_DETAIL_R_PRC_FULLLOAD_FCT_CLAIM_PMT_DET_R__BENEFIT_PAYMENT,FCT_CLAIM_PAYMENT_DETAIL_BENEFIT_PAYMENT_R,N_BATCH_ID_R,l_fct_rec_typ,N_BATCH_ID_R,Direct
PKG Procedure,PKG_GRP_FULLLOAD_FCT_CLAIM_PAYMENT_DETAIL_R,PRC_FULLLOAD_FCT_CLAIM_PMT_DET_R__BENEFIT_PAYMENT,PKG_GRP_FULLLOAD_FCT_CLAIM_PAYMENT_DETAIL_R_PRC_FULLLOAD_FCT_CLAIM_PMT_DET_R__BENEFIT_PAYMENT,FCT_CLAIM_PAYMENT_DETAIL_BENEFIT_PAYMENT_R,N_CLAIM_COVERAGE_GROUP_SK_R,l_fct_rec_typ,N_CLAIM_COVERAGE_GROUP_SK_R,Direct
PKG Procedure,PKG_GRP_FULLLOAD_FCT_CLAIM_PAYMENT_DETAIL_R,PRC_FULLLOAD_FCT_CLAIM_PMT_DET_R__BENEFIT_PAYMENT,PKG_GRP_FULLLOAD_FCT_CLAIM_PAYMENT_DETAIL_R_PRC_FULLLOAD_FCT_CLAIM_PMT_DET_R__BENEFIT_PAYMENT,FCT_CLAIM_PAYMENT_DETAIL_BENEFIT_PAYMENT_R,N_CLAIM_COVERAGE_SK_R,l_fct_rec_typ,N_CLAIM_COVERAGE_SK_R,Direct
PKG Procedure,PKG_GRP_FULLLOAD_FCT_CLAIM_PAYMENT_DETAIL_R,PRC_FULLLOAD_FCT_CLAIM_PMT_DET_R__BENEFIT_PAYMENT,PKG_GRP_FULLLOAD_FCT_CLAIM_PAYMENT_DETAIL_R_PRC_FULLLOAD_FCT_CLAIM_PMT_DET_R__BENEFIT_PAYMENT,FCT_CLAIM_PAYMENT_DETAIL_BENEFIT_PAYMENT_R,N_CLAIM_SK_R,l_fct_rec_typ,N_CLAIM_SK_R,Direct
PKG Procedure,PKG_GRP_FULLLOAD_FCT_CLAIM_PAYMENT_DETAIL_R,PRC_FULLLOAD_FCT_CLAIM_PMT_DET_R__BENEFIT_PAYMENT,PKG_GRP_FULLLOAD_FCT_CLAIM_PAYMENT_DETAIL_R_PRC_FULLLOAD_FCT_CLAIM_PMT_DET_R__BENEFIT_PAYMENT,FCT_CLAIM_PAYMENT_DETAIL_BENEFIT_PAYMENT_R,N_EMPLOYEE_MED_WITHHELD_AMT_R,l_fct_rec_typ,N_EMPLOYEE_MED_WITHHELD_AMT_R,Direct
PKG Procedure,PKG_GRP_FULLLOAD_FCT_CLAIM_PAYMENT_DETAIL_R,PRC_FULLLOAD_FCT_CLAIM_PMT_DET_R__BENEFIT_PAYMENT,PKG_GRP_FULLLOAD_FCT_CLAIM_PAYMENT_DETAIL_R_PRC_FULLLOAD_FCT_CLAIM_PMT_DET_R__BENEFIT_PAYMENT,FCT_CLAIM_PAYMENT_DETAIL_BENEFIT_PAYMENT_R,N_EMPLOYEE_SS_WITHHELD_AMT_R,l_fct_rec_typ,N_EMPLOYEE_SS_WITHHELD_AMT_R,Direct
PKG Procedure,PKG_GRP_FULLLOAD_FCT_CLAIM_PAYMENT_DETAIL_R,PRC_FULLLOAD_FCT_CLAIM_PMT_DET_R__BENEFIT_PAYMENT,PKG_GRP_FULLLOAD_FCT_CLAIM_PAYMENT_DETAIL_R_PRC_FULLLOAD_FCT_CLAIM_PMT_DET_R__BENEFIT_PAYMENT,FCT_CLAIM_PAYMENT_DETAIL_BENEFIT_PAYMENT_R,N_EMPLOYER_MED_WITHHELD_AMT_R,l_fct_rec_typ,N_EMPLOYER_MED_WITHHELD_AMT_R,Direct
PKG Procedure,PKG_GRP_FULLLOAD_FCT_CLAIM_PAYMENT_DETAIL_R,PRC_FULLLOAD_FCT_CLAIM_PMT_DET_R__BENEFIT_PAYMENT,PKG_GRP_FULLLOAD_FCT_CLAIM_PAYMENT_DETAIL_R_PRC_FULLLOAD_FCT_CLAIM_PMT_DET_R__BENEFIT_PAYMENT,FCT_CLAIM_PAYMENT_DETAIL_BENEFIT_PAYMENT_R,N_EMPLOYER_SS_WITHHELD_AMT_R,l_fct_rec_typ,N_EMPLOYER_SS_WITHHELD_AMT_R,Direct
PKG Procedure,PKG_GRP_FULLLOAD_FCT_CLAIM_PAYMENT_DETAIL_R,PRC_FULLLOAD_FCT_CLAIM_PMT_DET_R__BENEFIT_PAYMENT,PKG_GRP_FULLLOAD_FCT_CLAIM_PAYMENT_DETAIL_R_PRC_FULLLOAD_FCT_CLAIM_PMT_DET_R__BENEFIT_PAYMENT,FCT_CLAIM_PAYMENT_DETAIL_BENEFIT_PAYMENT_R,N_FBPDR_N_SEQ_R,l_fct_rec_typ,N_FBPR_N_SEQ_R,Direct
PKG Procedure,PKG_GRP_FULLLOAD_FCT_CLAIM_PAYMENT_DETAIL_R,PRC_FULLLOAD_FCT_CLAIM_PMT_DET_R__BENEFIT_PAYMENT,PKG_GRP_FULLLOAD_FCT_CLAIM_PAYMENT_DETAIL_R_PRC_FULLLOAD_FCT_CLAIM_PMT_DET_R__BENEFIT_PAYMENT,FCT_CLAIM_PAYMENT_DETAIL_BENEFIT_PAYMENT_R,N_FEDERAL_TAX_WITHHELD_AMT_R,l_fct_rec_typ,N_FEDERAL_TAX_WITHHELD_AMT_R,Direct
PKG Procedure,PKG_GRP_FULLLOAD_FCT_CLAIM_PAYMENT_DETAIL_R,PRC_FULLLOAD_FCT_CLAIM_PMT_DET_R__BENEFIT_PAYMENT,PKG_GRP_FULLLOAD_FCT_CLAIM_PAYMENT_DETAIL_R_PRC_FULLLOAD_FCT_CLAIM_PMT_DET_R__BENEFIT_PAYMENT,FCT_CLAIM_PAYMENT_DETAIL_BENEFIT_PAYMENT_R,N_GROSS_AMOUNT_R,l_fct_rec_typ,N_GROSS_AMOUNT_R,Direct
PKG Procedure,PKG_GRP_FULLLOAD_FCT_CLAIM_PAYMENT_DETAIL_R,PRC_FULLLOAD_FCT_CLAIM_PMT_DET_R__BENEFIT_PAYMENT,PKG_GRP_FULLLOAD_FCT_CLAIM_PAYMENT_DETAIL_R_PRC_FULLLOAD_FCT_CLAIM_PMT_DET_R__BENEFIT_PAYMENT,FCT_CLAIM_PAYMENT_DETAIL_BENEFIT_PAYMENT_R,N_GROSS_WAGE_BASE_R,l_fct_rec_typ,N_GROSS_WAGE_BASE_R,Direct
PKG Procedure,PKG_GRP_FULLLOAD_FCT_CLAIM_PAYMENT_DETAIL_R,PRC_FULLLOAD_FCT_CLAIM_PMT_DET_R__BENEFIT_PAYMENT,PKG_GRP_FULLLOAD_FCT_CLAIM_PAYMENT_DETAIL_R_PRC_FULLLOAD_FCT_CLAIM_PMT_DET_R__BENEFIT_PAYMENT,FCT_CLAIM_PAYMENT_DETAIL_BENEFIT_PAYMENT_R,N_GROUP_SEQ_R,l_fct_rec_typ,N_GROUP_SEQ_R,Direct
PKG Procedure,PKG_GRP_FULLLOAD_FCT_CLAIM_PAYMENT_DETAIL_R,PRC_FULLLOAD_FCT_CLAIM_PMT_DET_R__BENEFIT_PAYMENT,PKG_GRP_FULLLOAD_FCT_CLAIM_PAYMENT_DETAIL_R_PRC_FULLLOAD_FCT_CLAIM_PMT_DET_R__BENEFIT_PAYMENT,FCT_CLAIM_PAYMENT_DETAIL_BENEFIT_PAYMENT_R,N_LEGAL_EXPENSE_DIRECT_AMT_R,l_fct_rec_typ,N_LEGAL_EXPENSE_DIRECT_AMT_R,Direct
PKG Procedure,PKG_GRP_FULLLOAD_FCT_CLAIM_PAYMENT_DETAIL_R,PRC_FULLLOAD_FCT_CLAIM_PMT_DET_R__BENEFIT_PAYMENT,PKG_GRP_FULLLOAD_FCT_CLAIM_PAYMENT_DETAIL_R_PRC_FULLLOAD_FCT_CLAIM_PMT_DET_R__BENEFIT_PAYMENT,FCT_CLAIM_PAYMENT_DETAIL_BENEFIT_PAYMENT_R,N_LOAD_RUN_ID_R,l_fct_rec_typ,N_LOAD_RUN_ID_R,Direct
PKG Procedure,PKG_GRP_FULLLOAD_FCT_CLAIM_PAYMENT_DETAIL_R,PRC_FULLLOAD_FCT_CLAIM_PMT_DET_R__BENEFIT_PAYMENT,PKG_GRP_FULLLOAD_FCT_CLAIM_PAYMENT_DETAIL_R_PRC_FULLLOAD_FCT_CLAIM_PMT_DET_R__BENEFIT_PAYMENT,FCT_CLAIM_PAYMENT_DETAIL_BENEFIT_PAYMENT_R,N_MED_WAGE_BASE_R,l_fct_rec_typ,N_MED_WAGE_BASE_R,Direct
PKG Procedure,PKG_GRP_FULLLOAD_FCT_CLAIM_PAYMENT_DETAIL_R,PRC_FULLLOAD_FCT_CLAIM_PMT_DET_R__BENEFIT_PAYMENT,PKG_GRP_FULLLOAD_FCT_CLAIM_PAYMENT_DETAIL_R_PRC_FULLLOAD_FCT_CLAIM_PMT_DET_R__BENEFIT_PAYMENT,FCT_CLAIM_PAYMENT_DETAIL_BENEFIT_PAYMENT_R,N_MODAL_AMOUNT_R,l_fct_rec_typ,N_MODAL_AMOUNT_R,Direct
PKG Procedure,PKG_GRP_FULLLOAD_FCT_CLAIM_PAYMENT_DETAIL_R,PRC_FULLLOAD_FCT_CLAIM_PMT_DET_R__BENEFIT_PAYMENT,PKG_GRP_FULLLOAD_FCT_CLAIM_PAYMENT_DETAIL_R_PRC_FULLLOAD_FCT_CLAIM_PMT_DET_R__BENEFIT_PAYMENT,FCT_CLAIM_PAYMENT_DETAIL_BENEFIT_PAYMENT_R,N_OTHER_EXPENSE_DIRECT_AMT_R,l_fct_rec_typ,N_OTHER_EXPENSE_DIRECT_AMT_R,Direct
PKG Procedure,PKG_GRP_FULLLOAD_FCT_CLAIM_PAYMENT_DETAIL_R,PRC_FULLLOAD_FCT_CLAIM_PMT_DET_R__BENEFIT_PAYMENT,PKG_GRP_FULLLOAD_FCT_CLAIM_PAYMENT_DETAIL_R_PRC_FULLLOAD_FCT_CLAIM_PMT_DET_R__BENEFIT_PAYMENT,FCT_CLAIM_PAYMENT_DETAIL_BENEFIT_PAYMENT_R,N_PAID_AMOUNT_R,l_fct_rec_typ,N_PAID_AMOUNT_R,Direct
PKG Procedure,PKG_GRP_FULLLOAD_FCT_CLAIM_PAYMENT_DETAIL_R,PRC_FULLLOAD_FCT_CLAIM_PMT_DET_R__BENEFIT_PAYMENT,PKG_GRP_FULLLOAD_FCT_CLAIM_PAYMENT_DETAIL_R_PRC_FULLLOAD_FCT_CLAIM_PMT_DET_R__BENEFIT_PAYMENT,FCT_CLAIM_PAYMENT_DETAIL_BENEFIT_PAYMENT_R,N_PAID_CLAIM_BENEFITS_R,l_fct_rec_typ,N_PAID_CLAIM_BENEFITS_R,Direct
PKG Procedure,PKG_GRP_FULLLOAD_FCT_CLAIM_PAYMENT_DETAIL_R,PRC_FULLLOAD_FCT_CLAIM_PMT_DET_R__BENEFIT_PAYMENT,PKG_GRP_FULLLOAD_FCT_CLAIM_PAYMENT_DETAIL_R_PRC_FULLLOAD_FCT_CLAIM_PMT_DET_R__BENEFIT_PAYMENT,FCT_CLAIM_PAYMENT_DETAIL_BENEFIT_PAYMENT_R,N_PARENT_OBJECTNUM_R,l_fct_rec_typ,N_PARENT_OBJECTNUM_R,Direct
PKG Procedure,PKG_GRP_FULLLOAD_FCT_CLAIM_PAYMENT_DETAIL_R,PRC_FULLLOAD_FCT_CLAIM_PMT_DET_R__BENEFIT_PAYMENT,PKG_GRP_FULLLOAD_FCT_CLAIM_PAYMENT_DETAIL_R_PRC_FULLLOAD_FCT_CLAIM_PMT_DET_R__BENEFIT_PAYMENT,FCT_CLAIM_PAYMENT_DETAIL_BENEFIT_PAYMENT_R,N_PAY_AMOUNT_R,l_fct_rec_typ,N_PAY_AMOUNT_R,Direct
PKG Procedure,PKG_GRP_FULLLOAD_FCT_CLAIM_PAYMENT_DETAIL_R,PRC_FULLLOAD_FCT_CLAIM_PMT_DET_R__BENEFIT_PAYMENT,PKG_GRP_FULLLOAD_FCT_CLAIM_PAYMENT_DETAIL_R_PRC_FULLLOAD_FCT_CLAIM_PMT_DET_R__BENEFIT_PAYMENT,FCT_CLAIM_PAYMENT_DETAIL_BENEFIT_PAYMENT_R,N_PRIMARY_PAYEE_R,l_fct_rec_typ,N_PRIMARY_PAYEE_R,Direct
PKG Procedure,PKG_GRP_FULLLOAD_FCT_CLAIM_PAYMENT_DETAIL_R,PRC_FULLLOAD_FCT_CLAIM_PMT_DET_R__BENEFIT_PAYMENT,PKG_GRP_FULLLOAD_FCT_CLAIM_PAYMENT_DETAIL_R_PRC_FULLLOAD_FCT_CLAIM_PMT_DET_R__BENEFIT_PAYMENT,FCT_CLAIM_PAYMENT_DETAIL_BENEFIT_PAYMENT_R,N_SEQUENCE_NUMBER_R,l_fct_rec_typ,N_SEQUENCE_NUMBER_R,Direct
PKG Procedure,PKG_GRP_FULLLOAD_FCT_CLAIM_PAYMENT_DETAIL_R,PRC_FULLLOAD_FCT_CLAIM_PMT_DET_R__BENEFIT_PAYMENT,PKG_GRP_FULLLOAD_FCT_CLAIM_PAYMENT_DETAIL_R_PRC_FULLLOAD_FCT_CLAIM_PMT_DET_R__BENEFIT_PAYMENT,FCT_CLAIM_PAYMENT_DETAIL_BENEFIT_PAYMENT_R,N_SEQ_R,l_fct_rec_typ,N_SEQ_R,Direct
PKG Procedure,PKG_GRP_FULLLOAD_FCT_CLAIM_PAYMENT_DETAIL_R,PRC_FULLLOAD_FCT_CLAIM_PMT_DET_R__BENEFIT_PAYMENT,PKG_GRP_FULLLOAD_FCT_CLAIM_PAYMENT_DETAIL_R_PRC_FULLLOAD_FCT_CLAIM_PMT_DET_R__BENEFIT_PAYMENT,FCT_CLAIM_PAYMENT_DETAIL_BENEFIT_PAYMENT_R,N_SOURCE_SYSTEM_KEY_R,l_fct_rec_typ,N_SOURCE_SYSTEM_KEY_R,Direct
PKG Procedure,PKG_GRP_FULLLOAD_FCT_CLAIM_PAYMENT_DETAIL_R,PRC_FULLLOAD_FCT_CLAIM_PMT_DET_R__BENEFIT_PAYMENT,PKG_GRP_FULLLOAD_FCT_CLAIM_PAYMENT_DETAIL_R_PRC_FULLLOAD_FCT_CLAIM_PMT_DET_R__BENEFIT_PAYMENT,FCT_CLAIM_PAYMENT_DETAIL_BENEFIT_PAYMENT_R,N_SOURCE_VERSION_SEQ_NUMBER_R,l_fct_rec_typ,N_SOURCE_VERSION_SEQ_NUMBER_R,Direct
PKG Procedure,PKG_GRP_FULLLOAD_FCT_CLAIM_PAYMENT_DETAIL_R,PRC_FULLLOAD_FCT_CLAIM_PMT_DET_R__BENEFIT_PAYMENT,PKG_GRP_FULLLOAD_FCT_CLAIM_PAYMENT_DETAIL_R_PRC_FULLLOAD_FCT_CLAIM_PMT_DET_R__BENEFIT_PAYMENT,FCT_CLAIM_PAYMENT_DETAIL_BENEFIT_PAYMENT_R,N_SS_WAGE_BASE_R,l_fct_rec_typ,N_SS_WAGE_BASE_R,Direct
PKG Procedure,PKG_GRP_FULLLOAD_FCT_CLAIM_PAYMENT_DETAIL_R,PRC_FULLLOAD_FCT_CLAIM_PMT_DET_R__BENEFIT_PAYMENT,PKG_GRP_FULLLOAD_FCT_CLAIM_PAYMENT_DETAIL_R_PRC_FULLLOAD_FCT_CLAIM_PMT_DET_R__BENEFIT_PAYMENT,FCT_CLAIM_PAYMENT_DETAIL_BENEFIT_PAYMENT_R,N_STATE_TAX_WITHHELD_AMT_R,l_fct_rec_typ,N_STATE_TAX_WITHHELD_AMT_R,Direct
PKG Procedure,PKG_GRP_FULLLOAD_FCT_CLAIM_PAYMENT_DETAIL_R,PRC_FULLLOAD_FCT_CLAIM_PMT_DET_R__BENEFIT_PAYMENT,PKG_GRP_FULLLOAD_FCT_CLAIM_PAYMENT_DETAIL_R_PRC_FULLLOAD_FCT_CLAIM_PMT_DET_R__BENEFIT_PAYMENT,FCT_CLAIM_PAYMENT_DETAIL_BENEFIT_PAYMENT_R,N_TAXABLE_BENEFIT_AMT_R,l_fct_rec_typ,N_TAXABLE_BENEFIT_AMT_R,Direct
PKG Procedure,PKG_GRP_FULLLOAD_FCT_CLAIM_PAYMENT_DETAIL_R,PRC_FULLLOAD_FCT_CLAIM_PMT_DET_R__BENEFIT_PAYMENT,PKG_GRP_FULLLOAD_FCT_CLAIM_PAYMENT_DETAIL_R_PRC_FULLLOAD_FCT_CLAIM_PMT_DET_R__BENEFIT_PAYMENT,FCT_CLAIM_PAYMENT_DETAIL_BENEFIT_PAYMENT_R,N_TAXABLE_PERCENT_R,l_fct_rec_typ,N_TAXABLE_PERCENT_R,Direct
PKG Procedure,PKG_GRP_FULLLOAD_FCT_CLAIM_PAYMENT_DETAIL_R,PRC_FULLLOAD_FCT_CLAIM_PMT_DET_R__BENEFIT_PAYMENT,PKG_GRP_FULLLOAD_FCT_CLAIM_PAYMENT_DETAIL_R_PRC_FULLLOAD_FCT_CLAIM_PMT_DET_R__BENEFIT_PAYMENT,FCT_CLAIM_PAYMENT_DETAIL_BENEFIT_PAYMENT_R,N_WORKSHEET_OBJECT_NUM_R,l_fct_rec_typ,N_WORKSHEET_OBJECT_NUM_R,Direct
PKG Procedure,PKG_GRP_FULLLOAD_FCT_CLAIM_PAYMENT_DETAIL_R,PRC_FULLLOAD_FCT_CLAIM_PMT_DET_R__BENEFIT_PAYMENT,PKG_GRP_FULLLOAD_FCT_CLAIM_PAYMENT_DETAIL_R_PRC_FULLLOAD_FCT_CLAIM_PMT_DET_R__BENEFIT_PAYMENT,FCT_CLAIM_PAYMENT_DETAIL_BENEFIT_PAYMENT_R,T_CREATION_DATE_R,l_fct_rec_typ,T_CREATION_DATE_R,Direct
PKG Procedure,PKG_GRP_FULLLOAD_FCT_CLAIM_PAYMENT_DETAIL_R,PRC_FULLLOAD_FCT_CLAIM_PMT_DET_R__BENEFIT_PAYMENT,PKG_GRP_FULLLOAD_FCT_CLAIM_PAYMENT_DETAIL_R_PRC_FULLLOAD_FCT_CLAIM_PMT_DET_R__BENEFIT_PAYMENT,FCT_CLAIM_PAYMENT_DETAIL_BENEFIT_PAYMENT_R,T_EVENT_TIMESTAMP_R,l_fct_rec_typ,T_EVENT_TIMESTAMP_R,Direct
PKG Procedure,PKG_GRP_FULLLOAD_FCT_CLAIM_PAYMENT_DETAIL_R,PRC_FULLLOAD_FCT_CLAIM_PMT_DET_R__BENEFIT_PAYMENT,PKG_GRP_FULLLOAD_FCT_CLAIM_PAYMENT_DETAIL_R_PRC_FULLLOAD_FCT_CLAIM_PMT_DET_R__BENEFIT_PAYMENT,FCT_CLAIM_PAYMENT_DETAIL_BENEFIT_PAYMENT_R,T_LAST_MODIFIED_DATE_R,l_fct_rec_typ,T_LAST_MODIFIED_DATE_R,Direct
PKG Procedure,PKG_GRP_FULLLOAD_FCT_CLAIM_PAYMENT_DETAIL_R,PRC_FULLLOAD_FCT_CLAIM_PMT_DET_R__BENEFIT_PAYMENT,PKG_GRP_FULLLOAD_FCT_CLAIM_PAYMENT_DETAIL_R_PRC_FULLLOAD_FCT_CLAIM_PMT_DET_R__BENEFIT_PAYMENT,FCT_CLAIM_PAYMENT_DETAIL_BENEFIT_PAYMENT_R,V_AMOUNT_TYPE_CATEGORY_DESC_R,l_fct_rec_typ,V_AMOUNT_TYPE_CATEGORY_DESC_R,Direct
PKG Procedure,PKG_GRP_FULLLOAD_FCT_CLAIM_PAYMENT_DETAIL_R,PRC_FULLLOAD_FCT_CLAIM_PMT_DET_R__BENEFIT_PAYMENT,PKG_GRP_FULLLOAD_FCT_CLAIM_PAYMENT_DETAIL_R_PRC_FULLLOAD_FCT_CLAIM_PMT_DET_R__BENEFIT_PAYMENT,FCT_CLAIM_PAYMENT_DETAIL_BENEFIT_PAYMENT_R,V_AMOUNT_TYPE_CATEGORY_R,l_fct_rec_typ,V_AMOUNT_TYPE_CATEGORY_R,Direct
PKG Procedure,PKG_GRP_FULLLOAD_FCT_CLAIM_PAYMENT_DETAIL_R,PRC_FULLLOAD_FCT_CLAIM_PMT_DET_R__BENEFIT_PAYMENT,PKG_GRP_FULLLOAD_FCT_CLAIM_PAYMENT_DETAIL_R_PRC_FULLLOAD_FCT_CLAIM_PMT_DET_R__BENEFIT_PAYMENT,FCT_CLAIM_PAYMENT_DETAIL_BENEFIT_PAYMENT_R,V_AMOUNT_TYPE_CODE_R,l_fct_rec_typ,V_AMOUNT_TYPE_CODE_R,Direct
PKG Procedure,PKG_GRP_FULLLOAD_FCT_CLAIM_PAYMENT_DETAIL_R,PRC_FULLLOAD_FCT_CLAIM_PMT_DET_R__BENEFIT_PAYMENT,PKG_GRP_FULLLOAD_FCT_CLAIM_PAYMENT_DETAIL_R_PRC_FULLLOAD_FCT_CLAIM_PMT_DET_R__BENEFIT_PAYMENT,FCT_CLAIM_PAYMENT_DETAIL_BENEFIT_PAYMENT_R,V_AMOUNT_TYPE_NAME_R,l_fct_rec_typ,V_AMOUNT_TYPE_NAME_R,Direct
PKG Procedure,PKG_GRP_FULLLOAD_FCT_CLAIM_PAYMENT_DETAIL_R,PRC_FULLLOAD_FCT_CLAIM_PMT_DET_R__BENEFIT_PAYMENT,PKG_GRP_FULLLOAD_FCT_CLAIM_PAYMENT_DETAIL_R_PRC_FULLLOAD_FCT_CLAIM_PMT_DET_R__BENEFIT_PAYMENT,FCT_CLAIM_PAYMENT_DETAIL_BENEFIT_PAYMENT_R,V_AMOUNT_TYPE_SUB_CATEGORY_R,l_fct_rec_typ,V_AMOUNT_TYPE_SUB_CATEGORY_R,Direct
PKG Procedure,PKG_GRP_FULLLOAD_FCT_CLAIM_PAYMENT_DETAIL_R,PRC_FULLLOAD_FCT_CLAIM_PMT_DET_R__BENEFIT_PAYMENT,PKG_GRP_FULLLOAD_FCT_CLAIM_PAYMENT_DETAIL_R_PRC_FULLLOAD_FCT_CLAIM_PMT_DET_R__BENEFIT_PAYMENT,FCT_CLAIM_PAYMENT_DETAIL_BENEFIT_PAYMENT_R,V_AMOUNT_TYPE_SUB_CODE_R,l_fct_rec_typ,V_AMOUNT_TYPE_SUB_CODE_R,Direct
PKG Procedure,PKG_GRP_FULLLOAD_FCT_CLAIM_PAYMENT_DETAIL_R,PRC_FULLLOAD_FCT_CLAIM_PMT_DET_R__BENEFIT_PAYMENT,PKG_GRP_FULLLOAD_FCT_CLAIM_PAYMENT_DETAIL_R_PRC_FULLLOAD_FCT_CLAIM_PMT_DET_R__BENEFIT_PAYMENT,FCT_CLAIM_PAYMENT_DETAIL_BENEFIT_PAYMENT_R,V_AMOUNT_TYPE_SUB_NAME_R,l_fct_rec_typ,V_AMOUNT_TYPE_SUB_NAME_R,Direct
PKG Procedure,PKG_GRP_FULLLOAD_FCT_CLAIM_PAYMENT_DETAIL_R,PRC_FULLLOAD_FCT_CLAIM_PMT_DET_R__BENEFIT_PAYMENT,PKG_GRP_FULLLOAD_FCT_CLAIM_PAYMENT_DETAIL_R_PRC_FULLLOAD_FCT_CLAIM_PMT_DET_R__BENEFIT_PAYMENT,FCT_CLAIM_PAYMENT_DETAIL_BENEFIT_PAYMENT_R,V_AMT_TYPE_SUB_CATEGORY_DESC_R,l_fct_rec_typ,V_AMT_TYPE_SUB_CATEGORY_DESC_R,Direct
PKG Procedure,PKG_GRP_FULLLOAD_FCT_CLAIM_PAYMENT_DETAIL_R,PRC_FULLLOAD_FCT_CLAIM_PMT_DET_R__BENEFIT_PAYMENT,PKG_GRP_FULLLOAD_FCT_CLAIM_PAYMENT_DETAIL_R_PRC_FULLLOAD_FCT_CLAIM_PMT_DET_R__BENEFIT_PAYMENT,FCT_CLAIM_PAYMENT_DETAIL_BENEFIT_PAYMENT_R,V_BENEFIT_CATEGORY_R,l_fct_rec_typ,V_BENEFIT_CATEGORY_R,Direct
PKG Procedure,PKG_GRP_FULLLOAD_FCT_CLAIM_PAYMENT_DETAIL_R,PRC_FULLLOAD_FCT_CLAIM_PMT_DET_R__BENEFIT_PAYMENT,PKG_GRP_FULLLOAD_FCT_CLAIM_PAYMENT_DETAIL_R_PRC_FULLLOAD_FCT_CLAIM_PMT_DET_R__BENEFIT_PAYMENT,FCT_CLAIM_PAYMENT_DETAIL_BENEFIT_PAYMENT_R,V_BENEFIT_CODE_R,l_fct_rec_typ,V_BENEFIT_CODE_R,Direct
PKG Procedure,PKG_GRP_FULLLOAD_FCT_CLAIM_PAYMENT_DETAIL_R,PRC_FULLLOAD_FCT_CLAIM_PMT_DET_R__BENEFIT_PAYMENT,PKG_GRP_FULLLOAD_FCT_CLAIM_PAYMENT_DETAIL_R_PRC_FULLLOAD_FCT_CLAIM_PMT_DET_R__BENEFIT_PAYMENT,FCT_CLAIM_PAYMENT_DETAIL_BENEFIT_PAYMENT_R,V_BENEFIT_DESCRIPTION_R,l_fct_rec_typ,V_BENEFIT_DESCRIPTION_R,Direct
PKG Procedure,PKG_GRP_FULLLOAD_FCT_CLAIM_PAYMENT_DETAIL_R,PRC_FULLLOAD_FCT_CLAIM_PMT_DET_R__BENEFIT_PAYMENT,PKG_GRP_FULLLOAD_FCT_CLAIM_PAYMENT_DETAIL_R_PRC_FULLLOAD_FCT_CLAIM_PMT_DET_R__BENEFIT_PAYMENT,FCT_CLAIM_PAYMENT_DETAIL_BENEFIT_PAYMENT_R,V_BENEFIT_GROUP_R,l_fct_rec_typ,V_BENEFIT_GROUP_R,Direct
PKG Procedure,PKG_GRP_FULLLOAD_FCT_CLAIM_PAYMENT_DETAIL_R,PRC_FULLLOAD_FCT_CLAIM_PMT_DET_R__BENEFIT_PAYMENT,PKG_GRP_FULLLOAD_FCT_CLAIM_PAYMENT_DETAIL_R_PRC_FULLLOAD_FCT_CLAIM_PMT_DET_R__BENEFIT_PAYMENT,FCT_CLAIM_PAYMENT_DETAIL_BENEFIT_PAYMENT_R,V_CHECK_NUMBER_R,l_fct_rec_typ,V_CHECK_NUMBER_R,Direct
PKG Procedure,PKG_GRP_FULLLOAD_FCT_CLAIM_PAYMENT_DETAIL_R,PRC_FULLLOAD_FCT_CLAIM_PMT_DET_R__BENEFIT_PAYMENT,PKG_GRP_FULLLOAD_FCT_CLAIM_PAYMENT_DETAIL_R_PRC_FULLLOAD_FCT_CLAIM_PMT_DET_R__BENEFIT_PAYMENT,FCT_CLAIM_PAYMENT_DETAIL_BENEFIT_PAYMENT_R,V_CHECK_TYPE_R,l_fct_rec_typ,V_CHECK_TYPE_R,Direct
PKG Procedure,PKG_GRP_FULLLOAD_FCT_CLAIM_PAYMENT_DETAIL_R,PRC_FULLLOAD_FCT_CLAIM_PMT_DET_R__BENEFIT_PAYMENT,PKG_GRP_FULLLOAD_FCT_CLAIM_PAYMENT_DETAIL_R_PRC_FULLLOAD_FCT_CLAIM_PMT_DET_R__BENEFIT_PAYMENT,FCT_CLAIM_PAYMENT_DETAIL_BENEFIT_PAYMENT_R,V_CLAIM_NUMBER_R,l_fct_rec_typ,V_CLAIM_NUMBER_R,Direct
PKG Procedure,PKG_GRP_FULLLOAD_FCT_CLAIM_PAYMENT_DETAIL_R,PRC_FULLLOAD_FCT_CLAIM_PMT_DET_R__BENEFIT_PAYMENT,PKG_GRP_FULLLOAD_FCT_CLAIM_PAYMENT_DETAIL_R_PRC_FULLLOAD_FCT_CLAIM_PMT_DET_R__BENEFIT_PAYMENT,FCT_CLAIM_PAYMENT_DETAIL_BENEFIT_PAYMENT_R,V_COVERAGE_CODE_R,l_fct_rec_typ,V_COVERAGE_CODE_R,Direct
PKG Procedure,PKG_GRP_FULLLOAD_FCT_CLAIM_PAYMENT_DETAIL_R,PRC_FULLLOAD_FCT_CLAIM_PMT_DET_R__BENEFIT_PAYMENT,PKG_GRP_FULLLOAD_FCT_CLAIM_PAYMENT_DETAIL_R_PRC_FULLLOAD_FCT_CLAIM_PMT_DET_R__BENEFIT_PAYMENT,FCT_CLAIM_PAYMENT_DETAIL_BENEFIT_PAYMENT_R,V_COV_GROUP_ID_R,l_fct_rec_typ,V_COV_GROUP_ID_R,Direct
PKG Procedure,PKG_GRP_FULLLOAD_FCT_CLAIM_PAYMENT_DETAIL_R,PRC_FULLLOAD_FCT_CLAIM_PMT_DET_R__BENEFIT_PAYMENT,PKG_GRP_FULLLOAD_FCT_CLAIM_PAYMENT_DETAIL_R_PRC_FULLLOAD_FCT_CLAIM_PMT_DET_R__BENEFIT_PAYMENT,FCT_CLAIM_PAYMENT_DETAIL_BENEFIT_PAYMENT_R,V_CREATED_BY_R,l_fct_rec_typ,V_CREATED_BY_R,Direct
PKG Procedure,PKG_GRP_FULLLOAD_FCT_CLAIM_PAYMENT_DETAIL_R,PRC_FULLLOAD_FCT_CLAIM_PMT_DET_R__BENEFIT_PAYMENT,PKG_GRP_FULLLOAD_FCT_CLAIM_PAYMENT_DETAIL_R_PRC_FULLLOAD_FCT_CLAIM_PMT_DET_R__BENEFIT_PAYMENT,FCT_CLAIM_PAYMENT_DETAIL_BENEFIT_PAYMENT_R,V_GROSS_BENEFIT_CODE_R,l_fct_rec_typ,V_GROSS_BENEFIT_CODE_R,Direct
PKG Procedure,PKG_GRP_FULLLOAD_FCT_CLAIM_PAYMENT_DETAIL_R,PRC_FULLLOAD_FCT_CLAIM_PMT_DET_R__BENEFIT_PAYMENT,PKG_GRP_FULLLOAD_FCT_CLAIM_PAYMENT_DETAIL_R_PRC_FULLLOAD_FCT_CLAIM_PMT_DET_R__BENEFIT_PAYMENT,FCT_CLAIM_PAYMENT_DETAIL_BENEFIT_PAYMENT_R,V_LAST_MODIFIED_BY_R,l_fct_rec_typ,V_LAST_MODIFIED_BY_R,Direct
PKG Procedure,PKG_GRP_FULLLOAD_FCT_CLAIM_PAYMENT_DETAIL_R,PRC_FULLLOAD_FCT_CLAIM_PMT_DET_R__BENEFIT_PAYMENT,PKG_GRP_FULLLOAD_FCT_CLAIM_PAYMENT_DETAIL_R_PRC_FULLLOAD_FCT_CLAIM_PMT_DET_R__BENEFIT_PAYMENT,FCT_CLAIM_PAYMENT_DETAIL_BENEFIT_PAYMENT_R,V_LOB_TYPE_R,l_fct_rec_typ,V_LOB_TYPE_R,Direct
PKG Procedure,PKG_GRP_FULLLOAD_FCT_CLAIM_PAYMENT_DETAIL_R,PRC_FULLLOAD_FCT_CLAIM_PMT_DET_R__BENEFIT_PAYMENT,PKG_GRP_FULLLOAD_FCT_CLAIM_PAYMENT_DETAIL_R_PRC_FULLLOAD_FCT_CLAIM_PMT_DET_R__BENEFIT_PAYMENT,FCT_CLAIM_PAYMENT_DETAIL_BENEFIT_PAYMENT_R,V_PAYEE_TYPE_R,l_fct_rec_typ,V_PAYEE_TYPE_R,Direct
PKG Procedure,PKG_GRP_FULLLOAD_FCT_CLAIM_PAYMENT_DETAIL_R,PRC_FULLLOAD_FCT_CLAIM_PMT_DET_R__BENEFIT_PAYMENT,PKG_GRP_FULLLOAD_FCT_CLAIM_PAYMENT_DETAIL_R_PRC_FULLLOAD_FCT_CLAIM_PMT_DET_R__BENEFIT_PAYMENT,FCT_CLAIM_PAYMENT_DETAIL_BENEFIT_PAYMENT_R,V_PAYMENT_STATUS_R,l_fct_rec_typ,V_PAYMENT_STATUS_R,Direct
PKG Procedure,PKG_GRP_FULLLOAD_FCT_CLAIM_PAYMENT_DETAIL_R,PRC_FULLLOAD_FCT_CLAIM_PMT_DET_R__BENEFIT_PAYMENT,PKG_GRP_FULLLOAD_FCT_CLAIM_PAYMENT_DETAIL_R_PRC_FULLLOAD_FCT_CLAIM_PMT_DET_R__BENEFIT_PAYMENT,FCT_CLAIM_PAYMENT_DETAIL_BENEFIT_PAYMENT_R,V_PAYMENT_TYPE_R,l_fct_rec_typ,V_PAYMENT_TYPE_R,Direct
PKG Procedure,PKG_GRP_FULLLOAD_FCT_CLAIM_PAYMENT_DETAIL_R,PRC_FULLLOAD_FCT_CLAIM_PMT_DET_R__BENEFIT_PAYMENT,PKG_GRP_FULLLOAD_FCT_CLAIM_PAYMENT_DETAIL_R_PRC_FULLLOAD_FCT_CLAIM_PMT_DET_R__BENEFIT_PAYMENT,FCT_CLAIM_PAYMENT_DETAIL_BENEFIT_PAYMENT_R,V_PAY_METHOD_R,l_fct_rec_typ,V_PAY_METHOD_R,Direct
PKG Procedure,PKG_GRP_FULLLOAD_FCT_CLAIM_PAYMENT_DETAIL_R,PRC_FULLLOAD_FCT_CLAIM_PMT_DET_R__BENEFIT_PAYMENT,PKG_GRP_FULLLOAD_FCT_CLAIM_PAYMENT_DETAIL_R_PRC_FULLLOAD_FCT_CLAIM_PMT_DET_R__BENEFIT_PAYMENT,FCT_CLAIM_PAYMENT_DETAIL_BENEFIT_PAYMENT_R,V_RECORD_TYPE_R,l_fct_rec_typ,V_RECORD_TYPE_R,Direct
PKG Procedure,PKG_GRP_FULLLOAD_FCT_CLAIM_PAYMENT_DETAIL_R,PRC_FULLLOAD_FCT_CLAIM_PMT_DET_R__BENEFIT_PAYMENT,PKG_GRP_FULLLOAD_FCT_CLAIM_PAYMENT_DETAIL_R_PRC_FULLLOAD_FCT_CLAIM_PMT_DET_R__BENEFIT_PAYMENT,FCT_CLAIM_PAYMENT_DETAIL_BENEFIT_PAYMENT_R,V_TAX_STATE_R,l_fct_rec_typ,V_TAX_STATE_R,Direct
PKG Procedure,PKG_GRP_FULLLOAD_FCT_CLAIM_PAYMENT_DETAIL_R,PRC_FULLLOAD_FCT_CLAIM_PMT_DET_R__BENEFIT_PAYMENT,PKG_GRP_FULLLOAD_FCT_CLAIM_PAYMENT_DETAIL_R_PRC_FULLLOAD_FCT_CLAIM_PMT_DET_R__BENEFIT_PAYMENT,FCT_CLAIM_PAYMENT_DETAIL_BENEFIT_PAYMENT_R,n_party_sk_r,l_fct_rec_typ,n_party_sk_r,Direct
PKG Procedure,PKG_GRP_FULLLOAD_FCT_CLAIM_PAYMENT_DETAIL_R,PRC_FULLLOAD_FCT_CLAIM_PMT_DET_R__BENEFIT_PAYMENT,PKG_GRP_FULLLOAD_FCT_CLAIM_PAYMENT_DETAIL_R_PRC_FULLLOAD_FCT_CLAIM_PMT_DET_R__BENEFIT_PAYMENT,FCT_CLAIM_PAYMENT_DETAIL_BENEFIT_PAYMENT_R,v_payee_first_name_r,l_fct_rec_typ,v_payee_first_name_r,Direct
PKG Procedure,PKG_GRP_FULLLOAD_FCT_CLAIM_PAYMENT_DETAIL_R,PRC_FULLLOAD_FCT_CLAIM_PMT_DET_R__BENEFIT_PAYMENT,PKG_GRP_FULLLOAD_FCT_CLAIM_PAYMENT_DETAIL_R_PRC_FULLLOAD_FCT_CLAIM_PMT_DET_R__BENEFIT_PAYMENT,FCT_CLAIM_PAYMENT_DETAIL_BENEFIT_PAYMENT_R,v_payee_last_name_r,l_fct_rec_typ,v_payee_last_name_r,Direct
PKG Procedure,PKG_GRP_FULLLOAD_FCT_CLAIM_PAYMENT_DETAIL_R,PRC_FULLLOAD_FCT_CLAIM_PMT_DET_R__BENEFIT_PAYMENT,PKG_GRP_FULLLOAD_FCT_CLAIM_PAYMENT_DETAIL_R_PRC_FULLLOAD_FCT_CLAIM_PMT_DET_R__BENEFIT_PAYMENT,FCT_CLAIM_PAYMENT_DETAIL_BENEFIT_PAYMENT_R,v_payee_middle_name_r,l_fct_rec_typ,v_payee_middle_name_r,Direct
PKG Procedure,PKG_GRP_FULLLOAD_FCT_CLAIM_PAYMENT_DETAIL_R,PRC_FULLLOAD_FCT_CLAIM_PMT_DET_R__BENEFIT_PAYMENT,PKG_GRP_FULLLOAD_FCT_CLAIM_PAYMENT_DETAIL_R_PRC_FULLLOAD_FCT_CLAIM_PMT_DET_R__BENEFIT_PAYMENT,FCT_CLAIM_PAYMENT_DETAIL_BENEFIT_PAYMENT_R,v_source_system_name_r,l_fct_rec_typ,v_source_system_name_r,Direct
PKG Procedure,PKG_GRP_FULLLOAD_FCT_CLAIM_PAYMENT_DETAIL_R,PRC_FULLLOAD_FCT_CLAIM_PMT_DET_R__DISBURS,PKG_GRP_FULLLOAD_FCT_CLAIM_PAYMENT_DETAIL_R_PRC_FULLLOAD_FCT_CLAIM_PMT_DET_R__DISBURS,FCT_CLAIM_PAYMENT_DETAIL_DISBURSEMENT_R,D_CHECK_DATE_R,FCT_GRP_REDIRECT_PAYMENT_R,D_DISBURSE_DATE_R,NVL
PKG Procedure,PKG_GRP_FULLLOAD_FCT_CLAIM_PAYMENT_DETAIL_R,PRC_FULLLOAD_FCT_CLAIM_PMT_DET_R__DISBURS,PKG_GRP_FULLLOAD_FCT_CLAIM_PAYMENT_DETAIL_R_PRC_FULLLOAD_FCT_CLAIM_PMT_DET_R__DISBURS,FCT_CLAIM_PAYMENT_DETAIL_DISBURSEMENT_R,D_CHECK_DATE_R,FCT_GRP_REDIRECT_PAYMENT_R,D_DISB_DATE_R,NVL
PKG Procedure,PKG_GRP_FULLLOAD_FCT_CLAIM_PAYMENT_DETAIL_R,PRC_FULLLOAD_FCT_CLAIM_PMT_DET_R__DISBURS,PKG_GRP_FULLLOAD_FCT_CLAIM_PAYMENT_DETAIL_R_PRC_FULLLOAD_FCT_CLAIM_PMT_DET_R__DISBURS,FCT_CLAIM_PAYMENT_DETAIL_DISBURSEMENT_R,D_PAID_DATE_R,FCT_GRP_REDIRECT_PAYMENT_R,D_DISB_DATE_R,case-when -> DECODE
PKG Procedure,PKG_GRP_FULLLOAD_FCT_CLAIM_PAYMENT_DETAIL_R,PRC_FULLLOAD_FCT_CLAIM_PMT_DET_R__DISBURS,PKG_GRP_FULLLOAD_FCT_CLAIM_PAYMENT_DETAIL_R_PRC_FULLLOAD_FCT_CLAIM_PMT_DET_R__DISBURS,FCT_CLAIM_PAYMENT_DETAIL_DISBURSEMENT_R,D_PAID_DATE_R,FCT_GRP_REDIRECT_PAYMENT_R,D_REVERSE_DATE_R,case-when -> DECODE
PKG Procedure,PKG_GRP_FULLLOAD_FCT_CLAIM_PAYMENT_DETAIL_R,PRC_FULLLOAD_FCT_CLAIM_PMT_DET_R__DISBURS,PKG_GRP_FULLLOAD_FCT_CLAIM_PAYMENT_DETAIL_R_PRC_FULLLOAD_FCT_CLAIM_PMT_DET_R__DISBURS,FCT_CLAIM_PAYMENT_DETAIL_DISBURSEMENT_R,D_PAID_DATE_R,FCT_GRP_REDIRECT_PAYMENT_R,V_PAY_SCHEDULE_PAYEE_DESC_R,case-when -> DECODE
PKG Procedure,PKG_GRP_FULLLOAD_FCT_CLAIM_PAYMENT_DETAIL_R,PRC_FULLLOAD_FCT_CLAIM_PMT_DET_R__DISBURS,PKG_GRP_FULLLOAD_FCT_CLAIM_PAYMENT_DETAIL_R_PRC_FULLLOAD_FCT_CLAIM_PMT_DET_R__DISBURS,FCT_CLAIM_PAYMENT_DETAIL_DISBURSEMENT_R,D_SERVICE_PERIOD_FROM_R,FCT_GRP_REDIRECT_PAYMENT_R,D_SERVICE_PERIOD_START_R,Direct
PKG Procedure,PKG_GRP_FULLLOAD_FCT_CLAIM_PAYMENT_DETAIL_R,PRC_FULLLOAD_FCT_CLAIM_PMT_DET_R__DISBURS,PKG_GRP_FULLLOAD_FCT_CLAIM_PAYMENT_DETAIL_R_PRC_FULLLOAD_FCT_CLAIM_PMT_DET_R__DISBURS,FCT_CLAIM_PAYMENT_DETAIL_DISBURSEMENT_R,D_SERVICE_PERIOD_TO_R,FCT_GRP_REDIRECT_PAYMENT_R,D_SERVICE_PERIOD_END_R,Direct
PKG Procedure,PKG_GRP_FULLLOAD_FCT_CLAIM_PAYMENT_DETAIL_R,PRC_FULLLOAD_FCT_CLAIM_PMT_DET_R__DISBURS,PKG_GRP_FULLLOAD_FCT_CLAIM_PAYMENT_DETAIL_R_PRC_FULLLOAD_FCT_CLAIM_PMT_DET_R__DISBURS,FCT_CLAIM_PAYMENT_DETAIL_DISBURSEMENT_R,FIC_MIS_DATE_R,FCT_GRP_REDIRECT_PAYMENT_R,FIC_MIS_DATE_R,Direct
PKG Procedure,PKG_GRP_FULLLOAD_FCT_CLAIM_PAYMENT_DETAIL_R,PRC_FULLLOAD_FCT_CLAIM_PMT_DET_R__DISBURS,PKG_GRP_FULLLOAD_FCT_CLAIM_PAYMENT_DETAIL_R_PRC_FULLLOAD_FCT_CLAIM_PMT_DET_R__DISBURS,FCT_CLAIM_PAYMENT_DETAIL_DISBURSEMENT_R,N_BATCH_ID_R,FCT_GRP_REDIRECT_PAYMENT_R,N_BATCH_ID_R,Direct
PKG Procedure,PKG_GRP_FULLLOAD_FCT_CLAIM_PAYMENT_DETAIL_R,PRC_FULLLOAD_FCT_CLAIM_PMT_DET_R__DISBURS,PKG_GRP_FULLLOAD_FCT_CLAIM_PAYMENT_DETAIL_R_PRC_FULLLOAD_FCT_CLAIM_PMT_DET_R__DISBURS,FCT_CLAIM_PAYMENT_DETAIL_DISBURSEMENT_R,N_CLAIM_COVERAGE_GROUP_SK_R,,,Constant / Expression
PKG Procedure,PKG_GRP_FULLLOAD_FCT_CLAIM_PAYMENT_DETAIL_R,PRC_FULLLOAD_FCT_CLAIM_PMT_DET_R__DISBURS,PKG_GRP_FULLLOAD_FCT_CLAIM_PAYMENT_DETAIL_R_PRC_FULLLOAD_FCT_CLAIM_PMT_DET_R__DISBURS,FCT_CLAIM_PAYMENT_DETAIL_DISBURSEMENT_R,N_CLAIM_COVERAGE_SK_R,DIM_GRP_CLAIM_COVERAGE_R,N_CLAIM_COVERAGE_SK_R,Direct
PKG Procedure,PKG_GRP_FULLLOAD_FCT_CLAIM_PAYMENT_DETAIL_R,PRC_FULLLOAD_FCT_CLAIM_PMT_DET_R__DISBURS,PKG_GRP_FULLLOAD_FCT_CLAIM_PAYMENT_DETAIL_R_PRC_FULLLOAD_FCT_CLAIM_PMT_DET_R__DISBURS,FCT_CLAIM_PAYMENT_DETAIL_DISBURSEMENT_R,N_CLAIM_SK_R,FCT_GRP_REDIRECT_PAYMENT_R,N_CLAIM_SK_R,Direct
PKG Procedure,PKG_GRP_FULLLOAD_FCT_CLAIM_PAYMENT_DETAIL_R,PRC_FULLLOAD_FCT_CLAIM_PMT_DET_R__DISBURS,PKG_GRP_FULLLOAD_FCT_CLAIM_PAYMENT_DETAIL_R_PRC_FULLLOAD_FCT_CLAIM_PMT_DET_R__DISBURS,FCT_CLAIM_PAYMENT_DETAIL_DISBURSEMENT_R,N_GROSS_AMOUNT_R,,,Constant / Expression
PKG Procedure,PKG_GRP_FULLLOAD_FCT_CLAIM_PAYMENT_DETAIL_R,PRC_FULLLOAD_FCT_CLAIM_PMT_DET_R__DISBURS,PKG_GRP_FULLLOAD_FCT_CLAIM_PAYMENT_DETAIL_R_PRC_FULLLOAD_FCT_CLAIM_PMT_DET_R__DISBURS,FCT_CLAIM_PAYMENT_DETAIL_DISBURSEMENT_R,N_GROSS_WAGE_BASE_R,,,Constant / Expression
PKG Procedure,PKG_GRP_FULLLOAD_FCT_CLAIM_PAYMENT_DETAIL_R,PRC_FULLLOAD_FCT_CLAIM_PMT_DET_R__DISBURS,PKG_GRP_FULLLOAD_FCT_CLAIM_PAYMENT_DETAIL_R_PRC_FULLLOAD_FCT_CLAIM_PMT_DET_R__DISBURS,FCT_CLAIM_PAYMENT_DETAIL_DISBURSEMENT_R,N_GROUP_SEQ_R,,,Constant / Expression
PKG Procedure,PKG_GRP_FULLLOAD_FCT_CLAIM_PAYMENT_DETAIL_R,PRC_FULLLOAD_FCT_CLAIM_PMT_DET_R__DISBURS,PKG_GRP_FULLLOAD_FCT_CLAIM_PAYMENT_DETAIL_R_PRC_FULLLOAD_FCT_CLAIM_PMT_DET_R__DISBURS,FCT_CLAIM_PAYMENT_DETAIL_DISBURSEMENT_R,N_LOAD_RUN_ID_R,,,Constant / Expression
PKG Procedure,PKG_GRP_FULLLOAD_FCT_CLAIM_PAYMENT_DETAIL_R,PRC_FULLLOAD_FCT_CLAIM_PMT_DET_R__DISBURS,PKG_GRP_FULLLOAD_FCT_CLAIM_PAYMENT_DETAIL_R_PRC_FULLLOAD_FCT_CLAIM_PMT_DET_R__DISBURS,FCT_CLAIM_PAYMENT_DETAIL_DISBURSEMENT_R,N_PAID_AMOUNT_R,FCT_GRP_REDIRECT_PAYMENT_R,N_AMOUNT_R,Direct
PKG Procedure,PKG_GRP_FULLLOAD_FCT_CLAIM_PAYMENT_DETAIL_R,PRC_FULLLOAD_FCT_CLAIM_PMT_DET_R__DISBURS,PKG_GRP_FULLLOAD_FCT_CLAIM_PAYMENT_DETAIL_R_PRC_FULLLOAD_FCT_CLAIM_PMT_DET_R__DISBURS,FCT_CLAIM_PAYMENT_DETAIL_DISBURSEMENT_R,N_PARENT_OBJECTNUM_R,,,Constant / Expression
PKG Procedure,PKG_GRP_FULLLOAD_FCT_CLAIM_PAYMENT_DETAIL_R,PRC_FULLLOAD_FCT_CLAIM_PMT_DET_R__DISBURS,PKG_GRP_FULLLOAD_FCT_CLAIM_PAYMENT_DETAIL_R_PRC_FULLLOAD_FCT_CLAIM_PMT_DET_R__DISBURS,FCT_CLAIM_PAYMENT_DETAIL_DISBURSEMENT_R,N_PARTY_SK_R,FCT_GRP_REDIRECT_PAYMENT_R,n_payee_party_sk_r,Direct
PKG Procedure,PKG_GRP_FULLLOAD_FCT_CLAIM_PAYMENT_DETAIL_R,PRC_FULLLOAD_FCT_CLAIM_PMT_DET_R__DISBURS,PKG_GRP_FULLLOAD_FCT_CLAIM_PAYMENT_DETAIL_R_PRC_FULLLOAD_FCT_CLAIM_PMT_DET_R__DISBURS,FCT_CLAIM_PAYMENT_DETAIL_DISBURSEMENT_R,N_SEQUENCE_NUMBER_R,,,Constant / Expression
PKG Procedure,PKG_GRP_FULLLOAD_FCT_CLAIM_PAYMENT_DETAIL_R,PRC_FULLLOAD_FCT_CLAIM_PMT_DET_R__DISBURS,PKG_GRP_FULLLOAD_FCT_CLAIM_PAYMENT_DETAIL_R_PRC_FULLLOAD_FCT_CLAIM_PMT_DET_R__DISBURS,FCT_CLAIM_PAYMENT_DETAIL_DISBURSEMENT_R,N_SEQ_R,FCT_GRP_REDIRECT_PAYMENT_R,N_EXT_SUB_SEQUENCE_R,Direct
PKG Procedure,PKG_GRP_FULLLOAD_FCT_CLAIM_PAYMENT_DETAIL_R,PRC_FULLLOAD_FCT_CLAIM_PMT_DET_R__DISBURS,PKG_GRP_FULLLOAD_FCT_CLAIM_PAYMENT_DETAIL_R_PRC_FULLLOAD_FCT_CLAIM_PMT_DET_R__DISBURS,FCT_CLAIM_PAYMENT_DETAIL_DISBURSEMENT_R,N_SOURCE_SYSTEM_KEY_R,FCT_GRP_REDIRECT_PAYMENT_R,N_PAY_SCHDL_PAYEE_SRCSYS_KEY_R,Direct
PKG Procedure,PKG_GRP_FULLLOAD_FCT_CLAIM_PAYMENT_DETAIL_R,PRC_FULLLOAD_FCT_CLAIM_PMT_DET_R__DISBURS,PKG_GRP_FULLLOAD_FCT_CLAIM_PAYMENT_DETAIL_R_PRC_FULLLOAD_FCT_CLAIM_PMT_DET_R__DISBURS,FCT_CLAIM_PAYMENT_DETAIL_DISBURSEMENT_R,N_SOURCE_VERSION_SEQ_NUMBER_R,FCT_GRP_REDIRECT_PAYMENT_R,N_OBJECT_NUM_R,Direct
PKG Procedure,PKG_GRP_FULLLOAD_FCT_CLAIM_PAYMENT_DETAIL_R,PRC_FULLLOAD_FCT_CLAIM_PMT_DET_R__DISBURS,PKG_GRP_FULLLOAD_FCT_CLAIM_PAYMENT_DETAIL_R_PRC_FULLLOAD_FCT_CLAIM_PMT_DET_R__DISBURS,FCT_CLAIM_PAYMENT_DETAIL_DISBURSEMENT_R,N_TAXABLE_PERCENT_R,,,Constant / Expression
PKG Procedure,PKG_GRP_FULLLOAD_FCT_CLAIM_PAYMENT_DETAIL_R,PRC_FULLLOAD_FCT_CLAIM_PMT_DET_R__DISBURS,PKG_GRP_FULLLOAD_FCT_CLAIM_PAYMENT_DETAIL_R_PRC_FULLLOAD_FCT_CLAIM_PMT_DET_R__DISBURS,FCT_CLAIM_PAYMENT_DETAIL_DISBURSEMENT_R,N_WORKSHEET_OBJECT_NUM_R,,,Constant / Expression
PKG Procedure,PKG_GRP_FULLLOAD_FCT_CLAIM_PAYMENT_DETAIL_R,PRC_FULLLOAD_FCT_CLAIM_PMT_DET_R__DISBURS,PKG_GRP_FULLLOAD_FCT_CLAIM_PAYMENT_DETAIL_R_PRC_FULLLOAD_FCT_CLAIM_PMT_DET_R__DISBURS,FCT_CLAIM_PAYMENT_DETAIL_DISBURSEMENT_R,T_CREATION_DATE_R,,,Constant / Expression
PKG Procedure,PKG_GRP_FULLLOAD_FCT_CLAIM_PAYMENT_DETAIL_R,PRC_FULLLOAD_FCT_CLAIM_PMT_DET_R__DISBURS,PKG_GRP_FULLLOAD_FCT_CLAIM_PAYMENT_DETAIL_R_PRC_FULLLOAD_FCT_CLAIM_PMT_DET_R__DISBURS,FCT_CLAIM_PAYMENT_DETAIL_DISBURSEMENT_R,T_EVENT_TIMESTAMP_R,,,Constant / Expression
PKG Procedure,PKG_GRP_FULLLOAD_FCT_CLAIM_PAYMENT_DETAIL_R,PRC_FULLLOAD_FCT_CLAIM_PMT_DET_R__DISBURS,PKG_GRP_FULLLOAD_FCT_CLAIM_PAYMENT_DETAIL_R_PRC_FULLLOAD_FCT_CLAIM_PMT_DET_R__DISBURS,FCT_CLAIM_PAYMENT_DETAIL_DISBURSEMENT_R,T_LAST_MODIFIED_DATE_R,,,Constant / Expression
PKG Procedure,PKG_GRP_FULLLOAD_FCT_CLAIM_PAYMENT_DETAIL_R,PRC_FULLLOAD_FCT_CLAIM_PMT_DET_R__DISBURS,PKG_GRP_FULLLOAD_FCT_CLAIM_PAYMENT_DETAIL_R_PRC_FULLLOAD_FCT_CLAIM_PMT_DET_R__DISBURS,FCT_CLAIM_PAYMENT_DETAIL_DISBURSEMENT_R,V_BENEFIT_CATEGORY_R,,,Constant / Expression
PKG Procedure,PKG_GRP_FULLLOAD_FCT_CLAIM_PAYMENT_DETAIL_R,PRC_FULLLOAD_FCT_CLAIM_PMT_DET_R__DISBURS,PKG_GRP_FULLLOAD_FCT_CLAIM_PAYMENT_DETAIL_R_PRC_FULLLOAD_FCT_CLAIM_PMT_DET_R__DISBURS,FCT_CLAIM_PAYMENT_DETAIL_DISBURSEMENT_R,V_BENEFIT_CODE_R,FCT_GRP_REDIRECT_PAYMENT_R,v_benefit_code_r,case-when -> SUBSTR
PKG Procedure,PKG_GRP_FULLLOAD_FCT_CLAIM_PAYMENT_DETAIL_R,PRC_FULLLOAD_FCT_CLAIM_PMT_DET_R__DISBURS,PKG_GRP_FULLLOAD_FCT_CLAIM_PAYMENT_DETAIL_R_PRC_FULLLOAD_FCT_CLAIM_PMT_DET_R__DISBURS,FCT_CLAIM_PAYMENT_DETAIL_DISBURSEMENT_R,V_BENEFIT_DESCRIPTION_R,FCT_GRP_REDIRECT_PAYMENT_R,V_BENEFIT_DESC_R,Direct
PKG Procedure,PKG_GRP_FULLLOAD_FCT_CLAIM_PAYMENT_DETAIL_R,PRC_FULLLOAD_FCT_CLAIM_PMT_DET_R__DISBURS,PKG_GRP_FULLLOAD_FCT_CLAIM_PAYMENT_DETAIL_R_PRC_FULLLOAD_FCT_CLAIM_PMT_DET_R__DISBURS,FCT_CLAIM_PAYMENT_DETAIL_DISBURSEMENT_R,V_BENEFIT_GROUP_R,FCT_GRP_REDIRECT_PAYMENT_R,v_benefit_code_r,Direct
PKG Procedure,PKG_GRP_FULLLOAD_FCT_CLAIM_PAYMENT_DETAIL_R,PRC_FULLLOAD_FCT_CLAIM_PMT_DET_R__DISBURS,PKG_GRP_FULLLOAD_FCT_CLAIM_PAYMENT_DETAIL_R_PRC_FULLLOAD_FCT_CLAIM_PMT_DET_R__DISBURS,FCT_CLAIM_PAYMENT_DETAIL_DISBURSEMENT_R,V_CHECK_NUMBER_R,FCT_GRP_REDIRECT_PAYMENT_R,V_CHECK_NUM_R,Direct
PKG Procedure,PKG_GRP_FULLLOAD_FCT_CLAIM_PAYMENT_DETAIL_R,PRC_FULLLOAD_FCT_CLAIM_PMT_DET_R__DISBURS,PKG_GRP_FULLLOAD_FCT_CLAIM_PAYMENT_DETAIL_R_PRC_FULLLOAD_FCT_CLAIM_PMT_DET_R__DISBURS,FCT_CLAIM_PAYMENT_DETAIL_DISBURSEMENT_R,V_CHECK_TYPE_R,FCT_GRP_REDIRECT_PAYMENT_R,v_pay_method_r,DECODE
PKG Procedure,PKG_GRP_FULLLOAD_FCT_CLAIM_PAYMENT_DETAIL_R,PRC_FULLLOAD_FCT_CLAIM_PMT_DET_R__DISBURS,PKG_GRP_FULLLOAD_FCT_CLAIM_PAYMENT_DETAIL_R_PRC_FULLLOAD_FCT_CLAIM_PMT_DET_R__DISBURS,FCT_CLAIM_PAYMENT_DETAIL_DISBURSEMENT_R,V_CLAIM_NUMBER_R,DIM_GRP_CLAIM_DIR_R,V_CLAIM_NUMBER_R,Direct
PKG Procedure,PKG_GRP_FULLLOAD_FCT_CLAIM_PAYMENT_DETAIL_R,PRC_FULLLOAD_FCT_CLAIM_PMT_DET_R__DISBURS,PKG_GRP_FULLLOAD_FCT_CLAIM_PAYMENT_DETAIL_R_PRC_FULLLOAD_FCT_CLAIM_PMT_DET_R__DISBURS,FCT_CLAIM_PAYMENT_DETAIL_DISBURSEMENT_R,V_COVERAGE_CODE_R,DIM_GRP_CLAIM_COVERAGE_R,V_claim_COVERAGE_CODE_R,Direct
PKG Procedure,PKG_GRP_FULLLOAD_FCT_CLAIM_PAYMENT_DETAIL_R,PRC_FULLLOAD_FCT_CLAIM_PMT_DET_R__DISBURS,PKG_GRP_FULLLOAD_FCT_CLAIM_PAYMENT_DETAIL_R_PRC_FULLLOAD_FCT_CLAIM_PMT_DET_R__DISBURS,FCT_CLAIM_PAYMENT_DETAIL_DISBURSEMENT_R,V_COV_GROUP_ID_R,,,Constant / Expression
PKG Procedure,PKG_GRP_FULLLOAD_FCT_CLAIM_PAYMENT_DETAIL_R,PRC_FULLLOAD_FCT_CLAIM_PMT_DET_R__DISBURS,PKG_GRP_FULLLOAD_FCT_CLAIM_PAYMENT_DETAIL_R_PRC_FULLLOAD_FCT_CLAIM_PMT_DET_R__DISBURS,FCT_CLAIM_PAYMENT_DETAIL_DISBURSEMENT_R,V_CREATED_BY_R,,,Constant / Expression
PKG Procedure,PKG_GRP_FULLLOAD_FCT_CLAIM_PAYMENT_DETAIL_R,PRC_FULLLOAD_FCT_CLAIM_PMT_DET_R__DISBURS,PKG_GRP_FULLLOAD_FCT_CLAIM_PAYMENT_DETAIL_R_PRC_FULLLOAD_FCT_CLAIM_PMT_DET_R__DISBURS,FCT_CLAIM_PAYMENT_DETAIL_DISBURSEMENT_R,V_LAST_MODIFIED_BY_R,,,Constant / Expression
PKG Procedure,PKG_GRP_FULLLOAD_FCT_CLAIM_PAYMENT_DETAIL_R,PRC_FULLLOAD_FCT_CLAIM_PMT_DET_R__DISBURS,PKG_GRP_FULLLOAD_FCT_CLAIM_PAYMENT_DETAIL_R_PRC_FULLLOAD_FCT_CLAIM_PMT_DET_R__DISBURS,FCT_CLAIM_PAYMENT_DETAIL_DISBURSEMENT_R,V_PAYEE_TYPE_R,,,Constant / Expression
PKG Procedure,PKG_GRP_FULLLOAD_FCT_CLAIM_PAYMENT_DETAIL_R,PRC_FULLLOAD_FCT_CLAIM_PMT_DET_R__DISBURS,PKG_GRP_FULLLOAD_FCT_CLAIM_PAYMENT_DETAIL_R_PRC_FULLLOAD_FCT_CLAIM_PMT_DET_R__DISBURS,FCT_CLAIM_PAYMENT_DETAIL_DISBURSEMENT_R,V_PAYMENT_STATUS_R,FCT_GRP_REDIRECT_PAYMENT_R,V_PAY_STATUS_R,DECODE
PKG Procedure,PKG_GRP_FULLLOAD_FCT_CLAIM_PAYMENT_DETAIL_R,PRC_FULLLOAD_FCT_CLAIM_PMT_DET_R__DISBURS,PKG_GRP_FULLLOAD_FCT_CLAIM_PAYMENT_DETAIL_R_PRC_FULLLOAD_FCT_CLAIM_PMT_DET_R__DISBURS,FCT_CLAIM_PAYMENT_DETAIL_DISBURSEMENT_R,V_PAYMENT_TYPE_R,,,Constant / Expression
PKG Procedure,PKG_GRP_FULLLOAD_FCT_CLAIM_PAYMENT_DETAIL_R,PRC_FULLLOAD_FCT_CLAIM_PMT_DET_R__DISBURS,PKG_GRP_FULLLOAD_FCT_CLAIM_PAYMENT_DETAIL_R_PRC_FULLLOAD_FCT_CLAIM_PMT_DET_R__DISBURS,FCT_CLAIM_PAYMENT_DETAIL_DISBURSEMENT_R,V_PAY_METHOD_R,FCT_GRP_REDIRECT_PAYMENT_R,v_pay_method_r,Direct
PKG Procedure,PKG_GRP_FULLLOAD_FCT_CLAIM_PAYMENT_DETAIL_R,PRC_FULLLOAD_FCT_CLAIM_PMT_DET_R__DISBURS,PKG_GRP_FULLLOAD_FCT_CLAIM_PAYMENT_DETAIL_R_PRC_FULLLOAD_FCT_CLAIM_PMT_DET_R__DISBURS,FCT_CLAIM_PAYMENT_DETAIL_DISBURSEMENT_R,V_RECORD_TYPE_R,,,Constant / Expression
PKG Procedure,PKG_GRP_FULLLOAD_FCT_CLAIM_PAYMENT_DETAIL_R,PRC_FULLLOAD_FCT_CLAIM_PMT_DET_R__DISBURS,PKG_GRP_FULLLOAD_FCT_CLAIM_PAYMENT_DETAIL_R_PRC_FULLLOAD_FCT_CLAIM_PMT_DET_R__DISBURS,FCT_CLAIM_PAYMENT_DETAIL_DISBURSEMENT_R,v_payee_last_name_r,FCT_GRP_REDIRECT_PAYMENT_R,V_PAYEE_NAME_R,Direct
PKG Procedure,PKG_GRP_FULLLOAD_FCT_CLAIM_PAYMENT_DETAIL_R,PRC_FULLLOAD_FCT_CLAIM_PMT_DET_R__GROSS_BENEFIT,PKG_GRP_FULLLOAD_FCT_CLAIM_PAYMENT_DETAIL_R_PRC_FULLLOAD_FCT_CLAIM_PMT_DET_R__GROSS_BENEFIT,FCT_CLAIM_PAYMENT_DETAIL_GROSS_BENEFIT_R,D_CHECK_DATE_R,l_gb_fct_rec_typ,D_CHECK_DATE_R,Direct
PKG Procedure,PKG_GRP_FULLLOAD_FCT_CLAIM_PAYMENT_DETAIL_R,PRC_FULLLOAD_FCT_CLAIM_PMT_DET_R__GROSS_BENEFIT,PKG_GRP_FULLLOAD_FCT_CLAIM_PAYMENT_DETAIL_R_PRC_FULLLOAD_FCT_CLAIM_PMT_DET_R__GROSS_BENEFIT,FCT_CLAIM_PAYMENT_DETAIL_GROSS_BENEFIT_R,D_PAID_DATE_R,l_gb_fct_rec_typ,D_PAID_DATE_R,Direct
PKG Procedure,PKG_GRP_FULLLOAD_FCT_CLAIM_PAYMENT_DETAIL_R,PRC_FULLLOAD_FCT_CLAIM_PMT_DET_R__GROSS_BENEFIT,PKG_GRP_FULLLOAD_FCT_CLAIM_PAYMENT_DETAIL_R_PRC_FULLLOAD_FCT_CLAIM_PMT_DET_R__GROSS_BENEFIT,FCT_CLAIM_PAYMENT_DETAIL_GROSS_BENEFIT_R,D_SERVICE_PERIOD_FROM_R,l_gb_fct_rec_typ,D_SERVICE_PERIOD_FROM_R,Direct
PKG Procedure,PKG_GRP_FULLLOAD_FCT_CLAIM_PAYMENT_DETAIL_R,PRC_FULLLOAD_FCT_CLAIM_PMT_DET_R__GROSS_BENEFIT,PKG_GRP_FULLLOAD_FCT_CLAIM_PAYMENT_DETAIL_R_PRC_FULLLOAD_FCT_CLAIM_PMT_DET_R__GROSS_BENEFIT,FCT_CLAIM_PAYMENT_DETAIL_GROSS_BENEFIT_R,D_SERVICE_PERIOD_TO_R,l_gb_fct_rec_typ,D_SERVICE_PERIOD_TO_R,Direct
PKG Procedure,PKG_GRP_FULLLOAD_FCT_CLAIM_PAYMENT_DETAIL_R,PRC_FULLLOAD_FCT_CLAIM_PMT_DET_R__GROSS_BENEFIT,PKG_GRP_FULLLOAD_FCT_CLAIM_PAYMENT_DETAIL_R_PRC_FULLLOAD_FCT_CLAIM_PMT_DET_R__GROSS_BENEFIT,FCT_CLAIM_PAYMENT_DETAIL_GROSS_BENEFIT_R,FIC_MIS_DATE_R,l_gb_fct_rec_typ,FIC_MIS_DATE_R,Direct
PKG Procedure,PKG_GRP_FULLLOAD_FCT_CLAIM_PAYMENT_DETAIL_R,PRC_FULLLOAD_FCT_CLAIM_PMT_DET_R__GROSS_BENEFIT,PKG_GRP_FULLLOAD_FCT_CLAIM_PAYMENT_DETAIL_R_PRC_FULLLOAD_FCT_CLAIM_PMT_DET_R__GROSS_BENEFIT,FCT_CLAIM_PAYMENT_DETAIL_GROSS_BENEFIT_R,N_ADJ_GROSS_BENEFIT_R,l_gb_fct_rec_typ,N_ADJ_GROSS_BENEFIT_R,Direct
PKG Procedure,PKG_GRP_FULLLOAD_FCT_CLAIM_PAYMENT_DETAIL_R,PRC_FULLLOAD_FCT_CLAIM_PMT_DET_R__GROSS_BENEFIT,PKG_GRP_FULLLOAD_FCT_CLAIM_PAYMENT_DETAIL_R_PRC_FULLLOAD_FCT_CLAIM_PMT_DET_R__GROSS_BENEFIT,FCT_CLAIM_PAYMENT_DETAIL_GROSS_BENEFIT_R,N_BATCH_ID_R,l_gb_fct_rec_typ,N_BATCH_ID_R,Direct
PKG Procedure,PKG_GRP_FULLLOAD_FCT_CLAIM_PAYMENT_DETAIL_R,PRC_FULLLOAD_FCT_CLAIM_PMT_DET_R__GROSS_BENEFIT,PKG_GRP_FULLLOAD_FCT_CLAIM_PAYMENT_DETAIL_R_PRC_FULLLOAD_FCT_CLAIM_PMT_DET_R__GROSS_BENEFIT,FCT_CLAIM_PAYMENT_DETAIL_GROSS_BENEFIT_R,N_CLAIM_COVERAGE_GROUP_SK_R,l_gb_fct_rec_typ,N_CLAIM_COVERAGE_GROUP_SK_R,Direct
PKG Procedure,PKG_GRP_FULLLOAD_FCT_CLAIM_PAYMENT_DETAIL_R,PRC_FULLLOAD_FCT_CLAIM_PMT_DET_R__GROSS_BENEFIT,PKG_GRP_FULLLOAD_FCT_CLAIM_PAYMENT_DETAIL_R_PRC_FULLLOAD_FCT_CLAIM_PMT_DET_R__GROSS_BENEFIT,FCT_CLAIM_PAYMENT_DETAIL_GROSS_BENEFIT_R,N_CLAIM_COVERAGE_SK_R,l_gb_fct_rec_typ,N_CLAIM_COVERAGE_SK_R,Direct
PKG Procedure,PKG_GRP_FULLLOAD_FCT_CLAIM_PAYMENT_DETAIL_R,PRC_FULLLOAD_FCT_CLAIM_PMT_DET_R__GROSS_BENEFIT,PKG_GRP_FULLLOAD_FCT_CLAIM_PAYMENT_DETAIL_R_PRC_FULLLOAD_FCT_CLAIM_PMT_DET_R__GROSS_BENEFIT,FCT_CLAIM_PAYMENT_DETAIL_GROSS_BENEFIT_R,N_CLAIM_SK_R,l_gb_fct_rec_typ,N_CLAIM_SK_R,Direct
PKG Procedure,PKG_GRP_FULLLOAD_FCT_CLAIM_PAYMENT_DETAIL_R,PRC_FULLLOAD_FCT_CLAIM_PMT_DET_R__GROSS_BENEFIT,PKG_GRP_FULLLOAD_FCT_CLAIM_PAYMENT_DETAIL_R_PRC_FULLLOAD_FCT_CLAIM_PMT_DET_R__GROSS_BENEFIT,FCT_CLAIM_PAYMENT_DETAIL_GROSS_BENEFIT_R,N_EMPLOYEE_MED_WITHHELD_AMT_R,l_gb_fct_rec_typ,N_EMPLOYEE_MED_WITHHELD_AMT_R,Direct
PKG Procedure,PKG_GRP_FULLLOAD_FCT_CLAIM_PAYMENT_DETAIL_R,PRC_FULLLOAD_FCT_CLAIM_PMT_DET_R__GROSS_BENEFIT,PKG_GRP_FULLLOAD_FCT_CLAIM_PAYMENT_DETAIL_R_PRC_FULLLOAD_FCT_CLAIM_PMT_DET_R__GROSS_BENEFIT,FCT_CLAIM_PAYMENT_DETAIL_GROSS_BENEFIT_R,N_EMPLOYEE_SS_WITHHELD_AMT_R,l_gb_fct_rec_typ,N_EMPLOYEE_SS_WITHHELD_AMT_R,Direct
PKG Procedure,PKG_GRP_FULLLOAD_FCT_CLAIM_PAYMENT_DETAIL_R,PRC_FULLLOAD_FCT_CLAIM_PMT_DET_R__GROSS_BENEFIT,PKG_GRP_FULLLOAD_FCT_CLAIM_PAYMENT_DETAIL_R_PRC_FULLLOAD_FCT_CLAIM_PMT_DET_R__GROSS_BENEFIT,FCT_CLAIM_PAYMENT_DETAIL_GROSS_BENEFIT_R,N_EMPLOYER_MED_WITHHELD_AMT_R,l_gb_fct_rec_typ,N_EMPLOYER_MED_WITHHELD_AMT_R,Direct
PKG Procedure,PKG_GRP_FULLLOAD_FCT_CLAIM_PAYMENT_DETAIL_R,PRC_FULLLOAD_FCT_CLAIM_PMT_DET_R__GROSS_BENEFIT,PKG_GRP_FULLLOAD_FCT_CLAIM_PAYMENT_DETAIL_R_PRC_FULLLOAD_FCT_CLAIM_PMT_DET_R__GROSS_BENEFIT,FCT_CLAIM_PAYMENT_DETAIL_GROSS_BENEFIT_R,N_EMPLOYER_SS_WITHHELD_AMT_R,l_gb_fct_rec_typ,N_EMPLOYER_SS_WITHHELD_AMT_R,Direct
PKG Procedure,PKG_GRP_FULLLOAD_FCT_CLAIM_PAYMENT_DETAIL_R,PRC_FULLLOAD_FCT_CLAIM_PMT_DET_R__GROSS_BENEFIT,PKG_GRP_FULLLOAD_FCT_CLAIM_PAYMENT_DETAIL_R_PRC_FULLLOAD_FCT_CLAIM_PMT_DET_R__GROSS_BENEFIT,FCT_CLAIM_PAYMENT_DETAIL_GROSS_BENEFIT_R,N_FEDERAL_TAX_WITHHELD_AMT_R,l_gb_fct_rec_typ,N_FEDERAL_TAX_WITHHELD_AMT_R,Direct
PKG Procedure,PKG_GRP_FULLLOAD_FCT_CLAIM_PAYMENT_DETAIL_R,PRC_FULLLOAD_FCT_CLAIM_PMT_DET_R__GROSS_BENEFIT,PKG_GRP_FULLLOAD_FCT_CLAIM_PAYMENT_DETAIL_R_PRC_FULLLOAD_FCT_CLAIM_PMT_DET_R__GROSS_BENEFIT,FCT_CLAIM_PAYMENT_DETAIL_GROSS_BENEFIT_R,N_GROSS_AMOUNT_R,l_gb_fct_rec_typ,N_GROSS_AMOUNT_R,Direct
PKG Procedure,PKG_GRP_FULLLOAD_FCT_CLAIM_PAYMENT_DETAIL_R,PRC_FULLLOAD_FCT_CLAIM_PMT_DET_R__GROSS_BENEFIT,PKG_GRP_FULLLOAD_FCT_CLAIM_PAYMENT_DETAIL_R_PRC_FULLLOAD_FCT_CLAIM_PMT_DET_R__GROSS_BENEFIT,FCT_CLAIM_PAYMENT_DETAIL_GROSS_BENEFIT_R,N_GROSS_WAGE_BASE_R,l_gb_fct_rec_typ,N_GROSS_WAGE_BASE_R,Direct
PKG Procedure,PKG_GRP_FULLLOAD_FCT_CLAIM_PAYMENT_DETAIL_R,PRC_FULLLOAD_FCT_CLAIM_PMT_DET_R__GROSS_BENEFIT,PKG_GRP_FULLLOAD_FCT_CLAIM_PAYMENT_DETAIL_R_PRC_FULLLOAD_FCT_CLAIM_PMT_DET_R__GROSS_BENEFIT,FCT_CLAIM_PAYMENT_DETAIL_GROSS_BENEFIT_R,N_GROUP_SEQ_R,l_gb_fct_rec_typ,N_GROUP_SEQ_R,Direct
PKG Procedure,PKG_GRP_FULLLOAD_FCT_CLAIM_PAYMENT_DETAIL_R,PRC_FULLLOAD_FCT_CLAIM_PMT_DET_R__GROSS_BENEFIT,PKG_GRP_FULLLOAD_FCT_CLAIM_PAYMENT_DETAIL_R_PRC_FULLLOAD_FCT_CLAIM_PMT_DET_R__GROSS_BENEFIT,FCT_CLAIM_PAYMENT_DETAIL_GROSS_BENEFIT_R,N_LEGAL_EXPENSE_DIRECT_AMT_R,l_gb_fct_rec_typ,N_LEGAL_EXPENSE_DIRECT_AMT_R,Direct
PKG Procedure,PKG_GRP_FULLLOAD_FCT_CLAIM_PAYMENT_DETAIL_R,PRC_FULLLOAD_FCT_CLAIM_PMT_DET_R__GROSS_BENEFIT,PKG_GRP_FULLLOAD_FCT_CLAIM_PAYMENT_DETAIL_R_PRC_FULLLOAD_FCT_CLAIM_PMT_DET_R__GROSS_BENEFIT,FCT_CLAIM_PAYMENT_DETAIL_GROSS_BENEFIT_R,N_LOAD_RUN_ID_R,l_gb_fct_rec_typ,N_LOAD_RUN_ID_R,Direct
PKG Procedure,PKG_GRP_FULLLOAD_FCT_CLAIM_PAYMENT_DETAIL_R,PRC_FULLLOAD_FCT_CLAIM_PMT_DET_R__GROSS_BENEFIT,PKG_GRP_FULLLOAD_FCT_CLAIM_PAYMENT_DETAIL_R_PRC_FULLLOAD_FCT_CLAIM_PMT_DET_R__GROSS_BENEFIT,FCT_CLAIM_PAYMENT_DETAIL_GROSS_BENEFIT_R,N_MODAL_AMOUNT_R,l_gb_fct_rec_typ,N_MODAL_AMOUNT_R,Direct
PKG Procedure,PKG_GRP_FULLLOAD_FCT_CLAIM_PAYMENT_DETAIL_R,PRC_FULLLOAD_FCT_CLAIM_PMT_DET_R__GROSS_BENEFIT,PKG_GRP_FULLLOAD_FCT_CLAIM_PAYMENT_DETAIL_R_PRC_FULLLOAD_FCT_CLAIM_PMT_DET_R__GROSS_BENEFIT,FCT_CLAIM_PAYMENT_DETAIL_GROSS_BENEFIT_R,N_OTHER_EXPENSE_DIRECT_AMT_R,l_gb_fct_rec_typ,N_OTHER_EXPENSE_DIRECT_AMT_R,Direct
PKG Procedure,PKG_GRP_FULLLOAD_FCT_CLAIM_PAYMENT_DETAIL_R,PRC_FULLLOAD_FCT_CLAIM_PMT_DET_R__GROSS_BENEFIT,PKG_GRP_FULLLOAD_FCT_CLAIM_PAYMENT_DETAIL_R_PRC_FULLLOAD_FCT_CLAIM_PMT_DET_R__GROSS_BENEFIT,FCT_CLAIM_PAYMENT_DETAIL_GROSS_BENEFIT_R,N_PAID_AMOUNT_R,l_gb_fct_rec_typ,N_PAID_AMOUNT_R,Direct
PKG Procedure,PKG_GRP_FULLLOAD_FCT_CLAIM_PAYMENT_DETAIL_R,PRC_FULLLOAD_FCT_CLAIM_PMT_DET_R__GROSS_BENEFIT,PKG_GRP_FULLLOAD_FCT_CLAIM_PAYMENT_DETAIL_R_PRC_FULLLOAD_FCT_CLAIM_PMT_DET_R__GROSS_BENEFIT,FCT_CLAIM_PAYMENT_DETAIL_GROSS_BENEFIT_R,N_PAID_CLAIM_BENEFITS_R,l_gb_fct_rec_typ,N_PAID_CLAIM_BENEFITS_R,Direct
PKG Procedure,PKG_GRP_FULLLOAD_FCT_CLAIM_PAYMENT_DETAIL_R,PRC_FULLLOAD_FCT_CLAIM_PMT_DET_R__GROSS_BENEFIT,PKG_GRP_FULLLOAD_FCT_CLAIM_PAYMENT_DETAIL_R_PRC_FULLLOAD_FCT_CLAIM_PMT_DET_R__GROSS_BENEFIT,FCT_CLAIM_PAYMENT_DETAIL_GROSS_BENEFIT_R,N_PARENT_OBJECTNUM_R,l_gb_fct_rec_typ,N_PARENT_OBJECTNUM_R,Direct
PKG Procedure,PKG_GRP_FULLLOAD_FCT_CLAIM_PAYMENT_DETAIL_R,PRC_FULLLOAD_FCT_CLAIM_PMT_DET_R__GROSS_BENEFIT,PKG_GRP_FULLLOAD_FCT_CLAIM_PAYMENT_DETAIL_R_PRC_FULLLOAD_FCT_CLAIM_PMT_DET_R__GROSS_BENEFIT,FCT_CLAIM_PAYMENT_DETAIL_GROSS_BENEFIT_R,N_PAY_AMOUNT_R,l_gb_fct_rec_typ,N_PAY_AMOUNT_R,Direct
PKG Procedure,PKG_GRP_FULLLOAD_FCT_CLAIM_PAYMENT_DETAIL_R,PRC_FULLLOAD_FCT_CLAIM_PMT_DET_R__GROSS_BENEFIT,PKG_GRP_FULLLOAD_FCT_CLAIM_PAYMENT_DETAIL_R_PRC_FULLLOAD_FCT_CLAIM_PMT_DET_R__GROSS_BENEFIT,FCT_CLAIM_PAYMENT_DETAIL_GROSS_BENEFIT_R,N_PRIMARY_PAYEE_R,l_gb_fct_rec_typ,N_PRIMARY_PAYEE_R,Direct
PKG Procedure,PKG_GRP_FULLLOAD_FCT_CLAIM_PAYMENT_DETAIL_R,PRC_FULLLOAD_FCT_CLAIM_PMT_DET_R__GROSS_BENEFIT,PKG_GRP_FULLLOAD_FCT_CLAIM_PAYMENT_DETAIL_R_PRC_FULLLOAD_FCT_CLAIM_PMT_DET_R__GROSS_BENEFIT,FCT_CLAIM_PAYMENT_DETAIL_GROSS_BENEFIT_R,N_SEQUENCE_NUMBER_R,l_gb_fct_rec_typ,N_SEQUENCE_NUMBER_R,Direct
PKG Procedure,PKG_GRP_FULLLOAD_FCT_CLAIM_PAYMENT_DETAIL_R,PRC_FULLLOAD_FCT_CLAIM_PMT_DET_R__GROSS_BENEFIT,PKG_GRP_FULLLOAD_FCT_CLAIM_PAYMENT_DETAIL_R_PRC_FULLLOAD_FCT_CLAIM_PMT_DET_R__GROSS_BENEFIT,FCT_CLAIM_PAYMENT_DETAIL_GROSS_BENEFIT_R,N_SEQ_R,l_gb_fct_rec_typ,N_SEQ_R,Direct
PKG Procedure,PKG_GRP_FULLLOAD_FCT_CLAIM_PAYMENT_DETAIL_R,PRC_FULLLOAD_FCT_CLAIM_PMT_DET_R__GROSS_BENEFIT,PKG_GRP_FULLLOAD_FCT_CLAIM_PAYMENT_DETAIL_R_PRC_FULLLOAD_FCT_CLAIM_PMT_DET_R__GROSS_BENEFIT,FCT_CLAIM_PAYMENT_DETAIL_GROSS_BENEFIT_R,N_SOURCE_SYSTEM_KEY_R,l_gb_fct_rec_typ,N_SOURCE_SYSTEM_KEY_R,Direct
PKG Procedure,PKG_GRP_FULLLOAD_FCT_CLAIM_PAYMENT_DETAIL_R,PRC_FULLLOAD_FCT_CLAIM_PMT_DET_R__GROSS_BENEFIT,PKG_GRP_FULLLOAD_FCT_CLAIM_PAYMENT_DETAIL_R_PRC_FULLLOAD_FCT_CLAIM_PMT_DET_R__GROSS_BENEFIT,FCT_CLAIM_PAYMENT_DETAIL_GROSS_BENEFIT_R,N_SOURCE_VERSION_SEQ_NUMBER_R,l_gb_fct_rec_typ,N_SOURCE_VERSION_SEQ_NUMBER_R,Direct
PKG Procedure,PKG_GRP_FULLLOAD_FCT_CLAIM_PAYMENT_DETAIL_R,PRC_FULLLOAD_FCT_CLAIM_PMT_DET_R__GROSS_BENEFIT,PKG_GRP_FULLLOAD_FCT_CLAIM_PAYMENT_DETAIL_R_PRC_FULLLOAD_FCT_CLAIM_PMT_DET_R__GROSS_BENEFIT,FCT_CLAIM_PAYMENT_DETAIL_GROSS_BENEFIT_R,N_STATE_TAX_WITHHELD_AMT_R,l_gb_fct_rec_typ,N_STATE_TAX_WITHHELD_AMT_R,Direct
PKG Procedure,PKG_GRP_FULLLOAD_FCT_CLAIM_PAYMENT_DETAIL_R,PRC_FULLLOAD_FCT_CLAIM_PMT_DET_R__GROSS_BENEFIT,PKG_GRP_FULLLOAD_FCT_CLAIM_PAYMENT_DETAIL_R_PRC_FULLLOAD_FCT_CLAIM_PMT_DET_R__GROSS_BENEFIT,FCT_CLAIM_PAYMENT_DETAIL_GROSS_BENEFIT_R,N_TAXABLE_BENEFIT_AMT_R,l_gb_fct_rec_typ,N_TAXABLE_BENEFIT_AMT_R,Direct
PKG Procedure,PKG_GRP_FULLLOAD_FCT_CLAIM_PAYMENT_DETAIL_R,PRC_FULLLOAD_FCT_CLAIM_PMT_DET_R__GROSS_BENEFIT,PKG_GRP_FULLLOAD_FCT_CLAIM_PAYMENT_DETAIL_R_PRC_FULLLOAD_FCT_CLAIM_PMT_DET_R__GROSS_BENEFIT,FCT_CLAIM_PAYMENT_DETAIL_GROSS_BENEFIT_R,N_TAXABLE_PERCENT_R,l_gb_fct_rec_typ,N_TAXABLE_PERCENT_R,Direct
PKG Procedure,PKG_GRP_FULLLOAD_FCT_CLAIM_PAYMENT_DETAIL_R,PRC_FULLLOAD_FCT_CLAIM_PMT_DET_R__GROSS_BENEFIT,PKG_GRP_FULLLOAD_FCT_CLAIM_PAYMENT_DETAIL_R_PRC_FULLLOAD_FCT_CLAIM_PMT_DET_R__GROSS_BENEFIT,FCT_CLAIM_PAYMENT_DETAIL_GROSS_BENEFIT_R,N_WORKSHEET_OBJECT_NUM_R,l_gb_fct_rec_typ,N_WORKSHEET_OBJECT_NUM_R,Direct
PKG Procedure,PKG_GRP_FULLLOAD_FCT_CLAIM_PAYMENT_DETAIL_R,PRC_FULLLOAD_FCT_CLAIM_PMT_DET_R__GROSS_BENEFIT,PKG_GRP_FULLLOAD_FCT_CLAIM_PAYMENT_DETAIL_R_PRC_FULLLOAD_FCT_CLAIM_PMT_DET_R__GROSS_BENEFIT,FCT_CLAIM_PAYMENT_DETAIL_GROSS_BENEFIT_R,T_CREATION_DATE_R,l_gb_fct_rec_typ,T_CREATION_DATE_R,Direct
PKG Procedure,PKG_GRP_FULLLOAD_FCT_CLAIM_PAYMENT_DETAIL_R,PRC_FULLLOAD_FCT_CLAIM_PMT_DET_R__GROSS_BENEFIT,PKG_GRP_FULLLOAD_FCT_CLAIM_PAYMENT_DETAIL_R_PRC_FULLLOAD_FCT_CLAIM_PMT_DET_R__GROSS_BENEFIT,FCT_CLAIM_PAYMENT_DETAIL_GROSS_BENEFIT_R,T_EVENT_TIMESTAMP_R,l_gb_fct_rec_typ,T_EVENT_TIMESTAMP_R,Direct
PKG Procedure,PKG_GRP_FULLLOAD_FCT_CLAIM_PAYMENT_DETAIL_R,PRC_FULLLOAD_FCT_CLAIM_PMT_DET_R__GROSS_BENEFIT,PKG_GRP_FULLLOAD_FCT_CLAIM_PAYMENT_DETAIL_R_PRC_FULLLOAD_FCT_CLAIM_PMT_DET_R__GROSS_BENEFIT,FCT_CLAIM_PAYMENT_DETAIL_GROSS_BENEFIT_R,T_LAST_MODIFIED_DATE_R,l_gb_fct_rec_typ,T_LAST_MODIFIED_DATE_R,Direct
PKG Procedure,PKG_GRP_FULLLOAD_FCT_CLAIM_PAYMENT_DETAIL_R,PRC_FULLLOAD_FCT_CLAIM_PMT_DET_R__GROSS_BENEFIT,PKG_GRP_FULLLOAD_FCT_CLAIM_PAYMENT_DETAIL_R_PRC_FULLLOAD_FCT_CLAIM_PMT_DET_R__GROSS_BENEFIT,FCT_CLAIM_PAYMENT_DETAIL_GROSS_BENEFIT_R,V_AMOUNT_TYPE_CATEGORY_DESC_R,l_gb_fct_rec_typ,V_BENEFIT_CATEGORY_R,Direct
PKG Procedure,PKG_GRP_FULLLOAD_FCT_CLAIM_PAYMENT_DETAIL_R,PRC_FULLLOAD_FCT_CLAIM_PMT_DET_R__GROSS_BENEFIT,PKG_GRP_FULLLOAD_FCT_CLAIM_PAYMENT_DETAIL_R_PRC_FULLLOAD_FCT_CLAIM_PMT_DET_R__GROSS_BENEFIT,FCT_CLAIM_PAYMENT_DETAIL_GROSS_BENEFIT_R,V_AMOUNT_TYPE_CATEGORY_R,l_gb_fct_rec_typ,V_BENEFIT_CATEGORY_R,DECODE -> UPPER
PKG Procedure,PKG_GRP_FULLLOAD_FCT_CLAIM_PAYMENT_DETAIL_R,PRC_FULLLOAD_FCT_CLAIM_PMT_DET_R__GROSS_BENEFIT,PKG_GRP_FULLLOAD_FCT_CLAIM_PAYMENT_DETAIL_R_PRC_FULLLOAD_FCT_CLAIM_PMT_DET_R__GROSS_BENEFIT,FCT_CLAIM_PAYMENT_DETAIL_GROSS_BENEFIT_R,V_AMOUNT_TYPE_CODE_R,l_gb_fct_rec_typ,V_BENEFIT_GROUP_R,Direct
PKG Procedure,PKG_GRP_FULLLOAD_FCT_CLAIM_PAYMENT_DETAIL_R,PRC_FULLLOAD_FCT_CLAIM_PMT_DET_R__GROSS_BENEFIT,PKG_GRP_FULLLOAD_FCT_CLAIM_PAYMENT_DETAIL_R_PRC_FULLLOAD_FCT_CLAIM_PMT_DET_R__GROSS_BENEFIT,FCT_CLAIM_PAYMENT_DETAIL_GROSS_BENEFIT_R,V_AMOUNT_TYPE_NAME_R,l_gb_fct_rec_typ,V_BENEFIT_DESCRIPTION_R,Direct
PKG Procedure,PKG_GRP_FULLLOAD_FCT_CLAIM_PAYMENT_DETAIL_R,PRC_FULLLOAD_FCT_CLAIM_PMT_DET_R__GROSS_BENEFIT,PKG_GRP_FULLLOAD_FCT_CLAIM_PAYMENT_DETAIL_R_PRC_FULLLOAD_FCT_CLAIM_PMT_DET_R__GROSS_BENEFIT,FCT_CLAIM_PAYMENT_DETAIL_GROSS_BENEFIT_R,V_AMOUNT_TYPE_SUB_CATEGORY_R,l_gb_fct_rec_typ,V_BENEFIT_CATEGORY_R,DECODE -> UPPER
PKG Procedure,PKG_GRP_FULLLOAD_FCT_CLAIM_PAYMENT_DETAIL_R,PRC_FULLLOAD_FCT_CLAIM_PMT_DET_R__GROSS_BENEFIT,PKG_GRP_FULLLOAD_FCT_CLAIM_PAYMENT_DETAIL_R_PRC_FULLLOAD_FCT_CLAIM_PMT_DET_R__GROSS_BENEFIT,FCT_CLAIM_PAYMENT_DETAIL_GROSS_BENEFIT_R,V_AMOUNT_TYPE_SUB_CODE_R,l_gb_fct_rec_typ,V_BENEFIT_CODE_R,Direct
PKG Procedure,PKG_GRP_FULLLOAD_FCT_CLAIM_PAYMENT_DETAIL_R,PRC_FULLLOAD_FCT_CLAIM_PMT_DET_R__GROSS_BENEFIT,PKG_GRP_FULLLOAD_FCT_CLAIM_PAYMENT_DETAIL_R_PRC_FULLLOAD_FCT_CLAIM_PMT_DET_R__GROSS_BENEFIT,FCT_CLAIM_PAYMENT_DETAIL_GROSS_BENEFIT_R,V_AMOUNT_TYPE_SUB_NAME_R,l_gb_fct_rec_typ,V_BENEFIT_DESCRIPTION_R,Direct
PKG Procedure,PKG_GRP_FULLLOAD_FCT_CLAIM_PAYMENT_DETAIL_R,PRC_FULLLOAD_FCT_CLAIM_PMT_DET_R__GROSS_BENEFIT,PKG_GRP_FULLLOAD_FCT_CLAIM_PAYMENT_DETAIL_R_PRC_FULLLOAD_FCT_CLAIM_PMT_DET_R__GROSS_BENEFIT,FCT_CLAIM_PAYMENT_DETAIL_GROSS_BENEFIT_R,V_AMT_TYPE_SUB_CATEGORY_DESC_R,l_gb_fct_rec_typ,V_BENEFIT_CATEGORY_R,Direct
PKG Procedure,PKG_GRP_FULLLOAD_FCT_CLAIM_PAYMENT_DETAIL_R,PRC_FULLLOAD_FCT_CLAIM_PMT_DET_R__GROSS_BENEFIT,PKG_GRP_FULLLOAD_FCT_CLAIM_PAYMENT_DETAIL_R_PRC_FULLLOAD_FCT_CLAIM_PMT_DET_R__GROSS_BENEFIT,FCT_CLAIM_PAYMENT_DETAIL_GROSS_BENEFIT_R,V_BENEFIT_CATEGORY_R,l_gb_fct_rec_typ,V_BENEFIT_CATEGORY_R,Direct
PKG Procedure,PKG_GRP_FULLLOAD_FCT_CLAIM_PAYMENT_DETAIL_R,PRC_FULLLOAD_FCT_CLAIM_PMT_DET_R__GROSS_BENEFIT,PKG_GRP_FULLLOAD_FCT_CLAIM_PAYMENT_DETAIL_R_PRC_FULLLOAD_FCT_CLAIM_PMT_DET_R__GROSS_BENEFIT,FCT_CLAIM_PAYMENT_DETAIL_GROSS_BENEFIT_R,V_BENEFIT_CODE_R,l_gb_fct_rec_typ,V_BENEFIT_CODE_R,Direct
PKG Procedure,PKG_GRP_FULLLOAD_FCT_CLAIM_PAYMENT_DETAIL_R,PRC_FULLLOAD_FCT_CLAIM_PMT_DET_R__GROSS_BENEFIT,PKG_GRP_FULLLOAD_FCT_CLAIM_PAYMENT_DETAIL_R_PRC_FULLLOAD_FCT_CLAIM_PMT_DET_R__GROSS_BENEFIT,FCT_CLAIM_PAYMENT_DETAIL_GROSS_BENEFIT_R,V_BENEFIT_DESCRIPTION_R,l_gb_fct_rec_typ,V_BENEFIT_DESCRIPTION_R,Direct
PKG Procedure,PKG_GRP_FULLLOAD_FCT_CLAIM_PAYMENT_DETAIL_R,PRC_FULLLOAD_FCT_CLAIM_PMT_DET_R__GROSS_BENEFIT,PKG_GRP_FULLLOAD_FCT_CLAIM_PAYMENT_DETAIL_R_PRC_FULLLOAD_FCT_CLAIM_PMT_DET_R__GROSS_BENEFIT,FCT_CLAIM_PAYMENT_DETAIL_GROSS_BENEFIT_R,V_BENEFIT_GROUP_R,l_gb_fct_rec_typ,V_BENEFIT_GROUP_R,Direct
PKG Procedure,PKG_GRP_FULLLOAD_FCT_CLAIM_PAYMENT_DETAIL_R,PRC_FULLLOAD_FCT_CLAIM_PMT_DET_R__GROSS_BENEFIT,PKG_GRP_FULLLOAD_FCT_CLAIM_PAYMENT_DETAIL_R_PRC_FULLLOAD_FCT_CLAIM_PMT_DET_R__GROSS_BENEFIT,FCT_CLAIM_PAYMENT_DETAIL_GROSS_BENEFIT_R,V_CHECK_NUMBER_R,l_gb_fct_rec_typ,V_CHECK_NUMBER_R,Direct
PKG Procedure,PKG_GRP_FULLLOAD_FCT_CLAIM_PAYMENT_DETAIL_R,PRC_FULLLOAD_FCT_CLAIM_PMT_DET_R__GROSS_BENEFIT,PKG_GRP_FULLLOAD_FCT_CLAIM_PAYMENT_DETAIL_R_PRC_FULLLOAD_FCT_CLAIM_PMT_DET_R__GROSS_BENEFIT,FCT_CLAIM_PAYMENT_DETAIL_GROSS_BENEFIT_R,V_CHECK_TYPE_R,l_gb_fct_rec_typ,V_CHECK_TYPE_R,Direct
PKG Procedure,PKG_GRP_FULLLOAD_FCT_CLAIM_PAYMENT_DETAIL_R,PRC_FULLLOAD_FCT_CLAIM_PMT_DET_R__GROSS_BENEFIT,PKG_GRP_FULLLOAD_FCT_CLAIM_PAYMENT_DETAIL_R_PRC_FULLLOAD_FCT_CLAIM_PMT_DET_R__GROSS_BENEFIT,FCT_CLAIM_PAYMENT_DETAIL_GROSS_BENEFIT_R,V_CLAIM_NUMBER_R,l_gb_fct_rec_typ,V_CLAIM_NUMBER_R,Direct
PKG Procedure,PKG_GRP_FULLLOAD_FCT_CLAIM_PAYMENT_DETAIL_R,PRC_FULLLOAD_FCT_CLAIM_PMT_DET_R__GROSS_BENEFIT,PKG_GRP_FULLLOAD_FCT_CLAIM_PAYMENT_DETAIL_R_PRC_FULLLOAD_FCT_CLAIM_PMT_DET_R__GROSS_BENEFIT,FCT_CLAIM_PAYMENT_DETAIL_GROSS_BENEFIT_R,V_COVERAGE_CODE_R,l_gb_fct_rec_typ,V_COVERAGE_CODE_R,Direct
PKG Procedure,PKG_GRP_FULLLOAD_FCT_CLAIM_PAYMENT_DETAIL_R,PRC_FULLLOAD_FCT_CLAIM_PMT_DET_R__GROSS_BENEFIT,PKG_GRP_FULLLOAD_FCT_CLAIM_PAYMENT_DETAIL_R_PRC_FULLLOAD_FCT_CLAIM_PMT_DET_R__GROSS_BENEFIT,FCT_CLAIM_PAYMENT_DETAIL_GROSS_BENEFIT_R,V_COV_GROUP_ID_R,l_gb_fct_rec_typ,V_COV_GROUP_ID_R,Direct
PKG Procedure,PKG_GRP_FULLLOAD_FCT_CLAIM_PAYMENT_DETAIL_R,PRC_FULLLOAD_FCT_CLAIM_PMT_DET_R__GROSS_BENEFIT,PKG_GRP_FULLLOAD_FCT_CLAIM_PAYMENT_DETAIL_R_PRC_FULLLOAD_FCT_CLAIM_PMT_DET_R__GROSS_BENEFIT,FCT_CLAIM_PAYMENT_DETAIL_GROSS_BENEFIT_R,V_CREATED_BY_R,l_gb_fct_rec_typ,V_CREATED_BY_R,Direct
PKG Procedure,PKG_GRP_FULLLOAD_FCT_CLAIM_PAYMENT_DETAIL_R,PRC_FULLLOAD_FCT_CLAIM_PMT_DET_R__GROSS_BENEFIT,PKG_GRP_FULLLOAD_FCT_CLAIM_PAYMENT_DETAIL_R_PRC_FULLLOAD_FCT_CLAIM_PMT_DET_R__GROSS_BENEFIT,FCT_CLAIM_PAYMENT_DETAIL_GROSS_BENEFIT_R,V_GROSS_BENEFIT_CODE_R,l_gb_fct_rec_typ,V_GROSS_BENEFIT_CODE_R,Direct
PKG Procedure,PKG_GRP_FULLLOAD_FCT_CLAIM_PAYMENT_DETAIL_R,PRC_FULLLOAD_FCT_CLAIM_PMT_DET_R__GROSS_BENEFIT,PKG_GRP_FULLLOAD_FCT_CLAIM_PAYMENT_DETAIL_R_PRC_FULLLOAD_FCT_CLAIM_PMT_DET_R__GROSS_BENEFIT,FCT_CLAIM_PAYMENT_DETAIL_GROSS_BENEFIT_R,V_LAST_MODIFIED_BY_R,l_gb_fct_rec_typ,V_LAST_MODIFIED_BY_R,Direct
PKG Procedure,PKG_GRP_FULLLOAD_FCT_CLAIM_PAYMENT_DETAIL_R,PRC_FULLLOAD_FCT_CLAIM_PMT_DET_R__GROSS_BENEFIT,PKG_GRP_FULLLOAD_FCT_CLAIM_PAYMENT_DETAIL_R_PRC_FULLLOAD_FCT_CLAIM_PMT_DET_R__GROSS_BENEFIT,FCT_CLAIM_PAYMENT_DETAIL_GROSS_BENEFIT_R,V_LOB_TYPE_R,l_gb_fct_rec_typ,V_LOB_TYPE_R,Direct
PKG Procedure,PKG_GRP_FULLLOAD_FCT_CLAIM_PAYMENT_DETAIL_R,PRC_FULLLOAD_FCT_CLAIM_PMT_DET_R__GROSS_BENEFIT,PKG_GRP_FULLLOAD_FCT_CLAIM_PAYMENT_DETAIL_R_PRC_FULLLOAD_FCT_CLAIM_PMT_DET_R__GROSS_BENEFIT,FCT_CLAIM_PAYMENT_DETAIL_GROSS_BENEFIT_R,V_PAYEE_TYPE_R,l_gb_fct_rec_typ,V_PAYEE_TYPE_R,Direct
PKG Procedure,PKG_GRP_FULLLOAD_FCT_CLAIM_PAYMENT_DETAIL_R,PRC_FULLLOAD_FCT_CLAIM_PMT_DET_R__GROSS_BENEFIT,PKG_GRP_FULLLOAD_FCT_CLAIM_PAYMENT_DETAIL_R_PRC_FULLLOAD_FCT_CLAIM_PMT_DET_R__GROSS_BENEFIT,FCT_CLAIM_PAYMENT_DETAIL_GROSS_BENEFIT_R,V_PAYMENT_STATUS_R,l_gb_fct_rec_typ,V_PAYMENT_STATUS_R,Direct
PKG Procedure,PKG_GRP_FULLLOAD_FCT_CLAIM_PAYMENT_DETAIL_R,PRC_FULLLOAD_FCT_CLAIM_PMT_DET_R__GROSS_BENEFIT,PKG_GRP_FULLLOAD_FCT_CLAIM_PAYMENT_DETAIL_R_PRC_FULLLOAD_FCT_CLAIM_PMT_DET_R__GROSS_BENEFIT,FCT_CLAIM_PAYMENT_DETAIL_GROSS_BENEFIT_R,V_PAYMENT_TYPE_R,l_gb_fct_rec_typ,V_PAYMENT_TYPE_R,Direct
PKG Procedure,PKG_GRP_FULLLOAD_FCT_CLAIM_PAYMENT_DETAIL_R,PRC_FULLLOAD_FCT_CLAIM_PMT_DET_R__GROSS_BENEFIT,PKG_GRP_FULLLOAD_FCT_CLAIM_PAYMENT_DETAIL_R_PRC_FULLLOAD_FCT_CLAIM_PMT_DET_R__GROSS_BENEFIT,FCT_CLAIM_PAYMENT_DETAIL_GROSS_BENEFIT_R,V_PAY_METHOD_R,l_gb_fct_rec_typ,V_PAY_METHOD_R,Direct
PKG Procedure,PKG_GRP_FULLLOAD_FCT_CLAIM_PAYMENT_DETAIL_R,PRC_FULLLOAD_FCT_CLAIM_PMT_DET_R__GROSS_BENEFIT,PKG_GRP_FULLLOAD_FCT_CLAIM_PAYMENT_DETAIL_R_PRC_FULLLOAD_FCT_CLAIM_PMT_DET_R__GROSS_BENEFIT,FCT_CLAIM_PAYMENT_DETAIL_GROSS_BENEFIT_R,V_RECORD_TYPE_R,l_gb_fct_rec_typ,V_RECORD_TYPE_R,Direct
PKG Procedure,PKG_GRP_FULLLOAD_FCT_CLAIM_PAYMENT_DETAIL_R,PRC_FULLLOAD_FCT_CLAIM_PMT_DET_R__GROSS_BENEFIT,PKG_GRP_FULLLOAD_FCT_CLAIM_PAYMENT_DETAIL_R_PRC_FULLLOAD_FCT_CLAIM_PMT_DET_R__GROSS_BENEFIT,FCT_CLAIM_PAYMENT_DETAIL_GROSS_BENEFIT_R,V_TAX_STATE_R,l_gb_fct_rec_typ,V_TAX_STATE_R,Direct
PKG Procedure,PKG_GRP_FULLLOAD_FCT_CLAIM_PAYMENT_DETAIL_R,PRC_FULLLOAD_FCT_CLAIM_PMT_DET_R__GROSS_BENEFIT,PKG_GRP_FULLLOAD_FCT_CLAIM_PAYMENT_DETAIL_R_PRC_FULLLOAD_FCT_CLAIM_PMT_DET_R__GROSS_BENEFIT,FCT_CLAIM_PAYMENT_DETAIL_GROSS_BENEFIT_R,n_party_sk_r,l_gb_fct_rec_typ,n_party_sk_r,Direct
PKG Procedure,PKG_GRP_FULLLOAD_FCT_CLAIM_PAYMENT_DETAIL_R,PRC_FULLLOAD_FCT_CLAIM_PMT_DET_R__GROSS_BENEFIT,PKG_GRP_FULLLOAD_FCT_CLAIM_PAYMENT_DETAIL_R_PRC_FULLLOAD_FCT_CLAIM_PMT_DET_R__GROSS_BENEFIT,FCT_CLAIM_PAYMENT_DETAIL_GROSS_BENEFIT_R,v_payee_first_name_r,l_gb_fct_rec_typ,v_payee_first_name_r,Direct
PKG Procedure,PKG_GRP_FULLLOAD_FCT_CLAIM_PAYMENT_DETAIL_R,PRC_FULLLOAD_FCT_CLAIM_PMT_DET_R__GROSS_BENEFIT,PKG_GRP_FULLLOAD_FCT_CLAIM_PAYMENT_DETAIL_R_PRC_FULLLOAD_FCT_CLAIM_PMT_DET_R__GROSS_BENEFIT,FCT_CLAIM_PAYMENT_DETAIL_GROSS_BENEFIT_R,v_payee_last_name_r,l_gb_fct_rec_typ,v_payee_last_name_r,Direct
PKG Procedure,PKG_GRP_FULLLOAD_FCT_CLAIM_PAYMENT_DETAIL_R,PRC_FULLLOAD_FCT_CLAIM_PMT_DET_R__GROSS_BENEFIT,PKG_GRP_FULLLOAD_FCT_CLAIM_PAYMENT_DETAIL_R_PRC_FULLLOAD_FCT_CLAIM_PMT_DET_R__GROSS_BENEFIT,FCT_CLAIM_PAYMENT_DETAIL_GROSS_BENEFIT_R,v_payee_middle_name_r,l_gb_fct_rec_typ,v_payee_middle_name_r,Direct
PKG Procedure,PKG_GRP_FULLLOAD_FCT_CLAIM_PAYMENT_DETAIL_R,PRC_FULLLOAD_FCT_CLAIM_PMT_DET_R__GROSS_BENEFIT,PKG_GRP_FULLLOAD_FCT_CLAIM_PAYMENT_DETAIL_R_PRC_FULLLOAD_FCT_CLAIM_PMT_DET_R__GROSS_BENEFIT,FCT_CLAIM_PAYMENT_DETAIL_GROSS_BENEFIT_R,v_source_system_name_r,l_gb_fct_rec_typ,v_source_system_name_r,Direct
PKG Procedure,PKG_GRP_FULLLOAD_FCT_CLAIM_PAYMENT_DETAIL_R,PRC_FULLLOAD_FCT_CLAIM_PMT_DET_R__PACS_EXPENSE,PKG_GRP_FULLLOAD_FCT_CLAIM_PAYMENT_DETAIL_R_PRC_FULLLOAD_FCT_CLAIM_PMT_DET_R__PACS_EXPENSE,FCT_CLAIM_PAYMENT_DETAIL_EXPENSE_R,D_CHECK_DATE_R,FCT_CLAIM_EXPENSE_PAYMENT_R,D_TRANS_DATE_R,D_CHECK_DATE_R -> D_TRANS_DATE_R
PKG Procedure,PKG_GRP_FULLLOAD_FCT_CLAIM_PAYMENT_DETAIL_R,PRC_FULLLOAD_FCT_CLAIM_PMT_DET_R__PACS_EXPENSE,PKG_GRP_FULLLOAD_FCT_CLAIM_PAYMENT_DETAIL_R_PRC_FULLLOAD_FCT_CLAIM_PMT_DET_R__PACS_EXPENSE,FCT_CLAIM_PAYMENT_DETAIL_EXPENSE_R,D_PAID_DATE_R,FCT_CLAIM_EXPENSE_PAYMENT_R,D_TRANS_DATE_R,D_PAID_DATE_R -> D_TRANS_DATE_R
PKG Procedure,PKG_GRP_FULLLOAD_FCT_CLAIM_PAYMENT_DETAIL_R,PRC_FULLLOAD_FCT_CLAIM_PMT_DET_R__PACS_EXPENSE,PKG_GRP_FULLLOAD_FCT_CLAIM_PAYMENT_DETAIL_R_PRC_FULLLOAD_FCT_CLAIM_PMT_DET_R__PACS_EXPENSE,FCT_CLAIM_PAYMENT_DETAIL_EXPENSE_R,D_SERVICE_PERIOD_FROM_R,,,Constant / Expression
PKG Procedure,PKG_GRP_FULLLOAD_FCT_CLAIM_PAYMENT_DETAIL_R,PRC_FULLLOAD_FCT_CLAIM_PMT_DET_R__PACS_EXPENSE,PKG_GRP_FULLLOAD_FCT_CLAIM_PAYMENT_DETAIL_R_PRC_FULLLOAD_FCT_CLAIM_PMT_DET_R__PACS_EXPENSE,FCT_CLAIM_PAYMENT_DETAIL_EXPENSE_R,D_SERVICE_PERIOD_TO_R,,,Constant / Expression
PKG Procedure,PKG_GRP_FULLLOAD_FCT_CLAIM_PAYMENT_DETAIL_R,PRC_FULLLOAD_FCT_CLAIM_PMT_DET_R__PACS_EXPENSE,PKG_GRP_FULLLOAD_FCT_CLAIM_PAYMENT_DETAIL_R_PRC_FULLLOAD_FCT_CLAIM_PMT_DET_R__PACS_EXPENSE,FCT_CLAIM_PAYMENT_DETAIL_EXPENSE_R,FIC_MIS_DATE_R,FCT_CLAIM_EXPENSE_PAYMENT_R,FIC_MIS_DATE_R,FIC_MIS_DATE_R
PKG Procedure,PKG_GRP_FULLLOAD_FCT_CLAIM_PAYMENT_DETAIL_R,PRC_FULLLOAD_FCT_CLAIM_PMT_DET_R__PACS_EXPENSE,PKG_GRP_FULLLOAD_FCT_CLAIM_PAYMENT_DETAIL_R_PRC_FULLLOAD_FCT_CLAIM_PMT_DET_R__PACS_EXPENSE,FCT_CLAIM_PAYMENT_DETAIL_EXPENSE_R,N_BATCH_ID_R,FCT_CLAIM_EXPENSE_PAYMENT_R,N_BATCH_ID_R,N_BATCH_ID_R
PKG Procedure,PKG_GRP_FULLLOAD_FCT_CLAIM_PAYMENT_DETAIL_R,PRC_FULLLOAD_FCT_CLAIM_PMT_DET_R__PACS_EXPENSE,PKG_GRP_FULLLOAD_FCT_CLAIM_PAYMENT_DETAIL_R_PRC_FULLLOAD_FCT_CLAIM_PMT_DET_R__PACS_EXPENSE,FCT_CLAIM_PAYMENT_DETAIL_EXPENSE_R,N_CLAIM_COVERAGE_GROUP_SK_R,FCT_CLAIM_EXPENSE_PAYMENT_R,N_CLAIM_COVERAGE_GROUP_SK_R,N_CLAIM_COVERAGE_GROUP_SK_R
PKG Procedure,PKG_GRP_FULLLOAD_FCT_CLAIM_PAYMENT_DETAIL_R,PRC_FULLLOAD_FCT_CLAIM_PMT_DET_R__PACS_EXPENSE,PKG_GRP_FULLLOAD_FCT_CLAIM_PAYMENT_DETAIL_R_PRC_FULLLOAD_FCT_CLAIM_PMT_DET_R__PACS_EXPENSE,FCT_CLAIM_PAYMENT_DETAIL_EXPENSE_R,N_CLAIM_COVERAGE_SK_R,FCT_CLAIM_EXPENSE_PAYMENT_R,N_CLAIM_COVERAGE_SK_R,N_CLAIM_COVERAGE_SK_R
PKG Procedure,PKG_GRP_FULLLOAD_FCT_CLAIM_PAYMENT_DETAIL_R,PRC_FULLLOAD_FCT_CLAIM_PMT_DET_R__PACS_EXPENSE,PKG_GRP_FULLLOAD_FCT_CLAIM_PAYMENT_DETAIL_R_PRC_FULLLOAD_FCT_CLAIM_PMT_DET_R__PACS_EXPENSE,FCT_CLAIM_PAYMENT_DETAIL_EXPENSE_R,N_CLAIM_SK_R,FCT_CLAIM_EXPENSE_PAYMENT_R,N_CLAIM_SK_R,N_CLAIM_SK_R
PKG Procedure,PKG_GRP_FULLLOAD_FCT_CLAIM_PAYMENT_DETAIL_R,PRC_FULLLOAD_FCT_CLAIM_PMT_DET_R__PACS_EXPENSE,PKG_GRP_FULLLOAD_FCT_CLAIM_PAYMENT_DETAIL_R_PRC_FULLLOAD_FCT_CLAIM_PMT_DET_R__PACS_EXPENSE,FCT_CLAIM_PAYMENT_DETAIL_EXPENSE_R,N_GROSS_AMOUNT_R,,,Constant / Expression
PKG Procedure,PKG_GRP_FULLLOAD_FCT_CLAIM_PAYMENT_DETAIL_R,PRC_FULLLOAD_FCT_CLAIM_PMT_DET_R__PACS_EXPENSE,PKG_GRP_FULLLOAD_FCT_CLAIM_PAYMENT_DETAIL_R_PRC_FULLLOAD_FCT_CLAIM_PMT_DET_R__PACS_EXPENSE,FCT_CLAIM_PAYMENT_DETAIL_EXPENSE_R,N_GROSS_WAGE_BASE_R,,,Constant / Expression
PKG Procedure,PKG_GRP_FULLLOAD_FCT_CLAIM_PAYMENT_DETAIL_R,PRC_FULLLOAD_FCT_CLAIM_PMT_DET_R__PACS_EXPENSE,PKG_GRP_FULLLOAD_FCT_CLAIM_PAYMENT_DETAIL_R_PRC_FULLLOAD_FCT_CLAIM_PMT_DET_R__PACS_EXPENSE,FCT_CLAIM_PAYMENT_DETAIL_EXPENSE_R,N_GROUP_SEQ_R,,,Constant / Expression
PKG Procedure,PKG_GRP_FULLLOAD_FCT_CLAIM_PAYMENT_DETAIL_R,PRC_FULLLOAD_FCT_CLAIM_PMT_DET_R__PACS_EXPENSE,PKG_GRP_FULLLOAD_FCT_CLAIM_PAYMENT_DETAIL_R_PRC_FULLLOAD_FCT_CLAIM_PMT_DET_R__PACS_EXPENSE,FCT_CLAIM_PAYMENT_DETAIL_EXPENSE_R,N_LOAD_RUN_ID_R,,,Constant / Expression
PKG Procedure,PKG_GRP_FULLLOAD_FCT_CLAIM_PAYMENT_DETAIL_R,PRC_FULLLOAD_FCT_CLAIM_PMT_DET_R__PACS_EXPENSE,PKG_GRP_FULLLOAD_FCT_CLAIM_PAYMENT_DETAIL_R_PRC_FULLLOAD_FCT_CLAIM_PMT_DET_R__PACS_EXPENSE,FCT_CLAIM_PAYMENT_DETAIL_EXPENSE_R,N_PAID_AMOUNT_R,FCT_CLAIM_EXPENSE_PAYMENT_R,N_TRANS_AMOUNT_R,N_PAID_AMOUNT_R -> N_TRANS_AMOUNT_R
PKG Procedure,PKG_GRP_FULLLOAD_FCT_CLAIM_PAYMENT_DETAIL_R,PRC_FULLLOAD_FCT_CLAIM_PMT_DET_R__PACS_EXPENSE,PKG_GRP_FULLLOAD_FCT_CLAIM_PAYMENT_DETAIL_R_PRC_FULLLOAD_FCT_CLAIM_PMT_DET_R__PACS_EXPENSE,FCT_CLAIM_PAYMENT_DETAIL_EXPENSE_R,N_PARENT_OBJECTNUM_R,,,Constant / Expression
PKG Procedure,PKG_GRP_FULLLOAD_FCT_CLAIM_PAYMENT_DETAIL_R,PRC_FULLLOAD_FCT_CLAIM_PMT_DET_R__PACS_EXPENSE,PKG_GRP_FULLLOAD_FCT_CLAIM_PAYMENT_DETAIL_R_PRC_FULLLOAD_FCT_CLAIM_PMT_DET_R__PACS_EXPENSE,FCT_CLAIM_PAYMENT_DETAIL_EXPENSE_R,N_PARTY_SK_R,,,Constant / Expression
PKG Procedure,PKG_GRP_FULLLOAD_FCT_CLAIM_PAYMENT_DETAIL_R,PRC_FULLLOAD_FCT_CLAIM_PMT_DET_R__PACS_EXPENSE,PKG_GRP_FULLLOAD_FCT_CLAIM_PAYMENT_DETAIL_R_PRC_FULLLOAD_FCT_CLAIM_PMT_DET_R__PACS_EXPENSE,FCT_CLAIM_PAYMENT_DETAIL_EXPENSE_R,N_SEQUENCE_NUMBER_R,,,Constant / Expression
PKG Procedure,PKG_GRP_FULLLOAD_FCT_CLAIM_PAYMENT_DETAIL_R,PRC_FULLLOAD_FCT_CLAIM_PMT_DET_R__PACS_EXPENSE,PKG_GRP_FULLLOAD_FCT_CLAIM_PAYMENT_DETAIL_R_PRC_FULLLOAD_FCT_CLAIM_PMT_DET_R__PACS_EXPENSE,FCT_CLAIM_PAYMENT_DETAIL_EXPENSE_R,N_SEQ_R,,,Constant / Expression
PKG Procedure,PKG_GRP_FULLLOAD_FCT_CLAIM_PAYMENT_DETAIL_R,PRC_FULLLOAD_FCT_CLAIM_PMT_DET_R__PACS_EXPENSE,PKG_GRP_FULLLOAD_FCT_CLAIM_PAYMENT_DETAIL_R_PRC_FULLLOAD_FCT_CLAIM_PMT_DET_R__PACS_EXPENSE,FCT_CLAIM_PAYMENT_DETAIL_EXPENSE_R,N_SOURCE_SYSTEM_KEY_R,FCT_CLAIM_EXPENSE_PAYMENT_R,N_CLAIMEXP_SOURCE_SYSTEM_KEY_R,N_SOURCE_SYSTEM_KEY_R -> N_CLAIMEXP_SOURCE_SYSTEM_KEY_R
PKG Procedure,PKG_GRP_FULLLOAD_FCT_CLAIM_PAYMENT_DETAIL_R,PRC_FULLLOAD_FCT_CLAIM_PMT_DET_R__PACS_EXPENSE,PKG_GRP_FULLLOAD_FCT_CLAIM_PAYMENT_DETAIL_R_PRC_FULLLOAD_FCT_CLAIM_PMT_DET_R__PACS_EXPENSE,FCT_CLAIM_PAYMENT_DETAIL_EXPENSE_R,N_SOURCE_VERSION_SEQ_NUMBER_R,FCT_CLAIM_EXPENSE_PAYMENT_R,N_SOURCE_VERSION_SEQ_NUMBER_R,N_SOURCE_VERSION_SEQ_NUMBER_R
PKG Procedure,PKG_GRP_FULLLOAD_FCT_CLAIM_PAYMENT_DETAIL_R,PRC_FULLLOAD_FCT_CLAIM_PMT_DET_R__PACS_EXPENSE,PKG_GRP_FULLLOAD_FCT_CLAIM_PAYMENT_DETAIL_R_PRC_FULLLOAD_FCT_CLAIM_PMT_DET_R__PACS_EXPENSE,FCT_CLAIM_PAYMENT_DETAIL_EXPENSE_R,N_TAXABLE_PERCENT_R,,,Constant / Expression
PKG Procedure,PKG_GRP_FULLLOAD_FCT_CLAIM_PAYMENT_DETAIL_R,PRC_FULLLOAD_FCT_CLAIM_PMT_DET_R__PACS_EXPENSE,PKG_GRP_FULLLOAD_FCT_CLAIM_PAYMENT_DETAIL_R_PRC_FULLLOAD_FCT_CLAIM_PMT_DET_R__PACS_EXPENSE,FCT_CLAIM_PAYMENT_DETAIL_EXPENSE_R,N_WORKSHEET_OBJECT_NUM_R,,,Constant / Expression
PKG Procedure,PKG_GRP_FULLLOAD_FCT_CLAIM_PAYMENT_DETAIL_R,PRC_FULLLOAD_FCT_CLAIM_PMT_DET_R__PACS_EXPENSE,PKG_GRP_FULLLOAD_FCT_CLAIM_PAYMENT_DETAIL_R_PRC_FULLLOAD_FCT_CLAIM_PMT_DET_R__PACS_EXPENSE,FCT_CLAIM_PAYMENT_DETAIL_EXPENSE_R,T_CREATION_DATE_R,,,Constant / Expression
PKG Procedure,PKG_GRP_FULLLOAD_FCT_CLAIM_PAYMENT_DETAIL_R,PRC_FULLLOAD_FCT_CLAIM_PMT_DET_R__PACS_EXPENSE,PKG_GRP_FULLLOAD_FCT_CLAIM_PAYMENT_DETAIL_R_PRC_FULLLOAD_FCT_CLAIM_PMT_DET_R__PACS_EXPENSE,FCT_CLAIM_PAYMENT_DETAIL_EXPENSE_R,T_EVENT_TIMESTAMP_R,,,Constant / Expression
PKG Procedure,PKG_GRP_FULLLOAD_FCT_CLAIM_PAYMENT_DETAIL_R,PRC_FULLLOAD_FCT_CLAIM_PMT_DET_R__PACS_EXPENSE,PKG_GRP_FULLLOAD_FCT_CLAIM_PAYMENT_DETAIL_R_PRC_FULLLOAD_FCT_CLAIM_PMT_DET_R__PACS_EXPENSE,FCT_CLAIM_PAYMENT_DETAIL_EXPENSE_R,T_LAST_MODIFIED_DATE_R,,,Constant / Expression
PKG Procedure,PKG_GRP_FULLLOAD_FCT_CLAIM_PAYMENT_DETAIL_R,PRC_FULLLOAD_FCT_CLAIM_PMT_DET_R__PACS_EXPENSE,PKG_GRP_FULLLOAD_FCT_CLAIM_PAYMENT_DETAIL_R_PRC_FULLLOAD_FCT_CLAIM_PMT_DET_R__PACS_EXPENSE,FCT_CLAIM_PAYMENT_DETAIL_EXPENSE_R,V_AMOUNT_TYPE_CATEGORY_DESC_R,FCT_CLAIM_EXPENSE_PAYMENT_R,V_AMOUNT_TYPE_CATEGORY_DESC_R,V_AMOUNT_TYPE_CATEGORY_DESC_R
PKG Procedure,PKG_GRP_FULLLOAD_FCT_CLAIM_PAYMENT_DETAIL_R,PRC_FULLLOAD_FCT_CLAIM_PMT_DET_R__PACS_EXPENSE,PKG_GRP_FULLLOAD_FCT_CLAIM_PAYMENT_DETAIL_R_PRC_FULLLOAD_FCT_CLAIM_PMT_DET_R__PACS_EXPENSE,FCT_CLAIM_PAYMENT_DETAIL_EXPENSE_R,V_AMOUNT_TYPE_CATEGORY_R,FCT_CLAIM_EXPENSE_PAYMENT_R,V_AMOUNT_TYPE_CATEGORY_R,V_AMOUNT_TYPE_CATEGORY_R
PKG Procedure,PKG_GRP_FULLLOAD_FCT_CLAIM_PAYMENT_DETAIL_R,PRC_FULLLOAD_FCT_CLAIM_PMT_DET_R__PACS_EXPENSE,PKG_GRP_FULLLOAD_FCT_CLAIM_PAYMENT_DETAIL_R_PRC_FULLLOAD_FCT_CLAIM_PMT_DET_R__PACS_EXPENSE,FCT_CLAIM_PAYMENT_DETAIL_EXPENSE_R,V_AMOUNT_TYPE_CODE_R,FCT_CLAIM_EXPENSE_PAYMENT_R,V_AMOUNT_TYPE_CODE_R,V_AMOUNT_TYPE_CODE_R
PKG Procedure,PKG_GRP_FULLLOAD_FCT_CLAIM_PAYMENT_DETAIL_R,PRC_FULLLOAD_FCT_CLAIM_PMT_DET_R__PACS_EXPENSE,PKG_GRP_FULLLOAD_FCT_CLAIM_PAYMENT_DETAIL_R_PRC_FULLLOAD_FCT_CLAIM_PMT_DET_R__PACS_EXPENSE,FCT_CLAIM_PAYMENT_DETAIL_EXPENSE_R,V_AMOUNT_TYPE_NAME_R,FCT_CLAIM_EXPENSE_PAYMENT_R,V_AMOUNT_TYPE_NAME_R,V_AMOUNT_TYPE_NAME_R
PKG Procedure,PKG_GRP_FULLLOAD_FCT_CLAIM_PAYMENT_DETAIL_R,PRC_FULLLOAD_FCT_CLAIM_PMT_DET_R__PACS_EXPENSE,PKG_GRP_FULLLOAD_FCT_CLAIM_PAYMENT_DETAIL_R_PRC_FULLLOAD_FCT_CLAIM_PMT_DET_R__PACS_EXPENSE,FCT_CLAIM_PAYMENT_DETAIL_EXPENSE_R,V_AMOUNT_TYPE_SUB_CATEGORY_R,FCT_CLAIM_EXPENSE_PAYMENT_R,V_AMOUNT_TYPE_SUB_CATEGORY_R,V_AMOUNT_TYPE_SUB_CATEGORY_R
PKG Procedure,PKG_GRP_FULLLOAD_FCT_CLAIM_PAYMENT_DETAIL_R,PRC_FULLLOAD_FCT_CLAIM_PMT_DET_R__PACS_EXPENSE,PKG_GRP_FULLLOAD_FCT_CLAIM_PAYMENT_DETAIL_R_PRC_FULLLOAD_FCT_CLAIM_PMT_DET_R__PACS_EXPENSE,FCT_CLAIM_PAYMENT_DETAIL_EXPENSE_R,V_AMOUNT_TYPE_SUB_CODE_R,FCT_CLAIM_EXPENSE_PAYMENT_R,V_AMOUNT_TYPE_SUB_CODE_R,V_AMOUNT_TYPE_SUB_CODE_R
PKG Procedure,PKG_GRP_FULLLOAD_FCT_CLAIM_PAYMENT_DETAIL_R,PRC_FULLLOAD_FCT_CLAIM_PMT_DET_R__PACS_EXPENSE,PKG_GRP_FULLLOAD_FCT_CLAIM_PAYMENT_DETAIL_R_PRC_FULLLOAD_FCT_CLAIM_PMT_DET_R__PACS_EXPENSE,FCT_CLAIM_PAYMENT_DETAIL_EXPENSE_R,V_AMOUNT_TYPE_SUB_NAME_R,FCT_CLAIM_EXPENSE_PAYMENT_R,V_AMOUNT_TYPE_SUB_NAME_R,V_AMOUNT_TYPE_SUB_NAME_R
PKG Procedure,PKG_GRP_FULLLOAD_FCT_CLAIM_PAYMENT_DETAIL_R,PRC_FULLLOAD_FCT_CLAIM_PMT_DET_R__PACS_EXPENSE,PKG_GRP_FULLLOAD_FCT_CLAIM_PAYMENT_DETAIL_R_PRC_FULLLOAD_FCT_CLAIM_PMT_DET_R__PACS_EXPENSE,FCT_CLAIM_PAYMENT_DETAIL_EXPENSE_R,V_AMT_TYPE_SUB_CATEGORY_DESC_R,FCT_CLAIM_EXPENSE_PAYMENT_R,V_AMT_TYPE_SUB_CATEGORY_DESC_R,V_AMT_TYPE_SUB_CATEGORY_DESC_R
PKG Procedure,PKG_GRP_FULLLOAD_FCT_CLAIM_PAYMENT_DETAIL_R,PRC_FULLLOAD_FCT_CLAIM_PMT_DET_R__PACS_EXPENSE,PKG_GRP_FULLLOAD_FCT_CLAIM_PAYMENT_DETAIL_R_PRC_FULLLOAD_FCT_CLAIM_PMT_DET_R__PACS_EXPENSE,FCT_CLAIM_PAYMENT_DETAIL_EXPENSE_R,V_BENEFIT_CATEGORY_R,FCT_CLAIM_EXPENSE_PAYMENT_R,V_AMOUNT_TYPE_CATEGORY_DESC_R,V_BENEFIT_CATEGORY_R -> V_AMOUNT_TYPE_CATEGORY_DESC_R
PKG Procedure,PKG_GRP_FULLLOAD_FCT_CLAIM_PAYMENT_DETAIL_R,PRC_FULLLOAD_FCT_CLAIM_PMT_DET_R__PACS_EXPENSE,PKG_GRP_FULLLOAD_FCT_CLAIM_PAYMENT_DETAIL_R_PRC_FULLLOAD_FCT_CLAIM_PMT_DET_R__PACS_EXPENSE,FCT_CLAIM_PAYMENT_DETAIL_EXPENSE_R,V_BENEFIT_CODE_R,FCT_CLAIM_EXPENSE_PAYMENT_R,V_AMOUNT_TYPE_SUB_CODE_R,V_BENEFIT_CODE_R -> V_AMOUNT_TYPE_SUB_CODE_R
PKG Procedure,PKG_GRP_FULLLOAD_FCT_CLAIM_PAYMENT_DETAIL_R,PRC_FULLLOAD_FCT_CLAIM_PMT_DET_R__PACS_EXPENSE,PKG_GRP_FULLLOAD_FCT_CLAIM_PAYMENT_DETAIL_R_PRC_FULLLOAD_FCT_CLAIM_PMT_DET_R__PACS_EXPENSE,FCT_CLAIM_PAYMENT_DETAIL_EXPENSE_R,V_BENEFIT_DESCRIPTION_R,FCT_CLAIM_EXPENSE_PAYMENT_R,V_AMOUNT_TYPE_NAME_R,V_BENEFIT_DESCRIPTION_R -> V_AMOUNT_TYPE_NAME_R
PKG Procedure,PKG_GRP_FULLLOAD_FCT_CLAIM_PAYMENT_DETAIL_R,PRC_FULLLOAD_FCT_CLAIM_PMT_DET_R__PACS_EXPENSE,PKG_GRP_FULLLOAD_FCT_CLAIM_PAYMENT_DETAIL_R_PRC_FULLLOAD_FCT_CLAIM_PMT_DET_R__PACS_EXPENSE,FCT_CLAIM_PAYMENT_DETAIL_EXPENSE_R,V_BENEFIT_GROUP_R,FCT_CLAIM_EXPENSE_PAYMENT_R,V_AMOUNT_TYPE_CODE_R,V_BENEFIT_GROUP_R -> V_AMOUNT_TYPE_CODE_R
PKG Procedure,PKG_GRP_FULLLOAD_FCT_CLAIM_PAYMENT_DETAIL_R,PRC_FULLLOAD_FCT_CLAIM_PMT_DET_R__PACS_EXPENSE,PKG_GRP_FULLLOAD_FCT_CLAIM_PAYMENT_DETAIL_R_PRC_FULLLOAD_FCT_CLAIM_PMT_DET_R__PACS_EXPENSE,FCT_CLAIM_PAYMENT_DETAIL_EXPENSE_R,V_CHECK_NUMBER_R,FCT_CLAIM_EXPENSE_PAYMENT_R,V_CHEQUE_NUMBER_R,V_CHECK_NUMBER_R -> V_CHEQUE_NUMBER_R
PKG Procedure,PKG_GRP_FULLLOAD_FCT_CLAIM_PAYMENT_DETAIL_R,PRC_FULLLOAD_FCT_CLAIM_PMT_DET_R__PACS_EXPENSE,PKG_GRP_FULLLOAD_FCT_CLAIM_PAYMENT_DETAIL_R_PRC_FULLLOAD_FCT_CLAIM_PMT_DET_R__PACS_EXPENSE,FCT_CLAIM_PAYMENT_DETAIL_EXPENSE_R,V_CHECK_TYPE_R,,,Constant / Expression
PKG Procedure,PKG_GRP_FULLLOAD_FCT_CLAIM_PAYMENT_DETAIL_R,PRC_FULLLOAD_FCT_CLAIM_PMT_DET_R__PACS_EXPENSE,PKG_GRP_FULLLOAD_FCT_CLAIM_PAYMENT_DETAIL_R_PRC_FULLLOAD_FCT_CLAIM_PMT_DET_R__PACS_EXPENSE,FCT_CLAIM_PAYMENT_DETAIL_EXPENSE_R,V_CLAIM_NUMBER_R,DIM_GRP_CLAIM_DIR_R,V_CLAIM_NUMBER_R,V_CLAIM_NUMBER_R
PKG Procedure,PKG_GRP_FULLLOAD_FCT_CLAIM_PAYMENT_DETAIL_R,PRC_FULLLOAD_FCT_CLAIM_PMT_DET_R__PACS_EXPENSE,PKG_GRP_FULLLOAD_FCT_CLAIM_PAYMENT_DETAIL_R_PRC_FULLLOAD_FCT_CLAIM_PMT_DET_R__PACS_EXPENSE,FCT_CLAIM_PAYMENT_DETAIL_EXPENSE_R,V_COVERAGE_CODE_R,DIM_GRP_CLAIM_COVERAGE_GROUP_R,V_CLAIM_COVERAGE_CODE_R,V_COVERAGE_CODE_R -> NVL
PKG Procedure,PKG_GRP_FULLLOAD_FCT_CLAIM_PAYMENT_DETAIL_R,PRC_FULLLOAD_FCT_CLAIM_PMT_DET_R__PACS_EXPENSE,PKG_GRP_FULLLOAD_FCT_CLAIM_PAYMENT_DETAIL_R_PRC_FULLLOAD_FCT_CLAIM_PMT_DET_R__PACS_EXPENSE,FCT_CLAIM_PAYMENT_DETAIL_EXPENSE_R,V_COVERAGE_CODE_R,DIM_GRP_CLAIM_COVERAGE_R,V_CLAIM_COVERAGE_CODE_R,V_COVERAGE_CODE_R -> NVL
PKG Procedure,PKG_GRP_FULLLOAD_FCT_CLAIM_PAYMENT_DETAIL_R,PRC_FULLLOAD_FCT_CLAIM_PMT_DET_R__PACS_EXPENSE,PKG_GRP_FULLLOAD_FCT_CLAIM_PAYMENT_DETAIL_R_PRC_FULLLOAD_FCT_CLAIM_PMT_DET_R__PACS_EXPENSE,FCT_CLAIM_PAYMENT_DETAIL_EXPENSE_R,V_COV_GROUP_ID_R,DIM_GRP_CLAIM_COVERAGE_GROUP_R,N_COV_GRP_ID_R,V_COV_GROUP_ID_R
PKG Procedure,PKG_GRP_FULLLOAD_FCT_CLAIM_PAYMENT_DETAIL_R,PRC_FULLLOAD_FCT_CLAIM_PMT_DET_R__PACS_EXPENSE,PKG_GRP_FULLLOAD_FCT_CLAIM_PAYMENT_DETAIL_R_PRC_FULLLOAD_FCT_CLAIM_PMT_DET_R__PACS_EXPENSE,FCT_CLAIM_PAYMENT_DETAIL_EXPENSE_R,V_CREATED_BY_R,,,Constant / Expression
PKG Procedure,PKG_GRP_FULLLOAD_FCT_CLAIM_PAYMENT_DETAIL_R,PRC_FULLLOAD_FCT_CLAIM_PMT_DET_R__PACS_EXPENSE,PKG_GRP_FULLLOAD_FCT_CLAIM_PAYMENT_DETAIL_R_PRC_FULLLOAD_FCT_CLAIM_PMT_DET_R__PACS_EXPENSE,FCT_CLAIM_PAYMENT_DETAIL_EXPENSE_R,V_LAST_MODIFIED_BY_R,,,Constant / Expression
PKG Procedure,PKG_GRP_FULLLOAD_FCT_CLAIM_PAYMENT_DETAIL_R,PRC_FULLLOAD_FCT_CLAIM_PMT_DET_R__PACS_EXPENSE,PKG_GRP_FULLLOAD_FCT_CLAIM_PAYMENT_DETAIL_R_PRC_FULLLOAD_FCT_CLAIM_PMT_DET_R__PACS_EXPENSE,FCT_CLAIM_PAYMENT_DETAIL_EXPENSE_R,V_PAYEE_TYPE_R,,,Constant / Expression
PKG Procedure,PKG_GRP_FULLLOAD_FCT_CLAIM_PAYMENT_DETAIL_R,PRC_FULLLOAD_FCT_CLAIM_PMT_DET_R__PACS_EXPENSE,PKG_GRP_FULLLOAD_FCT_CLAIM_PAYMENT_DETAIL_R_PRC_FULLLOAD_FCT_CLAIM_PMT_DET_R__PACS_EXPENSE,FCT_CLAIM_PAYMENT_DETAIL_EXPENSE_R,V_PAYMENT_STATUS_R,FCT_CLAIM_EXPENSE_PAYMENT_R,V_TRANS_STATUS_R,V_PAYMENT_STATUS_R -> DECODE -> V_TRANS_STATUS_R
PKG Procedure,PKG_GRP_FULLLOAD_FCT_CLAIM_PAYMENT_DETAIL_R,PRC_FULLLOAD_FCT_CLAIM_PMT_DET_R__PACS_EXPENSE,PKG_GRP_FULLLOAD_FCT_CLAIM_PAYMENT_DETAIL_R_PRC_FULLLOAD_FCT_CLAIM_PMT_DET_R__PACS_EXPENSE,FCT_CLAIM_PAYMENT_DETAIL_EXPENSE_R,V_PAYMENT_TYPE_R,,,Constant / Expression
PKG Procedure,PKG_GRP_FULLLOAD_FCT_CLAIM_PAYMENT_DETAIL_R,PRC_FULLLOAD_FCT_CLAIM_PMT_DET_R__PACS_EXPENSE,PKG_GRP_FULLLOAD_FCT_CLAIM_PAYMENT_DETAIL_R_PRC_FULLLOAD_FCT_CLAIM_PMT_DET_R__PACS_EXPENSE,FCT_CLAIM_PAYMENT_DETAIL_EXPENSE_R,V_PAY_METHOD_R,FCT_CLAIM_EXPENSE_PAYMENT_R,V_PAY_METHOD_R,V_PAY_METHOD_R
PKG Procedure,PKG_GRP_FULLLOAD_FCT_CLAIM_PAYMENT_DETAIL_R,PRC_FULLLOAD_FCT_CLAIM_PMT_DET_R__PACS_EXPENSE,PKG_GRP_FULLLOAD_FCT_CLAIM_PAYMENT_DETAIL_R_PRC_FULLLOAD_FCT_CLAIM_PMT_DET_R__PACS_EXPENSE,FCT_CLAIM_PAYMENT_DETAIL_EXPENSE_R,V_RECORD_TYPE_R,,,Constant / Expression
PKG Procedure,PKG_GRP_FULLLOAD_FCT_CLAIM_PAYMENT_DETAIL_R,PRC_FULLLOAD_FCT_CLAIM_PMT_DET_R__PACS_EXPENSE,PKG_GRP_FULLLOAD_FCT_CLAIM_PAYMENT_DETAIL_R_PRC_FULLLOAD_FCT_CLAIM_PMT_DET_R__PACS_EXPENSE,FCT_CLAIM_PAYMENT_DETAIL_EXPENSE_R,V_SOURCE_SYSTEM_NAME_R,FCT_CLAIM_EXPENSE_PAYMENT_R,V_SOURCE_SYSTEM_NAME_R,V_SOURCE_SYSTEM_NAME_R
PKG Procedure,PKG_GRP_FULLLOAD_FCT_CLAIM_PAYMENT_DETAIL_R,PRC_FULLLOAD_FCT_CLAIM_PMT_DET_R__PACS_EXPENSE,PKG_GRP_FULLLOAD_FCT_CLAIM_PAYMENT_DETAIL_R_PRC_FULLLOAD_FCT_CLAIM_PMT_DET_R__PACS_EXPENSE,FCT_CLAIM_PAYMENT_DETAIL_EXPENSE_R,v_payee_first_name_r,,,Constant / Expression
PKG Procedure,PKG_GRP_FULLLOAD_FCT_CLAIM_PAYMENT_DETAIL_R,PRC_FULLLOAD_FCT_CLAIM_PMT_DET_R__PACS_EXPENSE,PKG_GRP_FULLLOAD_FCT_CLAIM_PAYMENT_DETAIL_R_PRC_FULLLOAD_FCT_CLAIM_PMT_DET_R__PACS_EXPENSE,FCT_CLAIM_PAYMENT_DETAIL_EXPENSE_R,v_payee_last_name_r,,,Constant / Expression
PKG Procedure,PKG_GRP_FULLLOAD_FCT_CLAIM_PAYMENT_DETAIL_R,PRC_FULLLOAD_FCT_CLAIM_PMT_DET_R__PACS_EXPENSE,PKG_GRP_FULLLOAD_FCT_CLAIM_PAYMENT_DETAIL_R_PRC_FULLLOAD_FCT_CLAIM_PMT_DET_R__PACS_EXPENSE,FCT_CLAIM_PAYMENT_DETAIL_EXPENSE_R,v_payee_middle_name_r,,,Constant / Expression
PKG Procedure,PKG_GRP_FULLLOAD_FCT_CLAIM_PAYMENT_DETAIL_R,PRC_FULLLOAD_FCT_CLAIM_PMT_DET_R__PACS_EXPENSE,PKG_GRP_FULLLOAD_FCT_CLAIM_PAYMENT_DETAIL_R_PRC_FULLLOAD_FCT_CLAIM_PMT_DET_R__PACS_EXPENSE,fct_claim_payment_detail_expense_r_chkdt_gtt,min_d_check_date_r,lt_var_upd_tbl_chkdt_typ,d_min_check_date_r,min_d_check_date_r -> MIN -> d_check_date_r
PKG Procedure,PKG_GRP_FULLLOAD_FCT_CLAIM_PAYMENT_DETAIL_R,PRC_FULLLOAD_FCT_CLAIM_PMT_DET_R__PACS_EXPENSE,PKG_GRP_FULLLOAD_FCT_CLAIM_PAYMENT_DETAIL_R_PRC_FULLLOAD_FCT_CLAIM_PMT_DET_R__PACS_EXPENSE,fct_claim_payment_detail_expense_r_chkdt_gtt,n_claim_sk_r,,,Constant / Expression
PKG Procedure,PKG_GRP_FULLLOAD_FCT_CLAIM_PAYMENT_DETAIL_R,PRC_FULLLOAD_FCT_CLAIM_PMT_DET_R__PACS_EXPENSE,PKG_GRP_FULLLOAD_FCT_CLAIM_PAYMENT_DETAIL_R_PRC_FULLLOAD_FCT_CLAIM_PMT_DET_R__PACS_EXPENSE,fct_claim_payment_detail_expense_r_chkdt_gtt,n_source_system_key_r,,,Constant / Expression
PKG Procedure,PKG_GRP_FULLLOAD_FCT_CLAIM_PAYMENT_DETAIL_R,PRC_FULLLOAD_FCT_CLAIM_PMT_DET_R__PACS_EXPENSE,PKG_GRP_FULLLOAD_FCT_CLAIM_PAYMENT_DETAIL_R_PRC_FULLLOAD_FCT_CLAIM_PMT_DET_R__PACS_EXPENSE,fct_claim_payment_detail_expense_r_chkdt_gtt,v_check_number_r,,,Constant / Expression
PKG Procedure,PKG_GRP_LOAD_RPT_AGENT_POLICY_R,PRC_UPD_DEL_DATA,PKG_GRP_LOAD_RPT_AGENT_POLICY_R_PRC_UPD_DEL_DATA,RPT_AGENT_POLICY_R,t_last_modified_date_r,RPT_AGENT_POLICY_R,gd_sysdate,Direct
PKG Procedure,PKG_GRP_LOAD_RPT_AGENT_POLICY_R,PRC_UPD_DEL_DATA,PKG_GRP_LOAD_RPT_AGENT_POLICY_R_PRC_UPD_DEL_DATA,RPT_AGENT_POLICY_R,v_last_modified_by_r,RPT_AGENT_POLICY_R,gc_updby,Direct
PKG Procedure,PKG_GRP_LOAD_RPT_AGENT_POLICY_R,PRC_UPD_DEL_DATA,PKG_GRP_LOAD_RPT_AGENT_POLICY_R_PRC_UPD_DEL_DATA,RPT_AGENT_POLICY_R,v_rpt_active_status_r,,,Constant / Expression
PKG Procedure,PKG_GRP_LOAD_RPT_CLAIM_DTL_R,PRC_GET_CUR_DATA,PKG_GRP_LOAD_RPT_CLAIM_DTL_R_PRC_GET_CUR_DATA,RPT_CLAIM_DTL_R,t_last_modified_date_r,RPT_CLAIM_DTL_R,gd_sysdate,Direct
PKG Procedure,PKG_GRP_LOAD_RPT_CLAIM_DTL_R,PRC_GET_CUR_DATA,PKG_GRP_LOAD_RPT_CLAIM_DTL_R_PRC_GET_CUR_DATA,RPT_CLAIM_DTL_R,v_last_modified_by_r,RPT_CLAIM_DTL_R,gc_updby,Direct
PKG Procedure,PKG_GRP_LOAD_RPT_CLAIM_DTL_R,PRC_GET_CUR_DATA,PKG_GRP_LOAD_RPT_CLAIM_DTL_R_PRC_GET_CUR_DATA,RPT_CLAIM_DTL_R,v_rpt_active_status_r,,,Constant / Expression
PKG Procedure,PKG_GRP_LOAD_RPT_CLAIM_DTL_R,PRC_INSERT_DUMMY_REC,PKG_GRP_LOAD_RPT_CLAIM_DTL_R_PRC_INSERT_DUMMY_REC,RPT_CLAIM_DTL_R,n_batch_id_r,RPT_CLAIM_DTL_R,gn_sysdt_batchid,Direct
PKG Procedure,PKG_GRP_LOAD_RPT_CLAIM_DTL_R,PRC_INSERT_DUMMY_REC,PKG_GRP_LOAD_RPT_CLAIM_DTL_R_PRC_INSERT_DUMMY_REC,RPT_CLAIM_DTL_R,n_yearmonth_r,RPT_CLAIM_DTL_R,gn_current_month,Direct
PKG Procedure,PKG_GRP_LOAD_RPT_CLAIM_DTL_R,PRC_INSERT_DUMMY_REC,PKG_GRP_LOAD_RPT_CLAIM_DTL_R_PRC_INSERT_DUMMY_REC,RPT_CLAIM_DTL_R,t_creation_date_r,RPT_CLAIM_DTL_R,gd_sysdate,Direct
PKG Procedure,PKG_GRP_LOAD_RPT_CLAIM_DTL_R,PRC_INSERT_DUMMY_REC,PKG_GRP_LOAD_RPT_CLAIM_DTL_R_PRC_INSERT_DUMMY_REC,RPT_CLAIM_DTL_R,t_last_modified_date_r,RPT_CLAIM_DTL_R,gd_sysdate,t_last_modified_date_r
PKG Procedure,PKG_GRP_LOAD_RPT_CLAIM_DTL_R,PRC_INSERT_DUMMY_REC,PKG_GRP_LOAD_RPT_CLAIM_DTL_R_PRC_INSERT_DUMMY_REC,RPT_CLAIM_DTL_R,v_created_by_r,RPT_CLAIM_DTL_R,gc_main_loadedby,Direct
PKG Procedure,PKG_GRP_LOAD_RPT_CLAIM_DTL_R,PRC_INSERT_DUMMY_REC,PKG_GRP_LOAD_RPT_CLAIM_DTL_R_PRC_INSERT_DUMMY_REC,RPT_CLAIM_DTL_R,v_last_modified_by_r,RPT_CLAIM_DTL_R,gc_main_loadedby,Direct
PKG Procedure,PKG_GRP_LOAD_RPT_CLAIM_DTL_R,PRC_INSERT_DUMMY_REC,PKG_GRP_LOAD_RPT_CLAIM_DTL_R_PRC_INSERT_DUMMY_REC,RPT_CLAIM_DTL_R,v_last_modified_by_r,RPT_CLAIM_DTL_R,gc_updby,v_last_modified_by_r
PKG Procedure,PKG_GRP_LOAD_RPT_CLAIM_DTL_R,PRC_INSERT_DUMMY_REC,PKG_GRP_LOAD_RPT_CLAIM_DTL_R_PRC_INSERT_DUMMY_REC,RPT_CLAIM_DTL_R,v_rpt_active_status_r,,,Constant / Expression
PKG Procedure,PKG_GRP_LOAD_RPT_CLAIM_DTL_R,PRC_INSERT_DUMMY_REC,PKG_GRP_LOAD_RPT_CLAIM_DTL_R_PRC_INSERT_DUMMY_REC,rpt_claim_dtl_r,n_batch_id_r,rpt_claim_dtl_r,gn_sysdt_batchid,Direct
PKG Procedure,PKG_GRP_LOAD_RPT_CLAIM_DTL_R,PRC_INSERT_DUMMY_REC,PKG_GRP_LOAD_RPT_CLAIM_DTL_R_PRC_INSERT_DUMMY_REC,rpt_claim_dtl_r,n_yearmonth_r,rpt_claim_dtl_r,gn_current_month,Direct
PKG Procedure,PKG_GRP_LOAD_RPT_CLAIM_DTL_R,PRC_INSERT_DUMMY_REC,PKG_GRP_LOAD_RPT_CLAIM_DTL_R_PRC_INSERT_DUMMY_REC,rpt_claim_dtl_r,t_creation_date_r,rpt_claim_dtl_r,gd_sysdate,Direct
PKG Procedure,PKG_GRP_LOAD_RPT_CLAIM_DTL_R,PRC_INSERT_DUMMY_REC,PKG_GRP_LOAD_RPT_CLAIM_DTL_R_PRC_INSERT_DUMMY_REC,rpt_claim_dtl_r,t_last_modified_date_r,rpt_claim_dtl_r,gd_sysdate,Direct
PKG Procedure,PKG_GRP_LOAD_RPT_CLAIM_DTL_R,PRC_INSERT_DUMMY_REC,PKG_GRP_LOAD_RPT_CLAIM_DTL_R_PRC_INSERT_DUMMY_REC,rpt_claim_dtl_r,v_created_by_r,rpt_claim_dtl_r,gc_main_loadedby,Direct
PKG Procedure,PKG_GRP_LOAD_RPT_CLAIM_DTL_R,PRC_INSERT_DUMMY_REC,PKG_GRP_LOAD_RPT_CLAIM_DTL_R_PRC_INSERT_DUMMY_REC,rpt_claim_dtl_r,v_last_modified_by_r,rpt_claim_dtl_r,gc_main_loadedby,Direct
PKG Procedure,PKG_GRP_LOAD_RPT_CLAIM_DTL_R,PRC_UPD_DECISION_COLS,PKG_GRP_LOAD_RPT_CLAIM_DTL_R_PRC_UPD_DECISION_COLS,RPT_CLAIM_DTL_R,n_batch_id_r,RPT_CLAIM_DTL_R,gn_sysdt_batchid,Direct
PKG Procedure,PKG_GRP_LOAD_RPT_CLAIM_DTL_R,PRC_UPD_DECISION_COLS,PKG_GRP_LOAD_RPT_CLAIM_DTL_R_PRC_UPD_DECISION_COLS,RPT_CLAIM_DTL_R,n_yearmonth_r,RPT_CLAIM_DTL_R,gn_current_month,Direct
PKG Procedure,PKG_GRP_LOAD_RPT_CLAIM_DTL_R,PRC_UPD_DECISION_COLS,PKG_GRP_LOAD_RPT_CLAIM_DTL_R_PRC_UPD_DECISION_COLS,RPT_CLAIM_DTL_R,t_creation_date_r,RPT_CLAIM_DTL_R,gd_sysdate,Direct
PKG Procedure,PKG_GRP_LOAD_RPT_CLAIM_DTL_R,PRC_UPD_DECISION_COLS,PKG_GRP_LOAD_RPT_CLAIM_DTL_R_PRC_UPD_DECISION_COLS,RPT_CLAIM_DTL_R,t_last_modified_date_r,RPT_CLAIM_DTL_R,gd_sysdate,t_last_modified_date_r
PKG Procedure,PKG_GRP_LOAD_RPT_CLAIM_DTL_R,PRC_UPD_DECISION_COLS,PKG_GRP_LOAD_RPT_CLAIM_DTL_R_PRC_UPD_DECISION_COLS,RPT_CLAIM_DTL_R,v_created_by_r,RPT_CLAIM_DTL_R,gc_main_loadedby,Direct
PKG Procedure,PKG_GRP_LOAD_RPT_CLAIM_DTL_R,PRC_UPD_DECISION_COLS,PKG_GRP_LOAD_RPT_CLAIM_DTL_R_PRC_UPD_DECISION_COLS,RPT_CLAIM_DTL_R,v_last_modified_by_r,RPT_CLAIM_DTL_R,gc_main_loadedby,Direct
PKG Procedure,PKG_GRP_LOAD_RPT_CLAIM_DTL_R,PRC_UPD_DECISION_COLS,PKG_GRP_LOAD_RPT_CLAIM_DTL_R_PRC_UPD_DECISION_COLS,RPT_CLAIM_DTL_R,v_last_modified_by_r,RPT_CLAIM_DTL_R,gc_updby,v_last_modified_by_r
PKG Procedure,PKG_GRP_LOAD_RPT_CLAIM_DTL_R,PRC_UPD_DECISION_COLS,PKG_GRP_LOAD_RPT_CLAIM_DTL_R_PRC_UPD_DECISION_COLS,RPT_CLAIM_DTL_R,v_rpt_active_status_r,,,Constant / Expression
PKG Procedure,PKG_GRP_LOAD_RPT_CLAIM_DTL_R,PRC_UPD_DEL_DATA,PKG_GRP_LOAD_RPT_CLAIM_DTL_R_PRC_UPD_DEL_DATA,RPT_CLAIM_DTL_R,t_last_modified_date_r,RPT_CLAIM_DTL_R,gd_sysdate,Direct
PKG Procedure,PKG_GRP_LOAD_RPT_CLAIM_DTL_R,PRC_UPD_DEL_DATA,PKG_GRP_LOAD_RPT_CLAIM_DTL_R_PRC_UPD_DEL_DATA,RPT_CLAIM_DTL_R,v_last_modified_by_r,RPT_CLAIM_DTL_R,gc_updby,Direct
PKG Procedure,PKG_GRP_LOAD_RPT_CLAIM_DTL_R,PRC_UPD_DEL_DATA,PKG_GRP_LOAD_RPT_CLAIM_DTL_R_PRC_UPD_DEL_DATA,RPT_CLAIM_DTL_R,v_rpt_active_status_r,,,Constant / Expression
PKG Procedure,PKG_GRP_LOAD_RPT_CLAIM_DTL_R,PRC_UPD_WAVIER_LTD_IND_COLS,PKG_GRP_LOAD_RPT_CLAIM_DTL_R_PRC_UPD_WAVIER_LTD_IND_COLS,RPT_CLAIM_DTL_R,n_batch_id_r,RPT_CLAIM_DTL_R,gn_sysdt_batchid,Direct
PKG Procedure,PKG_GRP_LOAD_RPT_CLAIM_DTL_R,PRC_UPD_WAVIER_LTD_IND_COLS,PKG_GRP_LOAD_RPT_CLAIM_DTL_R_PRC_UPD_WAVIER_LTD_IND_COLS,RPT_CLAIM_DTL_R,n_yearmonth_r,RPT_CLAIM_DTL_R,gn_current_month,Direct
PKG Procedure,PKG_GRP_LOAD_RPT_CLAIM_DTL_R,PRC_UPD_WAVIER_LTD_IND_COLS,PKG_GRP_LOAD_RPT_CLAIM_DTL_R_PRC_UPD_WAVIER_LTD_IND_COLS,RPT_CLAIM_DTL_R,t_creation_date_r,RPT_CLAIM_DTL_R,gd_sysdate,Direct
PKG Procedure,PKG_GRP_LOAD_RPT_CLAIM_DTL_R,PRC_UPD_WAVIER_LTD_IND_COLS,PKG_GRP_LOAD_RPT_CLAIM_DTL_R_PRC_UPD_WAVIER_LTD_IND_COLS,RPT_CLAIM_DTL_R,t_last_modified_date_r,RPT_CLAIM_DTL_R,gd_sysdate,t_last_modified_date_r
PKG Procedure,PKG_GRP_LOAD_RPT_CLAIM_DTL_R,PRC_UPD_WAVIER_LTD_IND_COLS,PKG_GRP_LOAD_RPT_CLAIM_DTL_R_PRC_UPD_WAVIER_LTD_IND_COLS,RPT_CLAIM_DTL_R,v_created_by_r,RPT_CLAIM_DTL_R,gc_main_loadedby,Direct
PKG Procedure,PKG_GRP_LOAD_RPT_CLAIM_DTL_R,PRC_UPD_WAVIER_LTD_IND_COLS,PKG_GRP_LOAD_RPT_CLAIM_DTL_R_PRC_UPD_WAVIER_LTD_IND_COLS,RPT_CLAIM_DTL_R,v_last_modified_by_r,RPT_CLAIM_DTL_R,gc_main_loadedby,Direct
PKG Procedure,PKG_GRP_LOAD_RPT_CLAIM_DTL_R,PRC_UPD_WAVIER_LTD_IND_COLS,PKG_GRP_LOAD_RPT_CLAIM_DTL_R_PRC_UPD_WAVIER_LTD_IND_COLS,RPT_CLAIM_DTL_R,v_last_modified_by_r,RPT_CLAIM_DTL_R,gc_updby,v_last_modified_by_r
PKG Procedure,PKG_GRP_LOAD_RPT_CLAIM_DTL_R,PRC_UPD_WAVIER_LTD_IND_COLS,PKG_GRP_LOAD_RPT_CLAIM_DTL_R_PRC_UPD_WAVIER_LTD_IND_COLS,RPT_CLAIM_DTL_R,v_rpt_active_status_r,,,Constant / Expression
PKG Procedure,PKG_GRP_LOAD_RPT_CLAIM_DTL_R_INC,PRC_GET_CUR_DATA,PKG_GRP_LOAD_RPT_CLAIM_DTL_R_INC_PRC_GET_CUR_DATA,SSL_PACKAGE_LOG_TABLE,SOURCE_TABLE_COUNT,SSL_PACKAGE_LOG_TABLE,ln_sqlrowcnt,Direct
PKG Procedure,PKG_GRP_LOAD_RPT_CLAIM_DTL_R_INC,PRC_INSERT_DUMMY_REC,PKG_GRP_LOAD_RPT_CLAIM_DTL_R_INC_PRC_INSERT_DUMMY_REC,RPT_CLAIM_DTL_R,n_batch_id_r,RPT_CLAIM_DTL_R,gn_sysdt_batchid,Direct
PKG Procedure,PKG_GRP_LOAD_RPT_CLAIM_DTL_R_INC,PRC_INSERT_DUMMY_REC,PKG_GRP_LOAD_RPT_CLAIM_DTL_R_INC_PRC_INSERT_DUMMY_REC,RPT_CLAIM_DTL_R,n_yearmonth_r,RPT_CLAIM_DTL_R,gn_current_month,Direct
PKG Procedure,PKG_GRP_LOAD_RPT_CLAIM_DTL_R_INC,PRC_INSERT_DUMMY_REC,PKG_GRP_LOAD_RPT_CLAIM_DTL_R_INC_PRC_INSERT_DUMMY_REC,RPT_CLAIM_DTL_R,t_creation_date_r,,,Constant / Expression
PKG Procedure,PKG_GRP_LOAD_RPT_CLAIM_DTL_R_INC,PRC_INSERT_DUMMY_REC,PKG_GRP_LOAD_RPT_CLAIM_DTL_R_INC_PRC_INSERT_DUMMY_REC,RPT_CLAIM_DTL_R,t_last_modified_date_r,,,Constant / Expression
PKG Procedure,PKG_GRP_LOAD_RPT_CLAIM_DTL_R_INC,PRC_INSERT_DUMMY_REC,PKG_GRP_LOAD_RPT_CLAIM_DTL_R_INC_PRC_INSERT_DUMMY_REC,RPT_CLAIM_DTL_R,v_created_by_r,RPT_CLAIM_DTL_R,gc_main_loadedby,Direct
PKG Procedure,PKG_GRP_LOAD_RPT_CLAIM_DTL_R_INC,PRC_INSERT_DUMMY_REC,PKG_GRP_LOAD_RPT_CLAIM_DTL_R_INC_PRC_INSERT_DUMMY_REC,RPT_CLAIM_DTL_R,v_last_modified_by_r,RPT_CLAIM_DTL_R,gc_main_loadedby,Direct
PKG Procedure,PKG_GRP_LOAD_RPT_CLAIM_DTL_R_INC,PRC_UPD_DEL_DATA,PKG_GRP_LOAD_RPT_CLAIM_DTL_R_INC_PRC_UPD_DEL_DATA,SSL_PACKAGE_LOG_TABLE,SOURCE_TABLE_COUNT,SSL_PACKAGE_LOG_TABLE,ln_sqlrowcnt,Direct
PKG Procedure,PKG_GRP_LOAD_RPT_CLAIM_PAYMENT_DTL_R,PRC_GET_CUR_DATA,PKG_GRP_LOAD_RPT_CLAIM_PAYMENT_DTL_R_PRC_GET_CUR_DATA,RPT_CLAIM_PAYMENT_DTL_R_EXG,N_08B_OFFSET_Amount_R,vw_fct_claim_payment_detail_r_mv_ssl_inc,n_paid_amount_r,case-when
PKG Procedure,PKG_GRP_LOAD_RPT_CLAIM_PAYMENT_DTL_R,PRC_GET_CUR_DATA,PKG_GRP_LOAD_RPT_CLAIM_PAYMENT_DTL_R_PRC_GET_CUR_DATA,RPT_CLAIM_PAYMENT_DTL_R_EXG,N_CHECK_DATE_SK_R,,,Constant / Expression
PKG Procedure,PKG_GRP_LOAD_RPT_CLAIM_PAYMENT_DTL_R,PRC_GET_CUR_DATA,PKG_GRP_LOAD_RPT_CLAIM_PAYMENT_DTL_R_PRC_GET_CUR_DATA,RPT_CLAIM_PAYMENT_DTL_R_EXG,N_Employee_Med_R,vw_fct_claim_payment_detail_r_mv_ssl_inc,n_paid_amount_r,case-when
PKG Procedure,PKG_GRP_LOAD_RPT_CLAIM_PAYMENT_DTL_R,PRC_GET_CUR_DATA,PKG_GRP_LOAD_RPT_CLAIM_PAYMENT_DTL_R_PRC_GET_CUR_DATA,RPT_CLAIM_PAYMENT_DTL_R_EXG,N_Employee_SS_R,vw_fct_claim_payment_detail_r_mv_ssl_inc,n_paid_amount_r,case-when
PKG Procedure,PKG_GRP_LOAD_RPT_CLAIM_PAYMENT_DTL_R,PRC_GET_CUR_DATA,PKG_GRP_LOAD_RPT_CLAIM_PAYMENT_DTL_R_PRC_GET_CUR_DATA,RPT_CLAIM_PAYMENT_DTL_R_EXG,N_Employer_Med_R,vw_fct_claim_payment_detail_r_mv_ssl_inc,n_paid_amount_r,case-when
PKG Procedure,PKG_GRP_LOAD_RPT_CLAIM_PAYMENT_DTL_R,PRC_GET_CUR_DATA,PKG_GRP_LOAD_RPT_CLAIM_PAYMENT_DTL_R_PRC_GET_CUR_DATA,RPT_CLAIM_PAYMENT_DTL_R_EXG,N_Employer_SS_R,vw_fct_claim_payment_detail_r_mv_ssl_inc,n_paid_amount_r,case-when
PKG Procedure,PKG_GRP_LOAD_RPT_CLAIM_PAYMENT_DTL_R,PRC_GET_CUR_DATA,PKG_GRP_LOAD_RPT_CLAIM_PAYMENT_DTL_R_PRC_GET_CUR_DATA,RPT_CLAIM_PAYMENT_DTL_R_EXG,N_FICA_Wage_Base_Amount_R,vw_fct_claim_payment_detail_r_mv_ssl_inc,N_GROSS_WAGE_BASE_R,case-when
PKG Procedure,PKG_GRP_LOAD_RPT_CLAIM_PAYMENT_DTL_R,PRC_GET_CUR_DATA,PKG_GRP_LOAD_RPT_CLAIM_PAYMENT_DTL_R_PRC_GET_CUR_DATA,RPT_CLAIM_PAYMENT_DTL_R_EXG,N_GROSS_AMOUNT_R,vw_fct_claim_payment_detail_r_mv_ssl_inc,n_paid_amount_r,case-when
PKG Procedure,PKG_GRP_LOAD_RPT_CLAIM_PAYMENT_DTL_R,PRC_GET_CUR_DATA,PKG_GRP_LOAD_RPT_CLAIM_PAYMENT_DTL_R_PRC_GET_CUR_DATA,RPT_CLAIM_PAYMENT_DTL_R_EXG,N_PAID_DATE_SK_R,,,Constant / Expression
PKG Procedure,PKG_GRP_LOAD_RPT_CLAIM_PAYMENT_DTL_R,PRC_GET_CUR_DATA,PKG_GRP_LOAD_RPT_CLAIM_PAYMENT_DTL_R_PRC_GET_CUR_DATA,RPT_CLAIM_PAYMENT_DTL_R_EXG,N_POLICY_ID_R,,,Constant / Expression
PKG Procedure,PKG_GRP_LOAD_RPT_CLAIM_PAYMENT_DTL_R,PRC_GET_CUR_DATA,PKG_GRP_LOAD_RPT_CLAIM_PAYMENT_DTL_R_PRC_GET_CUR_DATA,RPT_CLAIM_PAYMENT_DTL_R_EXG,V_BENEFIT_CODE_R,vw_fct_claim_payment_detail_r_mv_ssl_inc,v_benefit_code_r,Direct
PKG Procedure,PKG_GRP_LOAD_RPT_CLAIM_PAYMENT_DTL_R,PRC_GET_CUR_DATA,PKG_GRP_LOAD_RPT_CLAIM_PAYMENT_DTL_R_PRC_GET_CUR_DATA,RPT_CLAIM_PAYMENT_DTL_R_EXG,V_HASH_KEY_R,vw_fct_claim_payment_detail_r_mv_ssl_inc,V_HASH_KEY_R,Direct
PKG Procedure,PKG_GRP_LOAD_RPT_CLAIM_PAYMENT_DTL_R,PRC_GET_CUR_DATA,PKG_GRP_LOAD_RPT_CLAIM_PAYMENT_DTL_R_PRC_GET_CUR_DATA,RPT_CLAIM_PAYMENT_DTL_R_EXG,n_batch_id_r,,,Constant / Expression
PKG Procedure,PKG_GRP_LOAD_RPT_CLAIM_PAYMENT_DTL_R,PRC_GET_CUR_DATA,PKG_GRP_LOAD_RPT_CLAIM_PAYMENT_DTL_R_PRC_GET_CUR_DATA,RPT_CLAIM_PAYMENT_DTL_R_EXG,n_check_amount_r,vw_fct_claim_payment_detail_r_mv_ssl_inc,n_pay_amount_r,Direct
PKG Procedure,PKG_GRP_LOAD_RPT_CLAIM_PAYMENT_DTL_R,PRC_GET_CUR_DATA,PKG_GRP_LOAD_RPT_CLAIM_PAYMENT_DTL_R_PRC_GET_CUR_DATA,RPT_CLAIM_PAYMENT_DTL_R_EXG,n_claim_coverage_group_sk_r,dim_grp_claim_coverage_group_r,n_claim_coverage_group_sk_r,NVL
PKG Procedure,PKG_GRP_LOAD_RPT_CLAIM_PAYMENT_DTL_R,PRC_GET_CUR_DATA,PKG_GRP_LOAD_RPT_CLAIM_PAYMENT_DTL_R_PRC_GET_CUR_DATA,RPT_CLAIM_PAYMENT_DTL_R_EXG,n_claim_coverage_sk_r,dim_grp_claim_coverage_group_r,n_claim_coverage_sk_r,NVL
PKG Procedure,PKG_GRP_LOAD_RPT_CLAIM_PAYMENT_DTL_R,PRC_GET_CUR_DATA,PKG_GRP_LOAD_RPT_CLAIM_PAYMENT_DTL_R_PRC_GET_CUR_DATA,RPT_CLAIM_PAYMENT_DTL_R_EXG,n_claim_paid_loss_amount_ceded_r,vw_fct_claim_payment_detail_r_mv_ssl_inc,n_claim_paid_loss_amount_r,Direct
PKG Procedure,PKG_GRP_LOAD_RPT_CLAIM_PAYMENT_DTL_R,PRC_GET_CUR_DATA,PKG_GRP_LOAD_RPT_CLAIM_PAYMENT_DTL_R_PRC_GET_CUR_DATA,RPT_CLAIM_PAYMENT_DTL_R_EXG,n_claim_paid_loss_amount_ceded_r,vw_fct_claim_payment_detail_r_mv_ssl_inc,n_total_reinsurance_pct_r,Direct
PKG Procedure,PKG_GRP_LOAD_RPT_CLAIM_PAYMENT_DTL_R,PRC_GET_CUR_DATA,PKG_GRP_LOAD_RPT_CLAIM_PAYMENT_DTL_R_PRC_GET_CUR_DATA,RPT_CLAIM_PAYMENT_DTL_R_EXG,n_claim_paid_loss_amount_net_r,vw_fct_claim_payment_detail_r_mv_ssl_inc,n_claim_paid_loss_amount_r,Direct
PKG Procedure,PKG_GRP_LOAD_RPT_CLAIM_PAYMENT_DTL_R,PRC_GET_CUR_DATA,PKG_GRP_LOAD_RPT_CLAIM_PAYMENT_DTL_R_PRC_GET_CUR_DATA,RPT_CLAIM_PAYMENT_DTL_R_EXG,n_claim_paid_loss_amount_net_r,vw_fct_claim_payment_detail_r_mv_ssl_inc,n_total_reinsurance_pct_r,Direct
PKG Procedure,PKG_GRP_LOAD_RPT_CLAIM_PAYMENT_DTL_R,PRC_GET_CUR_DATA,PKG_GRP_LOAD_RPT_CLAIM_PAYMENT_DTL_R_PRC_GET_CUR_DATA,RPT_CLAIM_PAYMENT_DTL_R_EXG,n_claim_paid_loss_amount_r,vw_fct_claim_payment_detail_r_mv_ssl_inc,n_claim_paid_loss_amount_r,Direct
PKG Procedure,PKG_GRP_LOAD_RPT_CLAIM_PAYMENT_DTL_R,PRC_GET_CUR_DATA,PKG_GRP_LOAD_RPT_CLAIM_PAYMENT_DTL_R_PRC_GET_CUR_DATA,RPT_CLAIM_PAYMENT_DTL_R_EXG,n_claim_paid_net_amount_r,vw_fct_claim_payment_detail_r_mv_ssl_inc,n_paid_amount_r,case-when
PKG Procedure,PKG_GRP_LOAD_RPT_CLAIM_PAYMENT_DTL_R,PRC_GET_CUR_DATA,PKG_GRP_LOAD_RPT_CLAIM_PAYMENT_DTL_R_PRC_GET_CUR_DATA,RPT_CLAIM_PAYMENT_DTL_R_EXG,n_claim_sk_r,dim_grp_claim_dir_r,n_claim_sk_r,NVL
PKG Procedure,PKG_GRP_LOAD_RPT_CLAIM_PAYMENT_DTL_R,PRC_GET_CUR_DATA,PKG_GRP_LOAD_RPT_CLAIM_PAYMENT_DTL_R_PRC_GET_CUR_DATA,RPT_CLAIM_PAYMENT_DTL_R_EXG,n_cust_party_sk_r,FCT_GRP_POLICY_R_MV_SSL,N_CUST_PARTY_SK_R,nvl
PKG Procedure,PKG_GRP_LOAD_RPT_CLAIM_PAYMENT_DTL_R,PRC_GET_CUR_DATA,PKG_GRP_LOAD_RPT_CLAIM_PAYMENT_DTL_R_PRC_GET_CUR_DATA,RPT_CLAIM_PAYMENT_DTL_R_EXG,n_employee_sk_r,dim_employee_r,n_employee_sk_r,NVL
PKG Procedure,PKG_GRP_LOAD_RPT_CLAIM_PAYMENT_DTL_R,PRC_GET_CUR_DATA,PKG_GRP_LOAD_RPT_CLAIM_PAYMENT_DTL_R_PRC_GET_CUR_DATA,RPT_CLAIM_PAYMENT_DTL_R_EXG,n_federal_income_tax_amount_r,vw_fct_claim_payment_detail_r_mv_ssl_inc,n_paid_amount_r,case-when
PKG Procedure,PKG_GRP_LOAD_RPT_CLAIM_PAYMENT_DTL_R,PRC_GET_CUR_DATA,PKG_GRP_LOAD_RPT_CLAIM_PAYMENT_DTL_R_PRC_GET_CUR_DATA,RPT_CLAIM_PAYMENT_DTL_R_EXG,n_gross_wage_base_amount_r,vw_fct_claim_payment_detail_r_mv_ssl_inc,N_MED_WAGE_BASE_R,case-when
PKG Procedure,PKG_GRP_LOAD_RPT_CLAIM_PAYMENT_DTL_R,PRC_GET_CUR_DATA,PKG_GRP_LOAD_RPT_CLAIM_PAYMENT_DTL_R_PRC_GET_CUR_DATA,RPT_CLAIM_PAYMENT_DTL_R_EXG,n_gross_wage_base_amount_r,vw_fct_claim_payment_detail_r_mv_ssl_inc,N_SS_WAGE_BASE_R,case-when
PKG Procedure,PKG_GRP_LOAD_RPT_CLAIM_PAYMENT_DTL_R,PRC_GET_CUR_DATA,PKG_GRP_LOAD_RPT_CLAIM_PAYMENT_DTL_R_PRC_GET_CUR_DATA,RPT_CLAIM_PAYMENT_DTL_R_EXG,n_insrd_party_sk_r,dim_grp_claim_detail_r,n_insrd_party_sk_r,nvl
PKG Procedure,PKG_GRP_LOAD_RPT_CLAIM_PAYMENT_DTL_R,PRC_GET_CUR_DATA,PKG_GRP_LOAD_RPT_CLAIM_PAYMENT_DTL_R_PRC_GET_CUR_DATA,RPT_CLAIM_PAYMENT_DTL_R_EXG,n_medicare_tax_amount_r,vw_fct_claim_payment_detail_r_mv_ssl_inc,n_paid_amount_r,case-when
PKG Procedure,PKG_GRP_LOAD_RPT_CLAIM_PAYMENT_DTL_R,PRC_GET_CUR_DATA,PKG_GRP_LOAD_RPT_CLAIM_PAYMENT_DTL_R_PRC_GET_CUR_DATA,RPT_CLAIM_PAYMENT_DTL_R_EXG,n_medicare_wage_base_amount_r,vw_fct_claim_payment_detail_r_mv_ssl_inc,N_MED_WAGE_BASE_R,case-when
PKG Procedure,PKG_GRP_LOAD_RPT_CLAIM_PAYMENT_DTL_R,PRC_GET_CUR_DATA,PKG_GRP_LOAD_RPT_CLAIM_PAYMENT_DTL_R_PRC_GET_CUR_DATA,RPT_CLAIM_PAYMENT_DTL_R_EXG,n_nontaxable_benefit_amount_r,vw_fct_claim_payment_detail_r_mv_ssl_inc,n_paid_amount_r,case-when
PKG Procedure,PKG_GRP_LOAD_RPT_CLAIM_PAYMENT_DTL_R,PRC_GET_CUR_DATA,PKG_GRP_LOAD_RPT_CLAIM_PAYMENT_DTL_R_PRC_GET_CUR_DATA,RPT_CLAIM_PAYMENT_DTL_R_EXG,n_paid_amount_r,vw_fct_claim_payment_detail_r_mv_ssl_inc,n_paid_amount_r,Direct
PKG Procedure,PKG_GRP_LOAD_RPT_CLAIM_PAYMENT_DTL_R,PRC_GET_CUR_DATA,PKG_GRP_LOAD_RPT_CLAIM_PAYMENT_DTL_R_PRC_GET_CUR_DATA,RPT_CLAIM_PAYMENT_DTL_R_EXG,n_payee_party_sk_r,,,Constant / Expression
PKG Procedure,PKG_GRP_LOAD_RPT_CLAIM_PAYMENT_DTL_R,PRC_GET_CUR_DATA,PKG_GRP_LOAD_RPT_CLAIM_PAYMENT_DTL_R_PRC_GET_CUR_DATA,RPT_CLAIM_PAYMENT_DTL_R_EXG,n_payment_sk_r,vw_fct_claim_payment_detail_r_mv_ssl_inc,n_payment_sk_r,Direct
PKG Procedure,PKG_GRP_LOAD_RPT_CLAIM_PAYMENT_DTL_R,PRC_GET_CUR_DATA,PKG_GRP_LOAD_RPT_CLAIM_PAYMENT_DTL_R_PRC_GET_CUR_DATA,RPT_CLAIM_PAYMENT_DTL_R_EXG,n_policy_sk_r,dim_grp_policy_dir_r,n_policy_sk_r,NVL
PKG Procedure,PKG_GRP_LOAD_RPT_CLAIM_PAYMENT_DTL_R,PRC_GET_CUR_DATA,PKG_GRP_LOAD_RPT_CLAIM_PAYMENT_DTL_R_PRC_GET_CUR_DATA,RPT_CLAIM_PAYMENT_DTL_R_EXG,n_primary_reinsurer_reins_share_pct_r,vw_fct_claim_payment_detail_r_mv_ssl_inc,n_primary_reinsurer_reins_share_pct_r,Direct
PKG Procedure,PKG_GRP_LOAD_RPT_CLAIM_PAYMENT_DTL_R,PRC_GET_CUR_DATA,PKG_GRP_LOAD_RPT_CLAIM_PAYMENT_DTL_R_PRC_GET_CUR_DATA,RPT_CLAIM_PAYMENT_DTL_R_EXG,n_primary_reinsurer_reinsurance_pct_r,vw_fct_claim_payment_detail_r_mv_ssl_inc,n_primary_reinsurer_reinsurance_pct_r,Direct
PKG Procedure,PKG_GRP_LOAD_RPT_CLAIM_PAYMENT_DTL_R,PRC_GET_CUR_DATA,PKG_GRP_LOAD_RPT_CLAIM_PAYMENT_DTL_R_PRC_GET_CUR_DATA,RPT_CLAIM_PAYMENT_DTL_R_EXG,n_product_sk_r,dim_grp_product_r,N_PRODUCT_SK_R,COALESCE
PKG Procedure,PKG_GRP_LOAD_RPT_CLAIM_PAYMENT_DTL_R,PRC_GET_CUR_DATA,PKG_GRP_LOAD_RPT_CLAIM_PAYMENT_DTL_R_PRC_GET_CUR_DATA,RPT_CLAIM_PAYMENT_DTL_R_EXG,n_rsl_paid_direct_r,vw_fct_claim_payment_detail_r_mv_ssl_inc,N_PAID_CLAIM_BENEFITS_R,case-when
PKG Procedure,PKG_GRP_LOAD_RPT_CLAIM_PAYMENT_DTL_R,PRC_GET_CUR_DATA,PKG_GRP_LOAD_RPT_CLAIM_PAYMENT_DTL_R_PRC_GET_CUR_DATA,RPT_CLAIM_PAYMENT_DTL_R_EXG,n_secondary_reinsurer_reins_share_pct_r,vw_fct_claim_payment_detail_r_mv_ssl_inc,n_secondary_reinsurer_reins_share_pct_r,Direct
PKG Procedure,PKG_GRP_LOAD_RPT_CLAIM_PAYMENT_DTL_R,PRC_GET_CUR_DATA,PKG_GRP_LOAD_RPT_CLAIM_PAYMENT_DTL_R_PRC_GET_CUR_DATA,RPT_CLAIM_PAYMENT_DTL_R_EXG,n_secondary_reinsurer_reinsurance_pct_r,vw_fct_claim_payment_detail_r_mv_ssl_inc,n_secondary_reinsurer_reinsurance_pct_r,Direct
PKG Procedure,PKG_GRP_LOAD_RPT_CLAIM_PAYMENT_DTL_R,PRC_GET_CUR_DATA,PKG_GRP_LOAD_RPT_CLAIM_PAYMENT_DTL_R_PRC_GET_CUR_DATA,RPT_CLAIM_PAYMENT_DTL_R_EXG,n_social_security_tax_amount_r,vw_fct_claim_payment_detail_r_mv_ssl_inc,n_paid_amount_r,case-when
PKG Procedure,PKG_GRP_LOAD_RPT_CLAIM_PAYMENT_DTL_R,PRC_GET_CUR_DATA,PKG_GRP_LOAD_RPT_CLAIM_PAYMENT_DTL_R_PRC_GET_CUR_DATA,RPT_CLAIM_PAYMENT_DTL_R_EXG,n_social_security_wage_base_amount_r,vw_fct_claim_payment_detail_r_mv_ssl_inc,N_SS_WAGE_BASE_R,case-when
PKG Procedure,PKG_GRP_LOAD_RPT_CLAIM_PAYMENT_DTL_R,PRC_GET_CUR_DATA,PKG_GRP_LOAD_RPT_CLAIM_PAYMENT_DTL_R_PRC_GET_CUR_DATA,RPT_CLAIM_PAYMENT_DTL_R_EXG,n_ss_approved_offset_amt_r,vw_fct_claim_payment_detail_r_mv_ssl_inc,n_paid_amount_r,case-when
PKG Procedure,PKG_GRP_LOAD_RPT_CLAIM_PAYMENT_DTL_R,PRC_GET_CUR_DATA,PKG_GRP_LOAD_RPT_CLAIM_PAYMENT_DTL_R_PRC_GET_CUR_DATA,RPT_CLAIM_PAYMENT_DTL_R_EXG,n_ss_estimated_offset_amt_r,vw_fct_claim_payment_detail_r_mv_ssl_inc,n_paid_amount_r,case-when
PKG Procedure,PKG_GRP_LOAD_RPT_CLAIM_PAYMENT_DTL_R,PRC_GET_CUR_DATA,PKG_GRP_LOAD_RPT_CLAIM_PAYMENT_DTL_R_PRC_GET_CUR_DATA,RPT_CLAIM_PAYMENT_DTL_R_EXG,n_state_disability_offset_amt_r,vw_fct_claim_payment_detail_r_mv_ssl_inc,n_paid_amount_r,case-when
PKG Procedure,PKG_GRP_LOAD_RPT_CLAIM_PAYMENT_DTL_R,PRC_GET_CUR_DATA,PKG_GRP_LOAD_RPT_CLAIM_PAYMENT_DTL_R_PRC_GET_CUR_DATA,RPT_CLAIM_PAYMENT_DTL_R_EXG,n_state_income_tax_amount_r,vw_fct_claim_payment_detail_r_mv_ssl_inc,n_paid_amount_r,case-when
PKG Procedure,PKG_GRP_LOAD_RPT_CLAIM_PAYMENT_DTL_R,PRC_GET_CUR_DATA,PKG_GRP_LOAD_RPT_CLAIM_PAYMENT_DTL_R_PRC_GET_CUR_DATA,RPT_CLAIM_PAYMENT_DTL_R_EXG,n_state_unemployment_tax_amount_r,vw_fct_claim_payment_detail_r_mv_ssl_inc,n_paid_amount_r,case-when
PKG Procedure,PKG_GRP_LOAD_RPT_CLAIM_PAYMENT_DTL_R,PRC_GET_CUR_DATA,PKG_GRP_LOAD_RPT_CLAIM_PAYMENT_DTL_R_PRC_GET_CUR_DATA,RPT_CLAIM_PAYMENT_DTL_R_EXG,n_taxable_benefit_amount_r,vw_fct_claim_payment_detail_r_mv_ssl_inc,n_paid_amount_r,case-when
PKG Procedure,PKG_GRP_LOAD_RPT_CLAIM_PAYMENT_DTL_R,PRC_GET_CUR_DATA,PKG_GRP_LOAD_RPT_CLAIM_PAYMENT_DTL_R_PRC_GET_CUR_DATA,RPT_CLAIM_PAYMENT_DTL_R_EXG,n_taxable_benefit_percentage_r,vw_fct_claim_payment_detail_r_mv_ssl_inc,n_taxable_percent_r,case-when
PKG Procedure,PKG_GRP_LOAD_RPT_CLAIM_PAYMENT_DTL_R,PRC_GET_CUR_DATA,PKG_GRP_LOAD_RPT_CLAIM_PAYMENT_DTL_R_PRC_GET_CUR_DATA,RPT_CLAIM_PAYMENT_DTL_R_EXG,n_ternary_reinsurer_reins_share_pct_r,vw_fct_claim_payment_detail_r_mv_ssl_inc,n_ternary_reinsurer_reins_share_pct_r,Direct
PKG Procedure,PKG_GRP_LOAD_RPT_CLAIM_PAYMENT_DTL_R,PRC_GET_CUR_DATA,PKG_GRP_LOAD_RPT_CLAIM_PAYMENT_DTL_R_PRC_GET_CUR_DATA,RPT_CLAIM_PAYMENT_DTL_R_EXG,n_ternary_reinsurer_reinsurance_pct_r,vw_fct_claim_payment_detail_r_mv_ssl_inc,n_ternary_reinsurer_reinsurance_pct_r,Direct
PKG Procedure,PKG_GRP_LOAD_RPT_CLAIM_PAYMENT_DTL_R,PRC_GET_CUR_DATA,PKG_GRP_LOAD_RPT_CLAIM_PAYMENT_DTL_R_PRC_GET_CUR_DATA,RPT_CLAIM_PAYMENT_DTL_R_EXG,n_total_reinsurance_pct_r,vw_fct_claim_payment_detail_r_mv_ssl_inc,n_total_reinsurance_pct_r,Direct
PKG Procedure,PKG_GRP_LOAD_RPT_CLAIM_PAYMENT_DTL_R,PRC_GET_CUR_DATA,PKG_GRP_LOAD_RPT_CLAIM_PAYMENT_DTL_R_PRC_GET_CUR_DATA,RPT_CLAIM_PAYMENT_DTL_R_EXG,n_worksheet_sk_r,,,Constant / Expression
PKG Procedure,PKG_GRP_LOAD_RPT_CLAIM_PAYMENT_DTL_R,PRC_GET_CUR_DATA,PKG_GRP_LOAD_RPT_CLAIM_PAYMENT_DTL_R_PRC_GET_CUR_DATA,RPT_CLAIM_PAYMENT_DTL_R_EXG,n_yearmonth_r,,,Constant / Expression
PKG Procedure,PKG_GRP_LOAD_RPT_CLAIM_PAYMENT_DTL_R,PRC_GET_CUR_DATA,PKG_GRP_LOAD_RPT_CLAIM_PAYMENT_DTL_R_PRC_GET_CUR_DATA,RPT_CLAIM_PAYMENT_DTL_R_EXG,t_creation_date_r,,,Constant / Expression
PKG Procedure,PKG_GRP_LOAD_RPT_CLAIM_PAYMENT_DTL_R,PRC_GET_CUR_DATA,PKG_GRP_LOAD_RPT_CLAIM_PAYMENT_DTL_R_PRC_GET_CUR_DATA,RPT_CLAIM_PAYMENT_DTL_R_EXG,t_last_modified_date_r,,,Constant / Expression
PKG Procedure,PKG_GRP_LOAD_RPT_CLAIM_PAYMENT_DTL_R,PRC_GET_CUR_DATA,PKG_GRP_LOAD_RPT_CLAIM_PAYMENT_DTL_R_PRC_GET_CUR_DATA,RPT_CLAIM_PAYMENT_DTL_R_EXG,v_created_by_r,,,Constant / Expression
PKG Procedure,PKG_GRP_LOAD_RPT_CLAIM_PAYMENT_DTL_R,PRC_GET_CUR_DATA,PKG_GRP_LOAD_RPT_CLAIM_PAYMENT_DTL_R_PRC_GET_CUR_DATA,RPT_CLAIM_PAYMENT_DTL_R_EXG,v_last_modified_by_r,,,Constant / Expression
PKG Procedure,PKG_GRP_LOAD_RPT_CLAIM_PAYMENT_DTL_R,PRC_GET_CUR_DATA,PKG_GRP_LOAD_RPT_CLAIM_PAYMENT_DTL_R_PRC_GET_CUR_DATA,RPT_CLAIM_PAYMENT_DTL_R_EXG,v_rpt_active_status_r,,,Constant / Expression
PKG Procedure,PKG_GRP_LOAD_RPT_CLAIM_PAYMENT_DTL_R,PRC_INSERT_DUMMY_REC,PKG_GRP_LOAD_RPT_CLAIM_PAYMENT_DTL_R_PRC_INSERT_DUMMY_REC,RPT_CLAIM_PAYMENT_DTL_R,n_batch_id_r,RPT_CLAIM_PAYMENT_DTL_R,gn_sysdt_batchid,Direct
PKG Procedure,PKG_GRP_LOAD_RPT_CLAIM_PAYMENT_DTL_R,PRC_INSERT_DUMMY_REC,PKG_GRP_LOAD_RPT_CLAIM_PAYMENT_DTL_R_PRC_INSERT_DUMMY_REC,RPT_CLAIM_PAYMENT_DTL_R,n_yearmonth_r,RPT_CLAIM_PAYMENT_DTL_R,gn_current_month,Direct
PKG Procedure,PKG_GRP_LOAD_RPT_CLAIM_PAYMENT_DTL_R,PRC_INSERT_DUMMY_REC,PKG_GRP_LOAD_RPT_CLAIM_PAYMENT_DTL_R_PRC_INSERT_DUMMY_REC,RPT_CLAIM_PAYMENT_DTL_R,t_creation_date_r,,,Constant / Expression
PKG Procedure,PKG_GRP_LOAD_RPT_CLAIM_PAYMENT_DTL_R,PRC_INSERT_DUMMY_REC,PKG_GRP_LOAD_RPT_CLAIM_PAYMENT_DTL_R_PRC_INSERT_DUMMY_REC,RPT_CLAIM_PAYMENT_DTL_R,t_last_modified_date_r,,,Constant / Expression
PKG Procedure,PKG_GRP_LOAD_RPT_CLAIM_PAYMENT_DTL_R,PRC_INSERT_DUMMY_REC,PKG_GRP_LOAD_RPT_CLAIM_PAYMENT_DTL_R_PRC_INSERT_DUMMY_REC,RPT_CLAIM_PAYMENT_DTL_R,v_created_by_r,RPT_CLAIM_PAYMENT_DTL_R,gv_main_loadedby,Direct
PKG Procedure,PKG_GRP_LOAD_RPT_CLAIM_PAYMENT_DTL_R,PRC_INSERT_DUMMY_REC,PKG_GRP_LOAD_RPT_CLAIM_PAYMENT_DTL_R_PRC_INSERT_DUMMY_REC,RPT_CLAIM_PAYMENT_DTL_R,v_last_modified_by_r,RPT_CLAIM_PAYMENT_DTL_R,gv_main_loadedby,Direct
PKG Procedure,PKG_GRP_LOAD_RPT_CLAIM_PAYMENT_R,PRC_INSERT_DUMMY_REC,PKG_GRP_LOAD_RPT_CLAIM_PAYMENT_R_PRC_INSERT_DUMMY_REC,RPT_CLAIM_PAYMENT_R,n_batch_id_r,RPT_CLAIM_PAYMENT_R,gn_sysdt_batchid,Direct
PKG Procedure,PKG_GRP_LOAD_RPT_CLAIM_PAYMENT_R,PRC_INSERT_DUMMY_REC,PKG_GRP_LOAD_RPT_CLAIM_PAYMENT_R_PRC_INSERT_DUMMY_REC,RPT_CLAIM_PAYMENT_R,n_yearmonth_r,RPT_CLAIM_PAYMENT_R,gn_current_month,Direct
PKG Procedure,PKG_GRP_LOAD_RPT_CLAIM_PAYMENT_R,PRC_INSERT_DUMMY_REC,PKG_GRP_LOAD_RPT_CLAIM_PAYMENT_R_PRC_INSERT_DUMMY_REC,RPT_CLAIM_PAYMENT_R,t_creation_date_r,,,Constant / Expression
PKG Procedure,PKG_GRP_LOAD_RPT_CLAIM_PAYMENT_R,PRC_INSERT_DUMMY_REC,PKG_GRP_LOAD_RPT_CLAIM_PAYMENT_R_PRC_INSERT_DUMMY_REC,RPT_CLAIM_PAYMENT_R,t_last_modified_date_r,,,Constant / Expression
PKG Procedure,PKG_GRP_LOAD_RPT_CLAIM_PAYMENT_R,PRC_INSERT_DUMMY_REC,PKG_GRP_LOAD_RPT_CLAIM_PAYMENT_R_PRC_INSERT_DUMMY_REC,RPT_CLAIM_PAYMENT_R,v_created_by_r,RPT_CLAIM_PAYMENT_R,gc_main_loadedby,Direct
PKG Procedure,PKG_GRP_LOAD_RPT_CLAIM_PAYMENT_R,PRC_INSERT_DUMMY_REC,PKG_GRP_LOAD_RPT_CLAIM_PAYMENT_R_PRC_INSERT_DUMMY_REC,RPT_CLAIM_PAYMENT_R,v_last_modified_by_r,RPT_CLAIM_PAYMENT_R,gc_main_loadedby,Direct
PKG Procedure,PKG_GRP_LOAD_RPT_CLAIM_SUM_R,PRC_UPD_COLS,PKG_GRP_LOAD_RPT_CLAIM_SUM_R_PRC_UPD_COLS,rpt_claim_sum_r,N_CLAIM_MTD_LOSS_AMT_R,lt_var_upd_tbl_amt_typ,N_CLAIM_MTD_LOSS_AMT_R,Direct
PKG Procedure,PKG_GRP_LOAD_RPT_CLAIM_SUM_R,PRC_UPD_COLS,PKG_GRP_LOAD_RPT_CLAIM_SUM_R_PRC_UPD_COLS,rpt_claim_sum_r,N_CLAIM_QTD_LOSS_AMT_R,lt_var_upd_tbl_amt_typ,N_CLAIM_QTD_LOSS_AMT_R,Direct
PKG Procedure,PKG_GRP_LOAD_RPT_CLAIM_SUM_R,PRC_UPD_COLS,PKG_GRP_LOAD_RPT_CLAIM_SUM_R_PRC_UPD_COLS,rpt_claim_sum_r,N_CLAIM_YTD_LOSS_AMT_R,lt_var_upd_tbl_amt_typ,N_CLAIM_YTD_LOSS_AMT_R,Direct
PKG Procedure,PKG_GRP_LOAD_RPT_CLAIM_SUM_R,PRC_UPD_COLS,PKG_GRP_LOAD_RPT_CLAIM_SUM_R_PRC_UPD_COLS,rpt_claim_sum_r,N_CURRENT_RESERVE_R,lt_var_upd_tbl_reserveamt_typ,N_CURRENT_RESERVE_R,Direct
PKG Procedure,PKG_GRP_LOAD_RPT_CLAIM_SUM_R,PRC_UPD_COLS,PKG_GRP_LOAD_RPT_CLAIM_SUM_R_PRC_UPD_COLS,rpt_claim_sum_r,d_most_recent_reserve_valuation_date_r,lt_var_upd_tbl_reserveamt_typ,d_most_recent_reserve_valuation_date_r,Direct
PKG Procedure,PKG_GRP_LOAD_RPT_CLAIM_SUM_R,PRC_UPD_COLS,PKG_GRP_LOAD_RPT_CLAIM_SUM_R_PRC_UPD_COLS,rpt_claim_sum_r,n_claim_total_gross_amt_r,lt_var_upd_tbl_amt_typ,n_claim_total_gross_amt_r,Direct
PKG Procedure,PKG_GRP_LOAD_RPT_CLAIM_SUM_R,PRC_UPD_COLS,PKG_GRP_LOAD_RPT_CLAIM_SUM_R_PRC_UPD_COLS,rpt_claim_sum_r,n_claim_total_loss_amt_r,lt_var_upd_tbl_amt_typ,n_claim_total_loss_amt_r,Direct
PKG Procedure,PKG_GRP_LOAD_RPT_CLAIM_SUM_R,PRC_UPD_COLS,PKG_GRP_LOAD_RPT_CLAIM_SUM_R_PRC_UPD_COLS,rpt_claim_sum_r,n_claim_total_net_amt_r,lt_var_upd_tbl_amt_typ,n_claim_total_net_amt_r,Direct
PKG Procedure,PKG_GRP_LOAD_RPT_CLAIM_SUM_R,PRC_UPD_COLS,PKG_GRP_LOAD_RPT_CLAIM_SUM_R_PRC_UPD_COLS,rpt_claim_sum_r,n_claim_total_paid_amt_r,lt_var_upd_tbl_amt_typ,n_claim_total_loss_amt_r,Direct
PKG Procedure,PKG_GRP_LOAD_RPT_CLAIM_SUM_R,PRC_UPD_COLS,PKG_GRP_LOAD_RPT_CLAIM_SUM_R_PRC_UPD_COLS,rpt_claim_sum_r,n_claim_total_tax_amt_r,lt_var_upd_tbl_amt_typ,n_claim_total_tax_amt_r,Direct
PKG Procedure,PKG_GRP_LOAD_RPT_CLAIM_SUM_R,PRC_UPD_COLS,PKG_GRP_LOAD_RPT_CLAIM_SUM_R_PRC_UPD_COLS,rpt_claim_sum_r,n_curr_best_estimate_reserve_r,lt_var_upd_tbl_reserveamt_typ,n_curr_best_estimate_reserve_r,Direct
PKG Procedure,PKG_GRP_LOAD_RPT_CLAIM_SUM_R,PRC_UPD_COLS,PKG_GRP_LOAD_RPT_CLAIM_SUM_R_PRC_UPD_COLS,rpt_claim_sum_r,n_curr_field_reserve_r,lt_var_upd_tbl_reserveamt_typ,n_curr_field_reserve_r,Direct
PKG Procedure,PKG_GRP_LOAD_RPT_CLAIM_SUM_R,PRC_UPD_COLS,PKG_GRP_LOAD_RPT_CLAIM_SUM_R_PRC_UPD_COLS,rpt_claim_sum_r,n_curr_gaap_reserve_r,lt_var_upd_tbl_reserveamt_typ,n_curr_gaap_reserve_r,Direct
PKG Procedure,PKG_GRP_LOAD_RPT_CLAIM_SUM_R,PRC_UPD_COLS,PKG_GRP_LOAD_RPT_CLAIM_SUM_R_PRC_UPD_COLS,rpt_claim_sum_r,n_curr_stat_reserve_r,lt_var_upd_tbl_reserveamt_typ,n_curr_stat_reserve_r,Direct
PKG Procedure,PKG_GRP_LOAD_RPT_CLAIM_SUM_R,PRC_UPD_COLS,PKG_GRP_LOAD_RPT_CLAIM_SUM_R_PRC_UPD_COLS,rpt_claim_sum_r,n_current_face_amount_r,lt_var_upd_tbl_typ3,n_current_face_amount_r,Direct
PKG Procedure,PKG_GRP_LOAD_RPT_CLAIM_SUM_R,PRC_UPD_COLS,PKG_GRP_LOAD_RPT_CLAIM_SUM_R_PRC_UPD_COLS,rpt_claim_sum_r,n_most_recent_net_amt_r,lt_var_upd_tbl_amt_typ,n_claim_total_net_amt_r,Direct
PKG Procedure,PKG_GRP_LOAD_RPT_CLIENT_DTL_R,PRC_INSERT_DUMMY_REC,PKG_GRP_LOAD_RPT_CLIENT_DTL_R_PRC_INSERT_DUMMY_REC,RPT_CLIENT_DTL_R,n_batch_id_r,RPT_CLIENT_DTL_R,gn_sysdt_batchid,Direct
PKG Procedure,PKG_GRP_LOAD_RPT_CLIENT_DTL_R,PRC_INSERT_DUMMY_REC,PKG_GRP_LOAD_RPT_CLIENT_DTL_R_PRC_INSERT_DUMMY_REC,RPT_CLIENT_DTL_R,n_yearmonth_r,RPT_CLIENT_DTL_R,gn_current_month,Direct
PKG Procedure,PKG_GRP_LOAD_RPT_CLIENT_DTL_R,PRC_INSERT_DUMMY_REC,PKG_GRP_LOAD_RPT_CLIENT_DTL_R_PRC_INSERT_DUMMY_REC,RPT_CLIENT_DTL_R,t_creation_date_r,RPT_CLIENT_DTL_R,gd_sysdate,Direct
PKG Procedure,PKG_GRP_LOAD_RPT_CLIENT_DTL_R,PRC_INSERT_DUMMY_REC,PKG_GRP_LOAD_RPT_CLIENT_DTL_R_PRC_INSERT_DUMMY_REC,RPT_CLIENT_DTL_R,t_last_modified_date_r,RPT_CLIENT_DTL_R,gd_sysdate,Direct
PKG Procedure,PKG_GRP_LOAD_RPT_CLIENT_DTL_R,PRC_INSERT_DUMMY_REC,PKG_GRP_LOAD_RPT_CLIENT_DTL_R_PRC_INSERT_DUMMY_REC,RPT_CLIENT_DTL_R,v_created_by_r,RPT_CLIENT_DTL_R,gc_main_loadedby,Direct
PKG Procedure,PKG_GRP_LOAD_RPT_CLIENT_DTL_R,PRC_INSERT_DUMMY_REC,PKG_GRP_LOAD_RPT_CLIENT_DTL_R_PRC_INSERT_DUMMY_REC,RPT_CLIENT_DTL_R,v_last_modified_by_r,RPT_CLIENT_DTL_R,gc_main_loadedby,Direct
PKG Procedure,PKG_GRP_LOAD_RPT_CLIENT_DTL_R,PRC_UPD_DEL_DATA,PKG_GRP_LOAD_RPT_CLIENT_DTL_R_PRC_UPD_DEL_DATA,rpt_client_dtl_r,t_last_modified_date_r,rpt_client_dtl_r,gd_sysdate,Direct
PKG Procedure,PKG_GRP_LOAD_RPT_CLIENT_DTL_R,PRC_UPD_DEL_DATA,PKG_GRP_LOAD_RPT_CLIENT_DTL_R_PRC_UPD_DEL_DATA,rpt_client_dtl_r,v_last_modified_by_r,rpt_client_dtl_r,gc_updby,Direct
PKG Procedure,PKG_GRP_LOAD_RPT_CLIENT_DTL_R,PRC_UPD_DEL_DATA,PKG_GRP_LOAD_RPT_CLIENT_DTL_R_PRC_UPD_DEL_DATA,rpt_client_dtl_r,v_rpt_active_status_r,,,Constant / Expression
PKG Procedure,PKG_GRP_LOAD_RPT_DICS_CLAIMS_DETAIL_OAC_R_INC,PRC_TEMP_TABLE_DATA_LOAD,PKG_GRP_LOAD_RPT_DICS_CLAIMS_DETAIL_OAC_R_INC_PRC_TEMP_TABLE_DATA_LOAD,SSL_PACKAGE_LOG_TABLE,SOURCE_TABLE_COUNT,SSL_PACKAGE_LOG_TABLE,ln_sqlrowcnt,Direct
PKG Procedure,PKG_GRP_LOAD_RPT_EMPLOYEE_R,PRC_GET_CUR_DATA,PKG_GRP_LOAD_RPT_EMPLOYEE_R_PRC_GET_CUR_DATA,RPT_EMPLOYEE_R,D_EMPLOYEE_HIRE_DATE_R,DIM_EMPLOYEE_R,D_EMPLOYEE_HIRE_DATE_R,Direct
PKG Procedure,PKG_GRP_LOAD_RPT_EMPLOYEE_R,PRC_GET_CUR_DATA,PKG_GRP_LOAD_RPT_EMPLOYEE_R_PRC_GET_CUR_DATA,RPT_EMPLOYEE_R,D_EMPLOYEE_PROMOTION_DATE_R,DIM_EMPLOYEE_R,D_EMPLOYEE_PROMOTION_DATE_R,Direct
PKG Procedure,PKG_GRP_LOAD_RPT_EMPLOYEE_R,PRC_GET_CUR_DATA,PKG_GRP_LOAD_RPT_EMPLOYEE_R_PRC_GET_CUR_DATA,RPT_EMPLOYEE_R,D_EMPLOYEE_START_DATE_R,DIM_EMPLOYEE_R,D_EMPLOYEE_START_DATE_R,Direct
PKG Procedure,PKG_GRP_LOAD_RPT_EMPLOYEE_R,PRC_GET_CUR_DATA,PKG_GRP_LOAD_RPT_EMPLOYEE_R_PRC_GET_CUR_DATA,RPT_EMPLOYEE_R,D_EMPLOYEE_TERMINATION_DATE_R,DIM_EMPLOYEE_R,D_EMPLOYEE_TERMINATION_DATE_R,Direct
PKG Procedure,PKG_GRP_LOAD_RPT_EMPLOYEE_R,PRC_GET_CUR_DATA,PKG_GRP_LOAD_RPT_EMPLOYEE_R_PRC_GET_CUR_DATA,RPT_EMPLOYEE_R,FIC_MIS_DATE_R,DIM_EMPLOYEE_R,gd_sysdate,Direct
PKG Procedure,PKG_GRP_LOAD_RPT_EMPLOYEE_R,PRC_GET_CUR_DATA,PKG_GRP_LOAD_RPT_EMPLOYEE_R_PRC_GET_CUR_DATA,RPT_EMPLOYEE_R,N_BATCH_ID_R,DIM_EMPLOYEE_R,gn_sysdt_batchid,Direct
PKG Procedure,PKG_GRP_LOAD_RPT_EMPLOYEE_R,PRC_GET_CUR_DATA,PKG_GRP_LOAD_RPT_EMPLOYEE_R_PRC_GET_CUR_DATA,RPT_EMPLOYEE_R,N_CLAIM_SK_R,DIM_EMPLOYEE_R,N_CLAIM_SK_R,Direct
PKG Procedure,PKG_GRP_LOAD_RPT_EMPLOYEE_R,PRC_GET_CUR_DATA,PKG_GRP_LOAD_RPT_EMPLOYEE_R_PRC_GET_CUR_DATA,RPT_EMPLOYEE_R,N_EMPLOYEE_SK_R,DIM_EMPLOYEE_R,N_EMPLOYEE_SK_R,Direct
PKG Procedure,PKG_GRP_LOAD_RPT_EMPLOYEE_R,PRC_GET_CUR_DATA,PKG_GRP_LOAD_RPT_EMPLOYEE_R_PRC_GET_CUR_DATA,RPT_EMPLOYEE_R,N_RSO_NUMBER_R,DIM_EMPLOYEE_R,N_RSO_NUMBER_R,Direct
PKG Procedure,PKG_GRP_LOAD_RPT_EMPLOYEE_R,PRC_GET_CUR_DATA,PKG_GRP_LOAD_RPT_EMPLOYEE_R_PRC_GET_CUR_DATA,RPT_EMPLOYEE_R,N_SALES_REPRESENTATIVE_SK_R,DIM_EMPLOYEE_R,N_SALES_REPRESENTATIVE_SK_R,Direct
PKG Procedure,PKG_GRP_LOAD_RPT_EMPLOYEE_R,PRC_GET_CUR_DATA,PKG_GRP_LOAD_RPT_EMPLOYEE_R_PRC_GET_CUR_DATA,RPT_EMPLOYEE_R,N_SEQUENCE_NUMBER_R,DIM_EMPLOYEE_R,N_SEQUENCE_NUMBER_R,Direct
PKG Procedure,PKG_GRP_LOAD_RPT_EMPLOYEE_R,PRC_GET_CUR_DATA,PKG_GRP_LOAD_RPT_EMPLOYEE_R_PRC_GET_CUR_DATA,RPT_EMPLOYEE_R,N_YEARMONTH_R,DIM_EMPLOYEE_R,GN_CURRENT_MONTH,Direct
PKG Procedure,PKG_GRP_LOAD_RPT_EMPLOYEE_R,PRC_GET_CUR_DATA,PKG_GRP_LOAD_RPT_EMPLOYEE_R_PRC_GET_CUR_DATA,RPT_EMPLOYEE_R,T_CREATION_DATE_R,DIM_EMPLOYEE_R,gd_sysdate,Direct
PKG Procedure,PKG_GRP_LOAD_RPT_EMPLOYEE_R,PRC_GET_CUR_DATA,PKG_GRP_LOAD_RPT_EMPLOYEE_R_PRC_GET_CUR_DATA,RPT_EMPLOYEE_R,T_EVENT_TIMESTAMP_R,DIM_EMPLOYEE_R,gd_sysdate,Direct
PKG Procedure,PKG_GRP_LOAD_RPT_EMPLOYEE_R,PRC_GET_CUR_DATA,PKG_GRP_LOAD_RPT_EMPLOYEE_R_PRC_GET_CUR_DATA,RPT_EMPLOYEE_R,T_LAST_MODIFIED_DATE_R,DIM_EMPLOYEE_R,gd_sysdate,Direct
PKG Procedure,PKG_GRP_LOAD_RPT_EMPLOYEE_R,PRC_GET_CUR_DATA,PKG_GRP_LOAD_RPT_EMPLOYEE_R_PRC_GET_CUR_DATA,RPT_EMPLOYEE_R,V_ANALYST_ID_R,DIM_EMPLOYEE_R,V_ANALYST_ID_R,Direct
PKG Procedure,PKG_GRP_LOAD_RPT_EMPLOYEE_R,PRC_GET_CUR_DATA,PKG_GRP_LOAD_RPT_EMPLOYEE_R_PRC_GET_CUR_DATA,RPT_EMPLOYEE_R,V_BUSINESS_UNIT_R,DIM_EMPLOYEE_R,V_BUSINESS_UNIT_R,Direct
PKG Procedure,PKG_GRP_LOAD_RPT_EMPLOYEE_R,PRC_GET_CUR_DATA,PKG_GRP_LOAD_RPT_EMPLOYEE_R_PRC_GET_CUR_DATA,RPT_EMPLOYEE_R,V_CREATED_BY_R,DIM_EMPLOYEE_R,gc_main_loadedby,Direct
PKG Procedure,PKG_GRP_LOAD_RPT_EMPLOYEE_R,PRC_GET_CUR_DATA,PKG_GRP_LOAD_RPT_EMPLOYEE_R_PRC_GET_CUR_DATA,RPT_EMPLOYEE_R,V_DIRECTOR_FULL_NAME_R,DIM_EMPLOYEE_R,V_DIRECTOR_FULL_NAME_R,Direct
PKG Procedure,PKG_GRP_LOAD_RPT_EMPLOYEE_R,PRC_GET_CUR_DATA,PKG_GRP_LOAD_RPT_EMPLOYEE_R_PRC_GET_CUR_DATA,RPT_EMPLOYEE_R,V_DIRECTOR_LOGIN_ID_R,DIM_EMPLOYEE_R,V_DIRECTOR_LOGIN_ID_R,Direct
PKG Procedure,PKG_GRP_LOAD_RPT_EMPLOYEE_R,PRC_GET_CUR_DATA,PKG_GRP_LOAD_RPT_EMPLOYEE_R_PRC_GET_CUR_DATA,RPT_EMPLOYEE_R,V_EMPLOYEE_EMAIL_R,DIM_EMPLOYEE_R,V_EMPLOYEE_EMAIL_R,Direct
PKG Procedure,PKG_GRP_LOAD_RPT_EMPLOYEE_R,PRC_GET_CUR_DATA,PKG_GRP_LOAD_RPT_EMPLOYEE_R_PRC_GET_CUR_DATA,RPT_EMPLOYEE_R,V_EMPLOYEE_EXTENTION_R,DIM_EMPLOYEE_R,V_EMPLOYEE_EXTENTION_R,Direct
PKG Procedure,PKG_GRP_LOAD_RPT_EMPLOYEE_R,PRC_GET_CUR_DATA,PKG_GRP_LOAD_RPT_EMPLOYEE_R_PRC_GET_CUR_DATA,RPT_EMPLOYEE_R,V_EMPLOYEE_FIRST_NAME_R,DIM_EMPLOYEE_R,V_EMPLOYEE_FIRST_NAME_R,Direct
PKG Procedure,PKG_GRP_LOAD_RPT_EMPLOYEE_R,PRC_GET_CUR_DATA,PKG_GRP_LOAD_RPT_EMPLOYEE_R_PRC_GET_CUR_DATA,RPT_EMPLOYEE_R,V_EMPLOYEE_FULL_NAME_R,DIM_EMPLOYEE_R,V_EMPLOYEE_FULL_NAME_R,Direct
PKG Procedure,PKG_GRP_LOAD_RPT_EMPLOYEE_R,PRC_GET_CUR_DATA,PKG_GRP_LOAD_RPT_EMPLOYEE_R_PRC_GET_CUR_DATA,RPT_EMPLOYEE_R,V_EMPLOYEE_ID_R,DIM_EMPLOYEE_R,V_EMPLOYEE_ID_R,Direct
PKG Procedure,PKG_GRP_LOAD_RPT_EMPLOYEE_R,PRC_GET_CUR_DATA,PKG_GRP_LOAD_RPT_EMPLOYEE_R_PRC_GET_CUR_DATA,RPT_EMPLOYEE_R,V_EMPLOYEE_LAST_NAME_R,DIM_EMPLOYEE_R,V_EMPLOYEE_LAST_NAME_R,Direct
PKG Procedure,PKG_GRP_LOAD_RPT_EMPLOYEE_R,PRC_GET_CUR_DATA,PKG_GRP_LOAD_RPT_EMPLOYEE_R_PRC_GET_CUR_DATA,RPT_EMPLOYEE_R,V_EMPLOYEE_LEVEL_R,DIM_EMPLOYEE_R,V_EMPLOYEE_LEVEL_R,Direct
PKG Procedure,PKG_GRP_LOAD_RPT_EMPLOYEE_R,PRC_GET_CUR_DATA,PKG_GRP_LOAD_RPT_EMPLOYEE_R_PRC_GET_CUR_DATA,RPT_EMPLOYEE_R,V_EMPLOYEE_LOGIN_ID_R,DIM_EMPLOYEE_R,V_EMPLOYEE_LOGIN_ID_R,Direct
PKG Procedure,PKG_GRP_LOAD_RPT_EMPLOYEE_R,PRC_GET_CUR_DATA,PKG_GRP_LOAD_RPT_EMPLOYEE_R_PRC_GET_CUR_DATA,RPT_EMPLOYEE_R,V_EMPLOYEE_MIDDLE_NAME_R,DIM_EMPLOYEE_R,V_EMPLOYEE_MIDDLE_NAME_R,Direct
PKG Procedure,PKG_GRP_LOAD_RPT_EMPLOYEE_R,PRC_GET_CUR_DATA,PKG_GRP_LOAD_RPT_EMPLOYEE_R_PRC_GET_CUR_DATA,RPT_EMPLOYEE_R,V_EMPLOYEE_STATUS_R,DIM_EMPLOYEE_R,V_EMPLOYEE_STATUS_R,Direct
PKG Procedure,PKG_GRP_LOAD_RPT_EMPLOYEE_R,PRC_GET_CUR_DATA,PKG_GRP_LOAD_RPT_EMPLOYEE_R_PRC_GET_CUR_DATA,RPT_EMPLOYEE_R,V_EMPLOYEE_SUB_TEAM_R,DIM_EMPLOYEE_R,V_EMPLOYEE_SUB_TEAM_R,Direct
PKG Procedure,PKG_GRP_LOAD_RPT_EMPLOYEE_R,PRC_GET_CUR_DATA,PKG_GRP_LOAD_RPT_EMPLOYEE_R_PRC_GET_CUR_DATA,RPT_EMPLOYEE_R,V_EMPLOYEE_TEAM_NAME_R,DIM_EMPLOYEE_R,V_EMPLOYEE_TEAM_NAME_R,Direct
PKG Procedure,PKG_GRP_LOAD_RPT_EMPLOYEE_R,PRC_GET_CUR_DATA,PKG_GRP_LOAD_RPT_EMPLOYEE_R_PRC_GET_CUR_DATA,RPT_EMPLOYEE_R,V_EMPLOYEE_TITLE_DESCRIPTION_R,DIM_EMPLOYEE_R,V_EMPLOYEE_TITLE_DESCRIPTION_R,Direct
PKG Procedure,PKG_GRP_LOAD_RPT_EMPLOYEE_R,PRC_GET_CUR_DATA,PKG_GRP_LOAD_RPT_EMPLOYEE_R_PRC_GET_CUR_DATA,RPT_EMPLOYEE_R,V_EMPLOYEE_TITLE_R,DIM_EMPLOYEE_R,V_EMPLOYEE_TITLE_R,Direct
PKG Procedure,PKG_GRP_LOAD_RPT_EMPLOYEE_R,PRC_GET_CUR_DATA,PKG_GRP_LOAD_RPT_EMPLOYEE_R_PRC_GET_CUR_DATA,RPT_EMPLOYEE_R,V_LAST_MODIFIED_BY_R,DIM_EMPLOYEE_R,gc_main_loadedby,Direct
PKG Procedure,PKG_GRP_LOAD_RPT_EMPLOYEE_R,PRC_GET_CUR_DATA,PKG_GRP_LOAD_RPT_EMPLOYEE_R_PRC_GET_CUR_DATA,RPT_EMPLOYEE_R,V_MANAGER_EXTENSION_R,DIM_EMPLOYEE_R,V_MANAGER_EXTENSION_R,Direct
PKG Procedure,PKG_GRP_LOAD_RPT_EMPLOYEE_R,PRC_GET_CUR_DATA,PKG_GRP_LOAD_RPT_EMPLOYEE_R_PRC_GET_CUR_DATA,RPT_EMPLOYEE_R,V_MANAGER_FULL_NAME_R,DIM_EMPLOYEE_R,V_MANAGER_FULL_NAME_R,Direct
PKG Procedure,PKG_GRP_LOAD_RPT_EMPLOYEE_R,PRC_GET_CUR_DATA,PKG_GRP_LOAD_RPT_EMPLOYEE_R_PRC_GET_CUR_DATA,RPT_EMPLOYEE_R,V_MANAGER_ID_R,DIM_EMPLOYEE_R,V_MANAGER_ID_R,Direct
PKG Procedure,PKG_GRP_LOAD_RPT_EMPLOYEE_R,PRC_GET_CUR_DATA,PKG_GRP_LOAD_RPT_EMPLOYEE_R_PRC_GET_CUR_DATA,RPT_EMPLOYEE_R,V_MANAGER_INDICATOR_R,DIM_EMPLOYEE_R,V_MANAGER_INDICATOR_R,Direct
PKG Procedure,PKG_GRP_LOAD_RPT_EMPLOYEE_R,PRC_GET_CUR_DATA,PKG_GRP_LOAD_RPT_EMPLOYEE_R_PRC_GET_CUR_DATA,RPT_EMPLOYEE_R,V_MANAGER_NUMBER_R,DIM_EMPLOYEE_R,V_MANAGER_NUMBER_R,Direct
PKG Procedure,PKG_GRP_LOAD_RPT_EMPLOYEE_R,PRC_GET_CUR_DATA,PKG_GRP_LOAD_RPT_EMPLOYEE_R_PRC_GET_CUR_DATA,RPT_EMPLOYEE_R,V_NEW_BUSINESS_INDICATOR_R,DIM_EMPLOYEE_R,V_NEW_BUSINESS_INDICATOR_R,Direct
PKG Procedure,PKG_GRP_LOAD_RPT_EMPLOYEE_R,PRC_GET_CUR_DATA,PKG_GRP_LOAD_RPT_EMPLOYEE_R_PRC_GET_CUR_DATA,RPT_EMPLOYEE_R,V_PRIVACY_INDICATOR_R,DIM_EMPLOYEE_R,V_PRIVACY_INDICATOR_R,Direct
PKG Procedure,PKG_GRP_LOAD_RPT_EMPLOYEE_R,PRC_GET_CUR_DATA,PKG_GRP_LOAD_RPT_EMPLOYEE_R_PRC_GET_CUR_DATA,RPT_EMPLOYEE_R,V_REGIONAL_VP_FULL_NAME_R,DIM_EMPLOYEE_R,V_REGIONAL_VP_FULL_NAME_R,Direct
PKG Procedure,PKG_GRP_LOAD_RPT_EMPLOYEE_R,PRC_GET_CUR_DATA,PKG_GRP_LOAD_RPT_EMPLOYEE_R_PRC_GET_CUR_DATA,RPT_EMPLOYEE_R,V_REGIONAL_VP_GROUP_R,DIM_EMPLOYEE_R,V_REGIONAL_VP_GROUP_R,Direct
PKG Procedure,PKG_GRP_LOAD_RPT_EMPLOYEE_R,PRC_GET_CUR_DATA,PKG_GRP_LOAD_RPT_EMPLOYEE_R_PRC_GET_CUR_DATA,RPT_EMPLOYEE_R,V_REGIONAL_VP_TITLE_R,DIM_EMPLOYEE_R,V_REGIONAL_VP_TITLE_R,Direct
PKG Procedure,PKG_GRP_LOAD_RPT_EMPLOYEE_R,PRC_GET_CUR_DATA,PKG_GRP_LOAD_RPT_EMPLOYEE_R_PRC_GET_CUR_DATA,RPT_EMPLOYEE_R,V_REGION_AVP_FULL_NAME_R,DIM_EMPLOYEE_R,V_REGION_AVP_FULL_NAME_R,Direct
PKG Procedure,PKG_GRP_LOAD_RPT_EMPLOYEE_R,PRC_GET_CUR_DATA,PKG_GRP_LOAD_RPT_EMPLOYEE_R_PRC_GET_CUR_DATA,RPT_EMPLOYEE_R,V_REGION_CODE_R,DIM_EMPLOYEE_R,V_REGION_CODE_R,Direct
PKG Procedure,PKG_GRP_LOAD_RPT_EMPLOYEE_R,PRC_GET_CUR_DATA,PKG_GRP_LOAD_RPT_EMPLOYEE_R_PRC_GET_CUR_DATA,RPT_EMPLOYEE_R,V_REGION_DESC_R,DIM_EMPLOYEE_R,V_REGION_DESC_R,Direct
PKG Procedure,PKG_GRP_LOAD_RPT_EMPLOYEE_R,PRC_GET_CUR_DATA,PKG_GRP_LOAD_RPT_EMPLOYEE_R_PRC_GET_CUR_DATA,RPT_EMPLOYEE_R,V_REGION_SHORT_NAME_R,DIM_EMPLOYEE_R,V_REGION_SHORT_NAME_R,Direct
PKG Procedure,PKG_GRP_LOAD_RPT_EMPLOYEE_R,PRC_GET_CUR_DATA,PKG_GRP_LOAD_RPT_EMPLOYEE_R_PRC_GET_CUR_DATA,RPT_EMPLOYEE_R,V_ROOKIE_INDICATOR_R,DIM_EMPLOYEE_R,V_ROOKIE_INDICATOR_R,Direct
PKG Procedure,PKG_GRP_LOAD_RPT_EMPLOYEE_R,PRC_GET_CUR_DATA,PKG_GRP_LOAD_RPT_EMPLOYEE_R_PRC_GET_CUR_DATA,RPT_EMPLOYEE_R,V_RPT_ACTIVE_STATUS_R,,,Constant / Expression
PKG Procedure,PKG_GRP_LOAD_RPT_EMPLOYEE_R,PRC_GET_CUR_DATA,PKG_GRP_LOAD_RPT_EMPLOYEE_R_PRC_GET_CUR_DATA,RPT_EMPLOYEE_R,V_RSO_CODE_R,DIM_EMPLOYEE_R,V_RSO_CODE_R,Direct
PKG Procedure,PKG_GRP_LOAD_RPT_EMPLOYEE_R,PRC_GET_CUR_DATA,PKG_GRP_LOAD_RPT_EMPLOYEE_R_PRC_GET_CUR_DATA,RPT_EMPLOYEE_R,V_RSO_LOCATION_CODE_R,DIM_EMPLOYEE_R,V_RSO_LOCATION_CODE_R,Direct
PKG Procedure,PKG_GRP_LOAD_RPT_EMPLOYEE_R,PRC_GET_CUR_DATA,PKG_GRP_LOAD_RPT_EMPLOYEE_R_PRC_GET_CUR_DATA,RPT_EMPLOYEE_R,V_RSO_MANAGER_R,DIM_EMPLOYEE_R,V_RSO_MANAGER_R,Direct
PKG Procedure,PKG_GRP_LOAD_RPT_EMPLOYEE_R,PRC_GET_CUR_DATA,PKG_GRP_LOAD_RPT_EMPLOYEE_R_PRC_GET_CUR_DATA,RPT_EMPLOYEE_R,V_RSO_NAME_R,DIM_EMPLOYEE_R,V_RSO_NAME_R,Direct
PKG Procedure,PKG_GRP_LOAD_RPT_EMPLOYEE_R,PRC_GET_CUR_DATA,PKG_GRP_LOAD_RPT_EMPLOYEE_R_PRC_GET_CUR_DATA,RPT_EMPLOYEE_R,V_SALES_REP_NUMBER_R,DIM_EMPLOYEE_R,V_SALES_REP_NUMBER_R,Direct
PKG Procedure,PKG_GRP_LOAD_RPT_EMPLOYEE_R,PRC_GET_CUR_DATA,PKG_GRP_LOAD_RPT_EMPLOYEE_R_PRC_GET_CUR_DATA,RPT_EMPLOYEE_R,V_SUPERVISOR_FULL_NAME_R,DIM_EMPLOYEE_R,V_SUPERVISOR_FULL_NAME_R,Direct
PKG Procedure,PKG_GRP_LOAD_RPT_EMPLOYEE_R,PRC_GET_CUR_DATA,PKG_GRP_LOAD_RPT_EMPLOYEE_R_PRC_GET_CUR_DATA,RPT_EMPLOYEE_R,V_SUPERVISOR_LOGIN_ID_R,DIM_EMPLOYEE_R,V_SUPERVISOR_LOGIN_ID_R,Direct
PKG Procedure,PKG_GRP_LOAD_RPT_EMPLOYEE_R,PRC_GET_CUR_DATA,PKG_GRP_LOAD_RPT_EMPLOYEE_R_PRC_GET_CUR_DATA,RPT_EMPLOYEE_R,V_UW_DEPARTMENT_R,DIM_EMPLOYEE_R,V_UW_DEPARTMENT_R,Direct
PKG Procedure,PKG_GRP_LOAD_RPT_EMPLOYEE_R,PRC_GET_CUR_DATA,PKG_GRP_LOAD_RPT_EMPLOYEE_R_PRC_GET_CUR_DATA,RPT_EMPLOYEE_R,V_WORK_LOCATION_R,DIM_EMPLOYEE_R,V_WORK_LOCATION_R,Direct
PKG Procedure,PKG_GRP_LOAD_RPT_EMPLOYEE_R,PRC_INSERT_DUMMY_REC,PKG_GRP_LOAD_RPT_EMPLOYEE_R_PRC_INSERT_DUMMY_REC,RPT_EMPLOYEE_R,FIC_MIS_DATE_R,RPT_EMPLOYEE_R,gd_sysdate,Direct
PKG Procedure,PKG_GRP_LOAD_RPT_EMPLOYEE_R,PRC_INSERT_DUMMY_REC,PKG_GRP_LOAD_RPT_EMPLOYEE_R_PRC_INSERT_DUMMY_REC,RPT_EMPLOYEE_R,T_EVENT_TIMESTAMP_R,RPT_EMPLOYEE_R,gd_sysdate,Direct
PKG Procedure,PKG_GRP_LOAD_RPT_EMPLOYEE_R,PRC_INSERT_DUMMY_REC,PKG_GRP_LOAD_RPT_EMPLOYEE_R_PRC_INSERT_DUMMY_REC,RPT_EMPLOYEE_R,n_batch_id_r,RPT_EMPLOYEE_R,gn_sysdt_batchid,Direct
PKG Procedure,PKG_GRP_LOAD_RPT_EMPLOYEE_R,PRC_INSERT_DUMMY_REC,PKG_GRP_LOAD_RPT_EMPLOYEE_R_PRC_INSERT_DUMMY_REC,RPT_EMPLOYEE_R,n_yearmonth_r,RPT_EMPLOYEE_R,gn_current_month,Direct
PKG Procedure,PKG_GRP_LOAD_RPT_EMPLOYEE_R,PRC_INSERT_DUMMY_REC,PKG_GRP_LOAD_RPT_EMPLOYEE_R_PRC_INSERT_DUMMY_REC,RPT_EMPLOYEE_R,t_creation_date_r,RPT_EMPLOYEE_R,gd_sysdate,Direct
PKG Procedure,PKG_GRP_LOAD_RPT_EMPLOYEE_R,PRC_INSERT_DUMMY_REC,PKG_GRP_LOAD_RPT_EMPLOYEE_R_PRC_INSERT_DUMMY_REC,RPT_EMPLOYEE_R,t_last_modified_date_r,RPT_EMPLOYEE_R,gd_sysdate,Direct
PKG Procedure,PKG_GRP_LOAD_RPT_EMPLOYEE_R,PRC_INSERT_DUMMY_REC,PKG_GRP_LOAD_RPT_EMPLOYEE_R_PRC_INSERT_DUMMY_REC,RPT_EMPLOYEE_R,v_created_by_r,RPT_EMPLOYEE_R,gc_main_loadedby,Direct
PKG Procedure,PKG_GRP_LOAD_RPT_EMPLOYEE_R,PRC_INSERT_DUMMY_REC,PKG_GRP_LOAD_RPT_EMPLOYEE_R_PRC_INSERT_DUMMY_REC,RPT_EMPLOYEE_R,v_last_modified_by_r,RPT_EMPLOYEE_R,gc_main_loadedby,Direct
PKG Procedure,PKG_GRP_LOAD_RPT_EMPLOYEE_R,PRC_UPD_DEL_DATA,PKG_GRP_LOAD_RPT_EMPLOYEE_R_PRC_UPD_DEL_DATA,RPT_EMPLOYEE_R,t_last_modified_date_r,RPT_EMPLOYEE_R,gd_sysdate,Direct
PKG Procedure,PKG_GRP_LOAD_RPT_EMPLOYEE_R,PRC_UPD_DEL_DATA,PKG_GRP_LOAD_RPT_EMPLOYEE_R_PRC_UPD_DEL_DATA,RPT_EMPLOYEE_R,v_last_modified_by_r,RPT_EMPLOYEE_R,gc_updby,Direct
PKG Procedure,PKG_GRP_LOAD_RPT_EMPLOYEE_R,PRC_UPD_DEL_DATA,PKG_GRP_LOAD_RPT_EMPLOYEE_R_PRC_UPD_DEL_DATA,RPT_EMPLOYEE_R,v_rpt_active_status_r,,,Constant / Expression
PKG Procedure,PKG_GRP_LOAD_RPT_FCT_RPT_CLAIM_SUMMARY_R,PRC_GET_CUR_DATA,PKG_GRP_LOAD_RPT_FCT_RPT_CLAIM_SUMMARY_R_PRC_GET_CUR_DATA,RPT_FCT_RPT_CLAIM_SUMMARY_R,D_CLAIM_DECISION_DATE_R,FCT_RPT_CLAIM_SUMMARY_R,D_CLAIM_DECISION_DATE_R,Direct
PKG Procedure,PKG_GRP_LOAD_RPT_FCT_RPT_CLAIM_SUMMARY_R,PRC_GET_CUR_DATA,PKG_GRP_LOAD_RPT_FCT_RPT_CLAIM_SUMMARY_R_PRC_GET_CUR_DATA,RPT_FCT_RPT_CLAIM_SUMMARY_R,D_CYCLE_DATE_R,FCT_RPT_CLAIM_SUMMARY_R,D_CYCLE_DATE_R,Direct
PKG Procedure,PKG_GRP_LOAD_RPT_FCT_RPT_CLAIM_SUMMARY_R,PRC_GET_CUR_DATA,PKG_GRP_LOAD_RPT_FCT_RPT_CLAIM_SUMMARY_R_PRC_GET_CUR_DATA,RPT_FCT_RPT_CLAIM_SUMMARY_R,D_DECISION_MADE_DATE_R,FCT_RPT_CLAIM_SUMMARY_R,D_DECISION_MADE_DATE_R,Direct
PKG Procedure,PKG_GRP_LOAD_RPT_FCT_RPT_CLAIM_SUMMARY_R,PRC_GET_CUR_DATA,PKG_GRP_LOAD_RPT_FCT_RPT_CLAIM_SUMMARY_R_PRC_GET_CUR_DATA,RPT_FCT_RPT_CLAIM_SUMMARY_R,D_FIRST_OPEN_STATUS_EFF_DATE_R,FCT_RPT_CLAIM_SUMMARY_R,D_FIRST_OPEN_STATUS_EFF_DATE_R,Direct
PKG Procedure,PKG_GRP_LOAD_RPT_FCT_RPT_CLAIM_SUMMARY_R,PRC_GET_CUR_DATA,PKG_GRP_LOAD_RPT_FCT_RPT_CLAIM_SUMMARY_R_PRC_GET_CUR_DATA,RPT_FCT_RPT_CLAIM_SUMMARY_R,D_FIRST_PAYMENT_DATE_R,FCT_RPT_CLAIM_SUMMARY_R,D_FIRST_PAYMENT_DATE_R,Direct
PKG Procedure,PKG_GRP_LOAD_RPT_FCT_RPT_CLAIM_SUMMARY_R,PRC_GET_CUR_DATA,PKG_GRP_LOAD_RPT_FCT_RPT_CLAIM_SUMMARY_R_PRC_GET_CUR_DATA,RPT_FCT_RPT_CLAIM_SUMMARY_R,D_FIRST_PAYMENT_FROM_DATE_R,FCT_RPT_CLAIM_SUMMARY_R,D_FIRST_PAYMENT_FROM_DATE_R,Direct
PKG Procedure,PKG_GRP_LOAD_RPT_FCT_RPT_CLAIM_SUMMARY_R,PRC_GET_CUR_DATA,PKG_GRP_LOAD_RPT_FCT_RPT_CLAIM_SUMMARY_R_PRC_GET_CUR_DATA,RPT_FCT_RPT_CLAIM_SUMMARY_R,D_LAST_PAYMENT_DATE_R,FCT_RPT_CLAIM_SUMMARY_R,D_LAST_PAYMENT_DATE_R,Direct
PKG Procedure,PKG_GRP_LOAD_RPT_FCT_RPT_CLAIM_SUMMARY_R,PRC_GET_CUR_DATA,PKG_GRP_LOAD_RPT_FCT_RPT_CLAIM_SUMMARY_R_PRC_GET_CUR_DATA,RPT_FCT_RPT_CLAIM_SUMMARY_R,D_LAST_PAYMENT_TO_DATE_R,FCT_RPT_CLAIM_SUMMARY_R,D_LAST_PAYMENT_TO_DATE_R,Direct
PKG Procedure,PKG_GRP_LOAD_RPT_FCT_RPT_CLAIM_SUMMARY_R,PRC_GET_CUR_DATA,PKG_GRP_LOAD_RPT_FCT_RPT_CLAIM_SUMMARY_R_PRC_GET_CUR_DATA,RPT_FCT_RPT_CLAIM_SUMMARY_R,D_POTENTIAL_RESOLUTION_DATE_R,rpt_claim_dtl_r,D_PRD_R,Direct
PKG Procedure,PKG_GRP_LOAD_RPT_FCT_RPT_CLAIM_SUMMARY_R,PRC_GET_CUR_DATA,PKG_GRP_LOAD_RPT_FCT_RPT_CLAIM_SUMMARY_R_PRC_GET_CUR_DATA,RPT_FCT_RPT_CLAIM_SUMMARY_R,D_RECEIVED_DATE_R,FCT_RPT_CLAIM_SUMMARY_R,D_RECEIVED_DATE_R,Direct
PKG Procedure,PKG_GRP_LOAD_RPT_FCT_RPT_CLAIM_SUMMARY_R,PRC_GET_CUR_DATA,PKG_GRP_LOAD_RPT_FCT_RPT_CLAIM_SUMMARY_R_PRC_GET_CUR_DATA,RPT_FCT_RPT_CLAIM_SUMMARY_R,FIC_MIS_DATE_R,FCT_RPT_CLAIM_SUMMARY_R,FIC_MIS_DATE_R,Direct
PKG Procedure,PKG_GRP_LOAD_RPT_FCT_RPT_CLAIM_SUMMARY_R,PRC_GET_CUR_DATA,PKG_GRP_LOAD_RPT_FCT_RPT_CLAIM_SUMMARY_R_PRC_GET_CUR_DATA,RPT_FCT_RPT_CLAIM_SUMMARY_R,F_PHYSICAL_DELETE_R,FCT_RPT_CLAIM_SUMMARY_R,F_PHYSICAL_DELETE_R,Direct
PKG Procedure,PKG_GRP_LOAD_RPT_FCT_RPT_CLAIM_SUMMARY_R,PRC_GET_CUR_DATA,PKG_GRP_LOAD_RPT_FCT_RPT_CLAIM_SUMMARY_R_PRC_GET_CUR_DATA,RPT_FCT_RPT_CLAIM_SUMMARY_R,N_ACTUAL_DURATION_R,FCT_RPT_CLAIM_SUMMARY_R,N_ACTUAL_DURATION_R,Direct
PKG Procedure,PKG_GRP_LOAD_RPT_FCT_RPT_CLAIM_SUMMARY_R,PRC_GET_CUR_DATA,PKG_GRP_LOAD_RPT_FCT_RPT_CLAIM_SUMMARY_R_PRC_GET_CUR_DATA,RPT_FCT_RPT_CLAIM_SUMMARY_R,N_ACTUAL_TO_EXPECTED_R,FCT_RPT_CLAIM_SUMMARY_R,N_ACTUAL_TO_EXPECTED_R,Direct
PKG Procedure,PKG_GRP_LOAD_RPT_FCT_RPT_CLAIM_SUMMARY_R,PRC_GET_CUR_DATA,PKG_GRP_LOAD_RPT_FCT_RPT_CLAIM_SUMMARY_R_PRC_GET_CUR_DATA,RPT_FCT_RPT_CLAIM_SUMMARY_R,N_AGED_PENDING_CLAIMS_R,FCT_RPT_CLAIM_SUMMARY_R,N_AGED_PENDING_CLAIMS_R,Direct
PKG Procedure,PKG_GRP_LOAD_RPT_FCT_RPT_CLAIM_SUMMARY_R,PRC_GET_CUR_DATA,PKG_GRP_LOAD_RPT_FCT_RPT_CLAIM_SUMMARY_R_PRC_GET_CUR_DATA,RPT_FCT_RPT_CLAIM_SUMMARY_R,N_ANY_OCC_APPROVAL_RATE_R,FCT_RPT_CLAIM_SUMMARY_R,N_ANY_OCC_APPROVAL_RATE_R,Direct
PKG Procedure,PKG_GRP_LOAD_RPT_FCT_RPT_CLAIM_SUMMARY_R,PRC_GET_CUR_DATA,PKG_GRP_LOAD_RPT_FCT_RPT_CLAIM_SUMMARY_R_PRC_GET_CUR_DATA,RPT_FCT_RPT_CLAIM_SUMMARY_R,N_APPEAL_RATE_R,FCT_RPT_CLAIM_SUMMARY_R,N_APPEAL_RATE_R,Direct
PKG Procedure,PKG_GRP_LOAD_RPT_FCT_RPT_CLAIM_SUMMARY_R,PRC_GET_CUR_DATA,PKG_GRP_LOAD_RPT_FCT_RPT_CLAIM_SUMMARY_R_PRC_GET_CUR_DATA,RPT_FCT_RPT_CLAIM_SUMMARY_R,N_APPROVAL_RATE_BY_PLAN_EP_R,FCT_RPT_CLAIM_SUMMARY_R,N_APPROVAL_RATE_BY_PLAN_EP_R,Direct
PKG Procedure,PKG_GRP_LOAD_RPT_FCT_RPT_CLAIM_SUMMARY_R,PRC_GET_CUR_DATA,PKG_GRP_LOAD_RPT_FCT_RPT_CLAIM_SUMMARY_R_PRC_GET_CUR_DATA,RPT_FCT_RPT_CLAIM_SUMMARY_R,N_APPROVED_CLAIM_COUNT_R,FCT_RPT_CLAIM_SUMMARY_R,N_APPROVED_CLAIM_COUNT_R,Direct
PKG Procedure,PKG_GRP_LOAD_RPT_FCT_RPT_CLAIM_SUMMARY_R,PRC_GET_CUR_DATA,PKG_GRP_LOAD_RPT_FCT_RPT_CLAIM_SUMMARY_R_PRC_GET_CUR_DATA,RPT_FCT_RPT_CLAIM_SUMMARY_R,N_AVG_CASELOADS_R,FCT_RPT_CLAIM_SUMMARY_R,N_AVG_CASELOADS_R,Direct
PKG Procedure,PKG_GRP_LOAD_RPT_FCT_RPT_CLAIM_SUMMARY_R,PRC_GET_CUR_DATA,PKG_GRP_LOAD_RPT_FCT_RPT_CLAIM_SUMMARY_R_PRC_GET_CUR_DATA,RPT_FCT_RPT_CLAIM_SUMMARY_R,N_AVG_CLAIM_decision_DAYS_R,,,Constant / Expression
PKG Procedure,PKG_GRP_LOAD_RPT_FCT_RPT_CLAIM_SUMMARY_R,PRC_GET_CUR_DATA,PKG_GRP_LOAD_RPT_FCT_RPT_CLAIM_SUMMARY_R_PRC_GET_CUR_DATA,RPT_FCT_RPT_CLAIM_SUMMARY_R,N_AVG_DAYS_CLAIM_DECISION_R,FCT_RPT_CLAIM_SUMMARY_R,N_AVG_DAYS_CLAIM_DECISION_R,Direct
PKG Procedure,PKG_GRP_LOAD_RPT_FCT_RPT_CLAIM_SUMMARY_R,PRC_GET_CUR_DATA,PKG_GRP_LOAD_RPT_FCT_RPT_CLAIM_SUMMARY_R_PRC_GET_CUR_DATA,RPT_FCT_RPT_CLAIM_SUMMARY_R,N_AVG_DAYS_REC_CLM_DECISION_R,FCT_RPT_CLAIM_SUMMARY_R,N_AVG_DAYS_REC_CLM_DECISION_R,Direct
PKG Procedure,PKG_GRP_LOAD_RPT_FCT_RPT_CLAIM_SUMMARY_R,PRC_GET_CUR_DATA,PKG_GRP_LOAD_RPT_FCT_RPT_CLAIM_SUMMARY_R_PRC_GET_CUR_DATA,RPT_FCT_RPT_CLAIM_SUMMARY_R,N_AVG_PAYMENT_AMT_R,FCT_RPT_CLAIM_SUMMARY_R,N_AVG_PAYMENT_AMT_R,Direct
PKG Procedure,PKG_GRP_LOAD_RPT_FCT_RPT_CLAIM_SUMMARY_R,PRC_GET_CUR_DATA,PKG_GRP_LOAD_RPT_FCT_RPT_CLAIM_SUMMARY_R_PRC_GET_CUR_DATA,RPT_FCT_RPT_CLAIM_SUMMARY_R,N_AVG_TASKS_COMPLETED_DAY_R,FCT_RPT_CLAIM_SUMMARY_R,N_AVG_TASKS_COMPLETED_DAY_R,Direct
PKG Procedure,PKG_GRP_LOAD_RPT_FCT_RPT_CLAIM_SUMMARY_R,PRC_GET_CUR_DATA,PKG_GRP_LOAD_RPT_FCT_RPT_CLAIM_SUMMARY_R_PRC_GET_CUR_DATA,RPT_FCT_RPT_CLAIM_SUMMARY_R,N_AVG_TASK_AGING_R,FCT_RPT_CLAIM_SUMMARY_R,N_AVG_TASK_AGING_R,Direct
PKG Procedure,PKG_GRP_LOAD_RPT_FCT_RPT_CLAIM_SUMMARY_R,PRC_GET_CUR_DATA,PKG_GRP_LOAD_RPT_FCT_RPT_CLAIM_SUMMARY_R_PRC_GET_CUR_DATA,RPT_FCT_RPT_CLAIM_SUMMARY_R,N_BATCH_ID_R,FCT_RPT_CLAIM_SUMMARY_R,N_BATCH_ID_R,Direct
PKG Procedure,PKG_GRP_LOAD_RPT_FCT_RPT_CLAIM_SUMMARY_R,PRC_GET_CUR_DATA,PKG_GRP_LOAD_RPT_FCT_RPT_CLAIM_SUMMARY_R_PRC_GET_CUR_DATA,RPT_FCT_RPT_CLAIM_SUMMARY_R,N_CHG_ACT_OS_CEDED_AMT_R,FCT_RPT_CLAIM_SUMMARY_R,N_CHG_ACT_OS_CEDED_AMT_R,Direct
PKG Procedure,PKG_GRP_LOAD_RPT_FCT_RPT_CLAIM_SUMMARY_R,PRC_GET_CUR_DATA,PKG_GRP_LOAD_RPT_FCT_RPT_CLAIM_SUMMARY_R_PRC_GET_CUR_DATA,RPT_FCT_RPT_CLAIM_SUMMARY_R,N_CHG_ACT_OS_NET_AMT_R,FCT_RPT_CLAIM_SUMMARY_R,N_CHG_ACT_OS_NET_AMT_R,Direct
PKG Procedure,PKG_GRP_LOAD_RPT_FCT_RPT_CLAIM_SUMMARY_R,PRC_GET_CUR_DATA,PKG_GRP_LOAD_RPT_FCT_RPT_CLAIM_SUMMARY_R_PRC_GET_CUR_DATA,RPT_FCT_RPT_CLAIM_SUMMARY_R,N_CHG_APPROVED_CLAIM_COUNT_R,FCT_RPT_CLAIM_SUMMARY_R,N_CHG_APPROVED_CLAIM_COUNT_R,Direct
PKG Procedure,PKG_GRP_LOAD_RPT_FCT_RPT_CLAIM_SUMMARY_R,PRC_GET_CUR_DATA,PKG_GRP_LOAD_RPT_FCT_RPT_CLAIM_SUMMARY_R_PRC_GET_CUR_DATA,RPT_FCT_RPT_CLAIM_SUMMARY_R,N_CHG_BE_RESERVE_CEDED_AMT_R,FCT_RPT_CLAIM_SUMMARY_R,N_CHG_BE_RESERVE_CEDED_AMT_R,Direct
PKG Procedure,PKG_GRP_LOAD_RPT_FCT_RPT_CLAIM_SUMMARY_R,PRC_GET_CUR_DATA,PKG_GRP_LOAD_RPT_FCT_RPT_CLAIM_SUMMARY_R_PRC_GET_CUR_DATA,RPT_FCT_RPT_CLAIM_SUMMARY_R,N_CHG_BE_RESERVE_DIRECT_AMT_R,FCT_RPT_CLAIM_SUMMARY_R,N_CHG_BE_RESERVE_DIRECT_AMT_R,Direct
PKG Procedure,PKG_GRP_LOAD_RPT_FCT_RPT_CLAIM_SUMMARY_R,PRC_GET_CUR_DATA,PKG_GRP_LOAD_RPT_FCT_RPT_CLAIM_SUMMARY_R_PRC_GET_CUR_DATA,RPT_FCT_RPT_CLAIM_SUMMARY_R,N_CHG_BE_RESERVE_NET_AMT_R,FCT_RPT_CLAIM_SUMMARY_R,N_CHG_BE_RESERVE_NET_AMT_R,Direct
PKG Procedure,PKG_GRP_LOAD_RPT_FCT_RPT_CLAIM_SUMMARY_R,PRC_GET_CUR_DATA,PKG_GRP_LOAD_RPT_FCT_RPT_CLAIM_SUMMARY_R_PRC_GET_CUR_DATA,RPT_FCT_RPT_CLAIM_SUMMARY_R,N_CHG_CLOSED_CLAIM_COUNT_R,FCT_RPT_CLAIM_SUMMARY_R,N_CHG_CLOSED_CLAIM_COUNT_R,Direct
PKG Procedure,PKG_GRP_LOAD_RPT_FCT_RPT_CLAIM_SUMMARY_R,PRC_GET_CUR_DATA,PKG_GRP_LOAD_RPT_FCT_RPT_CLAIM_SUMMARY_R_PRC_GET_CUR_DATA,RPT_FCT_RPT_CLAIM_SUMMARY_R,N_CHG_FIELD_OS_CEDED_AMT_R,FCT_RPT_CLAIM_SUMMARY_R,N_CHG_FIELD_OS_CEDED_AMT_R,Direct
PKG Procedure,PKG_GRP_LOAD_RPT_FCT_RPT_CLAIM_SUMMARY_R,PRC_GET_CUR_DATA,PKG_GRP_LOAD_RPT_FCT_RPT_CLAIM_SUMMARY_R_PRC_GET_CUR_DATA,RPT_FCT_RPT_CLAIM_SUMMARY_R,N_CHG_FIELD_OS_NET_AMT_R,FCT_RPT_CLAIM_SUMMARY_R,N_CHG_FIELD_OS_NET_AMT_R,Direct
PKG Procedure,PKG_GRP_LOAD_RPT_FCT_RPT_CLAIM_SUMMARY_R,PRC_GET_CUR_DATA,PKG_GRP_LOAD_RPT_FCT_RPT_CLAIM_SUMMARY_R_PRC_GET_CUR_DATA,RPT_FCT_RPT_CLAIM_SUMMARY_R,N_CHG_FIELD_RES_CEDED_AMT_R,FCT_RPT_CLAIM_SUMMARY_R,N_CHG_FIELD_RES_CEDED_AMT_R,Direct
PKG Procedure,PKG_GRP_LOAD_RPT_FCT_RPT_CLAIM_SUMMARY_R,PRC_GET_CUR_DATA,PKG_GRP_LOAD_RPT_FCT_RPT_CLAIM_SUMMARY_R_PRC_GET_CUR_DATA,RPT_FCT_RPT_CLAIM_SUMMARY_R,N_CHG_FIELD_RES_DIRECT_AMT_R,FCT_RPT_CLAIM_SUMMARY_R,N_CHG_FIELD_RES_DIRECT_AMT_R,Direct
PKG Procedure,PKG_GRP_LOAD_RPT_FCT_RPT_CLAIM_SUMMARY_R,PRC_GET_CUR_DATA,PKG_GRP_LOAD_RPT_FCT_RPT_CLAIM_SUMMARY_R_PRC_GET_CUR_DATA,RPT_FCT_RPT_CLAIM_SUMMARY_R,N_CHG_FIELD_RES_NET_AMT_R,FCT_RPT_CLAIM_SUMMARY_R,N_CHG_FIELD_RES_NET_AMT_R,Direct
PKG Procedure,PKG_GRP_LOAD_RPT_FCT_RPT_CLAIM_SUMMARY_R,PRC_GET_CUR_DATA,PKG_GRP_LOAD_RPT_FCT_RPT_CLAIM_SUMMARY_R_PRC_GET_CUR_DATA,RPT_FCT_RPT_CLAIM_SUMMARY_R,N_CHG_GAAP_OS_CEDED_AMT_R,FCT_RPT_CLAIM_SUMMARY_R,N_CHG_GAAP_OS_CEDED_AMT_R,Direct
PKG Procedure,PKG_GRP_LOAD_RPT_FCT_RPT_CLAIM_SUMMARY_R,PRC_GET_CUR_DATA,PKG_GRP_LOAD_RPT_FCT_RPT_CLAIM_SUMMARY_R_PRC_GET_CUR_DATA,RPT_FCT_RPT_CLAIM_SUMMARY_R,N_CHG_GAAP_OS_DIRECT_AMT_R,FCT_RPT_CLAIM_SUMMARY_R,N_CHG_GAAP_OS_DIRECT_AMT_R,Direct
PKG Procedure,PKG_GRP_LOAD_RPT_FCT_RPT_CLAIM_SUMMARY_R,PRC_GET_CUR_DATA,PKG_GRP_LOAD_RPT_FCT_RPT_CLAIM_SUMMARY_R_PRC_GET_CUR_DATA,RPT_FCT_RPT_CLAIM_SUMMARY_R,N_CHG_GAAP_OS_NET_AMT_R,FCT_RPT_CLAIM_SUMMARY_R,N_CHG_GAAP_OS_NET_AMT_R,Direct
PKG Procedure,PKG_GRP_LOAD_RPT_FCT_RPT_CLAIM_SUMMARY_R,PRC_GET_CUR_DATA,PKG_GRP_LOAD_RPT_FCT_RPT_CLAIM_SUMMARY_R_PRC_GET_CUR_DATA,RPT_FCT_RPT_CLAIM_SUMMARY_R,N_CHG_GAAP_OS_RESERVE_COUNT_R,FCT_RPT_CLAIM_SUMMARY_R,N_CHG_GAAP_OS_RESERVE_COUNT_R,Direct
PKG Procedure,PKG_GRP_LOAD_RPT_FCT_RPT_CLAIM_SUMMARY_R,PRC_GET_CUR_DATA,PKG_GRP_LOAD_RPT_FCT_RPT_CLAIM_SUMMARY_R_PRC_GET_CUR_DATA,RPT_FCT_RPT_CLAIM_SUMMARY_R,N_CHG_GAAP_WV_CEDED_AMT_R,FCT_RPT_CLAIM_SUMMARY_R,N_CHG_GAAP_WV_CEDED_AMT_R,Direct
PKG Procedure,PKG_GRP_LOAD_RPT_FCT_RPT_CLAIM_SUMMARY_R,PRC_GET_CUR_DATA,PKG_GRP_LOAD_RPT_FCT_RPT_CLAIM_SUMMARY_R_PRC_GET_CUR_DATA,RPT_FCT_RPT_CLAIM_SUMMARY_R,N_CHG_GAAP_WV_DIRECT_AMT_R,FCT_RPT_CLAIM_SUMMARY_R,N_CHG_GAAP_WV_DIRECT_AMT_R,Direct
PKG Procedure,PKG_GRP_LOAD_RPT_FCT_RPT_CLAIM_SUMMARY_R,PRC_GET_CUR_DATA,PKG_GRP_LOAD_RPT_FCT_RPT_CLAIM_SUMMARY_R_PRC_GET_CUR_DATA,RPT_FCT_RPT_CLAIM_SUMMARY_R,N_CHG_GAAP_WV_NET_AMT_R,FCT_RPT_CLAIM_SUMMARY_R,N_CHG_GAAP_WV_NET_AMT_R,Direct
PKG Procedure,PKG_GRP_LOAD_RPT_FCT_RPT_CLAIM_SUMMARY_R,PRC_GET_CUR_DATA,PKG_GRP_LOAD_RPT_FCT_RPT_CLAIM_SUMMARY_R_PRC_GET_CUR_DATA,RPT_FCT_RPT_CLAIM_SUMMARY_R,N_CHG_GAAP_WV_RESERVE_COUNT_R,FCT_RPT_CLAIM_SUMMARY_R,N_CHG_GAAP_WV_RESERVE_COUNT_R,Direct
PKG Procedure,PKG_GRP_LOAD_RPT_FCT_RPT_CLAIM_SUMMARY_R,PRC_GET_CUR_DATA,PKG_GRP_LOAD_RPT_FCT_RPT_CLAIM_SUMMARY_R_PRC_GET_CUR_DATA,RPT_FCT_RPT_CLAIM_SUMMARY_R,N_CHG_PENDING_CLAIM_COUNT_R,FCT_RPT_CLAIM_SUMMARY_R,N_CHG_PENDING_CLAIM_COUNT_R,Direct
PKG Procedure,PKG_GRP_LOAD_RPT_FCT_RPT_CLAIM_SUMMARY_R,PRC_GET_CUR_DATA,PKG_GRP_LOAD_RPT_FCT_RPT_CLAIM_SUMMARY_R_PRC_GET_CUR_DATA,RPT_FCT_RPT_CLAIM_SUMMARY_R,N_CHG_REOPEN_CLAIM_COUNT_R,FCT_RPT_CLAIM_SUMMARY_R,N_CHG_REOPEN_CLAIM_COUNT_R,Direct
PKG Procedure,PKG_GRP_LOAD_RPT_FCT_RPT_CLAIM_SUMMARY_R,PRC_GET_CUR_DATA,PKG_GRP_LOAD_RPT_FCT_RPT_CLAIM_SUMMARY_R_PRC_GET_CUR_DATA,RPT_FCT_RPT_CLAIM_SUMMARY_R,N_CHG_STAT_OS_CEDED_AMT_R,FCT_RPT_CLAIM_SUMMARY_R,N_CHG_STAT_OS_CEDED_AMT_R,Direct
PKG Procedure,PKG_GRP_LOAD_RPT_FCT_RPT_CLAIM_SUMMARY_R,PRC_GET_CUR_DATA,PKG_GRP_LOAD_RPT_FCT_RPT_CLAIM_SUMMARY_R_PRC_GET_CUR_DATA,RPT_FCT_RPT_CLAIM_SUMMARY_R,N_CHG_STAT_OS_DIRECT_AMT_R,FCT_RPT_CLAIM_SUMMARY_R,N_CHG_STAT_OS_DIRECT_AMT_R,Direct
PKG Procedure,PKG_GRP_LOAD_RPT_FCT_RPT_CLAIM_SUMMARY_R,PRC_GET_CUR_DATA,PKG_GRP_LOAD_RPT_FCT_RPT_CLAIM_SUMMARY_R_PRC_GET_CUR_DATA,RPT_FCT_RPT_CLAIM_SUMMARY_R,N_CHG_STAT_OS_NET_AMT_R,FCT_RPT_CLAIM_SUMMARY_R,N_CHG_STAT_OS_NET_AMT_R,Direct
PKG Procedure,PKG_GRP_LOAD_RPT_FCT_RPT_CLAIM_SUMMARY_R,PRC_GET_CUR_DATA,PKG_GRP_LOAD_RPT_FCT_RPT_CLAIM_SUMMARY_R_PRC_GET_CUR_DATA,RPT_FCT_RPT_CLAIM_SUMMARY_R,N_CHG_STAT_OS_RESERVE_COUNT_R,FCT_RPT_CLAIM_SUMMARY_R,N_CHG_STAT_OS_RESERVE_COUNT_R,Direct
PKG Procedure,PKG_GRP_LOAD_RPT_FCT_RPT_CLAIM_SUMMARY_R,PRC_GET_CUR_DATA,PKG_GRP_LOAD_RPT_FCT_RPT_CLAIM_SUMMARY_R_PRC_GET_CUR_DATA,RPT_FCT_RPT_CLAIM_SUMMARY_R,N_CHG_STAT_WV_CEDED_AMT_R,FCT_RPT_CLAIM_SUMMARY_R,N_CHG_STAT_WV_CEDED_AMT_R,Direct
PKG Procedure,PKG_GRP_LOAD_RPT_FCT_RPT_CLAIM_SUMMARY_R,PRC_GET_CUR_DATA,PKG_GRP_LOAD_RPT_FCT_RPT_CLAIM_SUMMARY_R_PRC_GET_CUR_DATA,RPT_FCT_RPT_CLAIM_SUMMARY_R,N_CHG_STAT_WV_DIRECT_AMT_R,FCT_RPT_CLAIM_SUMMARY_R,N_CHG_STAT_WV_DIRECT_AMT_R,Direct
PKG Procedure,PKG_GRP_LOAD_RPT_FCT_RPT_CLAIM_SUMMARY_R,PRC_GET_CUR_DATA,PKG_GRP_LOAD_RPT_FCT_RPT_CLAIM_SUMMARY_R_PRC_GET_CUR_DATA,RPT_FCT_RPT_CLAIM_SUMMARY_R,N_CHG_STAT_WV_NET_AMT_R,FCT_RPT_CLAIM_SUMMARY_R,N_CHG_STAT_WV_NET_AMT_R,Direct
PKG Procedure,PKG_GRP_LOAD_RPT_FCT_RPT_CLAIM_SUMMARY_R,PRC_GET_CUR_DATA,PKG_GRP_LOAD_RPT_FCT_RPT_CLAIM_SUMMARY_R_PRC_GET_CUR_DATA,RPT_FCT_RPT_CLAIM_SUMMARY_R,N_CHG_STAT_WV_RESERVE_COUNT_R,FCT_RPT_CLAIM_SUMMARY_R,N_CHG_STAT_WV_RESERVE_COUNT_R,Direct
PKG Procedure,PKG_GRP_LOAD_RPT_FCT_RPT_CLAIM_SUMMARY_R,PRC_GET_CUR_DATA,PKG_GRP_LOAD_RPT_FCT_RPT_CLAIM_SUMMARY_R_PRC_GET_CUR_DATA,RPT_FCT_RPT_CLAIM_SUMMARY_R,N_CHG_TOTAL_CLAIM_COUNT_R,FCT_RPT_CLAIM_SUMMARY_R,N_CHG_TOTAL_CLAIM_COUNT_R,Direct
PKG Procedure,PKG_GRP_LOAD_RPT_FCT_RPT_CLAIM_SUMMARY_R,PRC_GET_CUR_DATA,PKG_GRP_LOAD_RPT_FCT_RPT_CLAIM_SUMMARY_R_PRC_GET_CUR_DATA,RPT_FCT_RPT_CLAIM_SUMMARY_R,N_CLAIMS_BRIDGED_STD_TO_LTD_R,FCT_RPT_CLAIM_SUMMARY_R,N_CLAIMS_BRIDGED_STD_TO_LTD_R,Direct
PKG Procedure,PKG_GRP_LOAD_RPT_FCT_RPT_CLAIM_SUMMARY_R,PRC_GET_CUR_DATA,PKG_GRP_LOAD_RPT_FCT_RPT_CLAIM_SUMMARY_R_PRC_GET_CUR_DATA,RPT_FCT_RPT_CLAIM_SUMMARY_R,N_CLAIMS_IDENTIFIED_FOR_FWA_R,FCT_RPT_CLAIM_SUMMARY_R,N_CLAIMS_IDENTIFIED_FOR_FWA_R,Direct
PKG Procedure,PKG_GRP_LOAD_RPT_FCT_RPT_CLAIM_SUMMARY_R,PRC_GET_CUR_DATA,PKG_GRP_LOAD_RPT_FCT_RPT_CLAIM_SUMMARY_R_PRC_GET_CUR_DATA,RPT_FCT_RPT_CLAIM_SUMMARY_R,N_CLAIMS_REFERRED_SS_VENDOR_R,FCT_RPT_CLAIM_SUMMARY_R,N_CLAIMS_REFERRED_SS_VENDOR_R,Direct
PKG Procedure,PKG_GRP_LOAD_RPT_FCT_RPT_CLAIM_SUMMARY_R,PRC_GET_CUR_DATA,PKG_GRP_LOAD_RPT_FCT_RPT_CLAIM_SUMMARY_R_PRC_GET_CUR_DATA,RPT_FCT_RPT_CLAIM_SUMMARY_R,N_CLAIMS_REVIEWED_FOR_FWA_R,FCT_RPT_CLAIM_SUMMARY_R,N_CLAIMS_REVIEWED_FOR_FWA_R,Direct
PKG Procedure,PKG_GRP_LOAD_RPT_FCT_RPT_CLAIM_SUMMARY_R,PRC_GET_CUR_DATA,PKG_GRP_LOAD_RPT_FCT_RPT_CLAIM_SUMMARY_R_PRC_GET_CUR_DATA,RPT_FCT_RPT_CLAIM_SUMMARY_R,N_CLAIMS_RTW_WO_INTERVENTION_R,FCT_RPT_CLAIM_SUMMARY_R,N_CLAIMS_RTW_WO_INTERVENTION_R,Direct
PKG Procedure,PKG_GRP_LOAD_RPT_FCT_RPT_CLAIM_SUMMARY_R,PRC_GET_CUR_DATA,PKG_GRP_LOAD_RPT_FCT_RPT_CLAIM_SUMMARY_R_PRC_GET_CUR_DATA,RPT_FCT_RPT_CLAIM_SUMMARY_R,N_CLAIMS_RTW_W_INTERVENTION_R,FCT_RPT_CLAIM_SUMMARY_R,N_CLAIMS_RTW_W_INTERVENTION_R,Direct
PKG Procedure,PKG_GRP_LOAD_RPT_FCT_RPT_CLAIM_SUMMARY_R,PRC_GET_CUR_DATA,PKG_GRP_LOAD_RPT_FCT_RPT_CLAIM_SUMMARY_R_PRC_GET_CUR_DATA,RPT_FCT_RPT_CLAIM_SUMMARY_R,N_CLAIMS_SETTLED_R,FCT_RPT_CLAIM_SUMMARY_R,N_CLAIMS_SETTLED_R,Direct
PKG Procedure,PKG_GRP_LOAD_RPT_FCT_RPT_CLAIM_SUMMARY_R,PRC_GET_CUR_DATA,PKG_GRP_LOAD_RPT_FCT_RPT_CLAIM_SUMMARY_R_PRC_GET_CUR_DATA,RPT_FCT_RPT_CLAIM_SUMMARY_R,N_CLAIMS_WITH_OVERPAYMENTS_R,FCT_RPT_CLAIM_SUMMARY_R,N_CLAIMS_WITH_OVERPAYMENTS_R,Direct
PKG Procedure,PKG_GRP_LOAD_RPT_FCT_RPT_CLAIM_SUMMARY_R,PRC_GET_CUR_DATA,PKG_GRP_LOAD_RPT_FCT_RPT_CLAIM_SUMMARY_R_PRC_GET_CUR_DATA,RPT_FCT_RPT_CLAIM_SUMMARY_R,N_CLAIM_AGE_R,FCT_RPT_CLAIM_SUMMARY_R,N_CLAIM_AGE_R,Direct
PKG Procedure,PKG_GRP_LOAD_RPT_FCT_RPT_CLAIM_SUMMARY_R,PRC_GET_CUR_DATA,PKG_GRP_LOAD_RPT_FCT_RPT_CLAIM_SUMMARY_R_PRC_GET_CUR_DATA,RPT_FCT_RPT_CLAIM_SUMMARY_R,N_CLAIM_APPROACH_DUR_R,,,Constant / Expression
PKG Procedure,PKG_GRP_LOAD_RPT_FCT_RPT_CLAIM_SUMMARY_R,PRC_GET_CUR_DATA,PKG_GRP_LOAD_RPT_FCT_RPT_CLAIM_SUMMARY_R_PRC_GET_CUR_DATA,RPT_FCT_RPT_CLAIM_SUMMARY_R,N_CLAIM_APPROACH_EXP_RESOLUTION_R,,,Constant / Expression
PKG Procedure,PKG_GRP_LOAD_RPT_FCT_RPT_CLAIM_SUMMARY_R,PRC_GET_CUR_DATA,PKG_GRP_LOAD_RPT_FCT_RPT_CLAIM_SUMMARY_R_PRC_GET_CUR_DATA,RPT_FCT_RPT_CLAIM_SUMMARY_R,N_CLAIM_COVERAGE_GROUP_SK_R,FCT_RPT_CLAIM_SUMMARY_R,n_claim_coverage_group_sk_r,Direct
PKG Procedure,PKG_GRP_LOAD_RPT_FCT_RPT_CLAIM_SUMMARY_R,PRC_GET_CUR_DATA,PKG_GRP_LOAD_RPT_FCT_RPT_CLAIM_SUMMARY_R_PRC_GET_CUR_DATA,RPT_FCT_RPT_CLAIM_SUMMARY_R,N_CLAIM_COVERAGE_SK_R,FCT_RPT_CLAIM_SUMMARY_R,n_claim_coverage_sk_r,Direct
PKG Procedure,PKG_GRP_LOAD_RPT_FCT_RPT_CLAIM_SUMMARY_R,PRC_GET_CUR_DATA,PKG_GRP_LOAD_RPT_FCT_RPT_CLAIM_SUMMARY_R_PRC_GET_CUR_DATA,RPT_FCT_RPT_CLAIM_SUMMARY_R,N_CLAIM_SK_R,FCT_RPT_CLAIM_SUMMARY_R,n_claim_sk_r,Direct
PKG Procedure,PKG_GRP_LOAD_RPT_FCT_RPT_CLAIM_SUMMARY_R,PRC_GET_CUR_DATA,PKG_GRP_LOAD_RPT_FCT_RPT_CLAIM_SUMMARY_R_PRC_GET_CUR_DATA,RPT_FCT_RPT_CLAIM_SUMMARY_R,N_CLAIM_TOUCHES_PER_DAY_R,FCT_RPT_CLAIM_SUMMARY_R,N_CLAIM_TOUCHES_PER_DAY_R,Direct
PKG Procedure,PKG_GRP_LOAD_RPT_FCT_RPT_CLAIM_SUMMARY_R,PRC_GET_CUR_DATA,PKG_GRP_LOAD_RPT_FCT_RPT_CLAIM_SUMMARY_R_PRC_GET_CUR_DATA,RPT_FCT_RPT_CLAIM_SUMMARY_R,N_CLMS_W_CLINICAL_ENGAGEMENT_R,FCT_RPT_CLAIM_SUMMARY_R,N_CLMS_W_CLINICAL_ENGAGEMENT_R,Direct
PKG Procedure,PKG_GRP_LOAD_RPT_FCT_RPT_CLAIM_SUMMARY_R,PRC_GET_CUR_DATA,PKG_GRP_LOAD_RPT_FCT_RPT_CLAIM_SUMMARY_R_PRC_GET_CUR_DATA,RPT_FCT_RPT_CLAIM_SUMMARY_R,N_CLOSED_CLAIM_COUNT_R,FCT_RPT_CLAIM_SUMMARY_R,N_CLOSED_CLAIM_COUNT_R,Direct
PKG Procedure,PKG_GRP_LOAD_RPT_FCT_RPT_CLAIM_SUMMARY_R,PRC_GET_CUR_DATA,PKG_GRP_LOAD_RPT_FCT_RPT_CLAIM_SUMMARY_R_PRC_GET_CUR_DATA,RPT_FCT_RPT_CLAIM_SUMMARY_R,N_CLOSURE_RATE_ANYOCC_PERIOD_R,FCT_RPT_CLAIM_SUMMARY_R,N_CLOSURE_RATE_ANYOCC_PERIOD_R,Direct
PKG Procedure,PKG_GRP_LOAD_RPT_FCT_RPT_CLAIM_SUMMARY_R,PRC_GET_CUR_DATA,PKG_GRP_LOAD_RPT_FCT_RPT_CLAIM_SUMMARY_R_PRC_GET_CUR_DATA,RPT_FCT_RPT_CLAIM_SUMMARY_R,N_CLOSURE_RATE_OWNOCC_PERIOD_R,FCT_RPT_CLAIM_SUMMARY_R,N_CLOSURE_RATE_OWNOCC_PERIOD_R,Direct
PKG Procedure,PKG_GRP_LOAD_RPT_FCT_RPT_CLAIM_SUMMARY_R,PRC_GET_CUR_DATA,PKG_GRP_LOAD_RPT_FCT_RPT_CLAIM_SUMMARY_R_PRC_GET_CUR_DATA,RPT_FCT_RPT_CLAIM_SUMMARY_R,N_CLOSURE_RATE_R,FCT_RPT_CLAIM_SUMMARY_R,N_CLOSURE_RATE_R,Direct
PKG Procedure,PKG_GRP_LOAD_RPT_FCT_RPT_CLAIM_SUMMARY_R,PRC_GET_CUR_DATA,PKG_GRP_LOAD_RPT_FCT_RPT_CLAIM_SUMMARY_R_PRC_GET_CUR_DATA,RPT_FCT_RPT_CLAIM_SUMMARY_R,N_CLOSURE_RATE_WITH_CLINICAL_R,FCT_RPT_CLAIM_SUMMARY_R,N_CLOSURE_RATE_WITH_CLINICAL_R,Direct
PKG Procedure,PKG_GRP_LOAD_RPT_FCT_RPT_CLAIM_SUMMARY_R,PRC_GET_CUR_DATA,PKG_GRP_LOAD_RPT_FCT_RPT_CLAIM_SUMMARY_R_PRC_GET_CUR_DATA,RPT_FCT_RPT_CLAIM_SUMMARY_R,N_CLOSURE_RATE_WO_CLINICAL_R,FCT_RPT_CLAIM_SUMMARY_R,N_CLOSURE_RATE_WO_CLINICAL_R,Direct
PKG Procedure,PKG_GRP_LOAD_RPT_FCT_RPT_CLAIM_SUMMARY_R,PRC_GET_CUR_DATA,PKG_GRP_LOAD_RPT_FCT_RPT_CLAIM_SUMMARY_R_PRC_GET_CUR_DATA,RPT_FCT_RPT_CLAIM_SUMMARY_R,N_CURR_ACT_OS_CEDED_AMT_R,FCT_RPT_CLAIM_SUMMARY_R,N_CURR_ACT_OS_CEDED_AMT_R,Direct
PKG Procedure,PKG_GRP_LOAD_RPT_FCT_RPT_CLAIM_SUMMARY_R,PRC_GET_CUR_DATA,PKG_GRP_LOAD_RPT_FCT_RPT_CLAIM_SUMMARY_R_PRC_GET_CUR_DATA,RPT_FCT_RPT_CLAIM_SUMMARY_R,N_CURR_ACT_OS_NET_AMT_R,FCT_RPT_CLAIM_SUMMARY_R,N_CURR_ACT_OS_NET_AMT_R,Direct
PKG Procedure,PKG_GRP_LOAD_RPT_FCT_RPT_CLAIM_SUMMARY_R,PRC_GET_CUR_DATA,PKG_GRP_LOAD_RPT_FCT_RPT_CLAIM_SUMMARY_R_PRC_GET_CUR_DATA,RPT_FCT_RPT_CLAIM_SUMMARY_R,N_CURR_BE_RESERVE_CEDED_AMT_R,FCT_RPT_CLAIM_SUMMARY_R,N_CURR_BE_RESERVE_CEDED_AMT_R,Direct
PKG Procedure,PKG_GRP_LOAD_RPT_FCT_RPT_CLAIM_SUMMARY_R,PRC_GET_CUR_DATA,PKG_GRP_LOAD_RPT_FCT_RPT_CLAIM_SUMMARY_R_PRC_GET_CUR_DATA,RPT_FCT_RPT_CLAIM_SUMMARY_R,N_CURR_BE_RESERVE_DIRECT_AMT_R,FCT_RPT_CLAIM_SUMMARY_R,N_CURR_BE_RESERVE_DIRECT_AMT_R,Direct
PKG Procedure,PKG_GRP_LOAD_RPT_FCT_RPT_CLAIM_SUMMARY_R,PRC_GET_CUR_DATA,PKG_GRP_LOAD_RPT_FCT_RPT_CLAIM_SUMMARY_R_PRC_GET_CUR_DATA,RPT_FCT_RPT_CLAIM_SUMMARY_R,N_CURR_BE_RESERVE_NET_AMT_R,FCT_RPT_CLAIM_SUMMARY_R,N_CURR_BE_RESERVE_NET_AMT_R,Direct
PKG Procedure,PKG_GRP_LOAD_RPT_FCT_RPT_CLAIM_SUMMARY_R,PRC_GET_CUR_DATA,PKG_GRP_LOAD_RPT_FCT_RPT_CLAIM_SUMMARY_R_PRC_GET_CUR_DATA,RPT_FCT_RPT_CLAIM_SUMMARY_R,N_CURR_FIELD_OS_CEDED_AMT_R,FCT_RPT_CLAIM_SUMMARY_R,N_CURR_FIELD_OS_CEDED_AMT_R,Direct
PKG Procedure,PKG_GRP_LOAD_RPT_FCT_RPT_CLAIM_SUMMARY_R,PRC_GET_CUR_DATA,PKG_GRP_LOAD_RPT_FCT_RPT_CLAIM_SUMMARY_R_PRC_GET_CUR_DATA,RPT_FCT_RPT_CLAIM_SUMMARY_R,N_CURR_FIELD_OS_NET_AMT_R,FCT_RPT_CLAIM_SUMMARY_R,N_CURR_FIELD_OS_NET_AMT_R,Direct
PKG Procedure,PKG_GRP_LOAD_RPT_FCT_RPT_CLAIM_SUMMARY_R,PRC_GET_CUR_DATA,PKG_GRP_LOAD_RPT_FCT_RPT_CLAIM_SUMMARY_R_PRC_GET_CUR_DATA,RPT_FCT_RPT_CLAIM_SUMMARY_R,N_CURR_FIELD_RES_CEDED_AMT_R,FCT_RPT_CLAIM_SUMMARY_R,N_CURR_FIELD_RES_CEDED_AMT_R,Direct
PKG Procedure,PKG_GRP_LOAD_RPT_FCT_RPT_CLAIM_SUMMARY_R,PRC_GET_CUR_DATA,PKG_GRP_LOAD_RPT_FCT_RPT_CLAIM_SUMMARY_R_PRC_GET_CUR_DATA,RPT_FCT_RPT_CLAIM_SUMMARY_R,N_CURR_FIELD_RES_DIRECT_AMT_R,FCT_RPT_CLAIM_SUMMARY_R,N_CURR_FIELD_RES_DIRECT_AMT_R,Direct
PKG Procedure,PKG_GRP_LOAD_RPT_FCT_RPT_CLAIM_SUMMARY_R,PRC_GET_CUR_DATA,PKG_GRP_LOAD_RPT_FCT_RPT_CLAIM_SUMMARY_R_PRC_GET_CUR_DATA,RPT_FCT_RPT_CLAIM_SUMMARY_R,N_CURR_FIELD_RES_NET_AMT_R,FCT_RPT_CLAIM_SUMMARY_R,N_CURR_FIELD_RES_NET_AMT_R,Direct
PKG Procedure,PKG_GRP_LOAD_RPT_FCT_RPT_CLAIM_SUMMARY_R,PRC_GET_CUR_DATA,PKG_GRP_LOAD_RPT_FCT_RPT_CLAIM_SUMMARY_R_PRC_GET_CUR_DATA,RPT_FCT_RPT_CLAIM_SUMMARY_R,N_CURR_GAAP_OS_CEDED_AMT_R,FCT_RPT_CLAIM_SUMMARY_R,N_CURR_GAAP_OS_CEDED_AMT_R,Direct
PKG Procedure,PKG_GRP_LOAD_RPT_FCT_RPT_CLAIM_SUMMARY_R,PRC_GET_CUR_DATA,PKG_GRP_LOAD_RPT_FCT_RPT_CLAIM_SUMMARY_R_PRC_GET_CUR_DATA,RPT_FCT_RPT_CLAIM_SUMMARY_R,N_CURR_GAAP_OS_NET_AMT_R,FCT_RPT_CLAIM_SUMMARY_R,N_CURR_GAAP_OS_NET_AMT_R,Direct
PKG Procedure,PKG_GRP_LOAD_RPT_FCT_RPT_CLAIM_SUMMARY_R,PRC_GET_CUR_DATA,PKG_GRP_LOAD_RPT_FCT_RPT_CLAIM_SUMMARY_R_PRC_GET_CUR_DATA,RPT_FCT_RPT_CLAIM_SUMMARY_R,N_CURR_GAAP_RESERVE_DIRECT_R,FCT_RPT_CLAIM_SUMMARY_R,N_CURR_GAAP_RESERVE_DIRECT_R,Direct
PKG Procedure,PKG_GRP_LOAD_RPT_FCT_RPT_CLAIM_SUMMARY_R,PRC_GET_CUR_DATA,PKG_GRP_LOAD_RPT_FCT_RPT_CLAIM_SUMMARY_R_PRC_GET_CUR_DATA,RPT_FCT_RPT_CLAIM_SUMMARY_R,N_CURR_GAAP_WV_CEDED_AMT_R,FCT_RPT_CLAIM_SUMMARY_R,N_CURR_GAAP_WV_CEDED_AMT_R,Direct
PKG Procedure,PKG_GRP_LOAD_RPT_FCT_RPT_CLAIM_SUMMARY_R,PRC_GET_CUR_DATA,PKG_GRP_LOAD_RPT_FCT_RPT_CLAIM_SUMMARY_R_PRC_GET_CUR_DATA,RPT_FCT_RPT_CLAIM_SUMMARY_R,N_CURR_GAAP_WV_DIRECT_AMT_R,FCT_RPT_CLAIM_SUMMARY_R,N_CURR_GAAP_WV_DIRECT_AMT_R,Direct
PKG Procedure,PKG_GRP_LOAD_RPT_FCT_RPT_CLAIM_SUMMARY_R,PRC_GET_CUR_DATA,PKG_GRP_LOAD_RPT_FCT_RPT_CLAIM_SUMMARY_R_PRC_GET_CUR_DATA,RPT_FCT_RPT_CLAIM_SUMMARY_R,N_CURR_GAAP_WV_NET_AMT_R,FCT_RPT_CLAIM_SUMMARY_R,N_CURR_GAAP_WV_NET_AMT_R,Direct
PKG Procedure,PKG_GRP_LOAD_RPT_FCT_RPT_CLAIM_SUMMARY_R,PRC_GET_CUR_DATA,PKG_GRP_LOAD_RPT_FCT_RPT_CLAIM_SUMMARY_R_PRC_GET_CUR_DATA,RPT_FCT_RPT_CLAIM_SUMMARY_R,N_CURR_STAT_OS_CEDED_AMT_R,FCT_RPT_CLAIM_SUMMARY_R,N_CURR_STAT_OS_CEDED_AMT_R,Direct
PKG Procedure,PKG_GRP_LOAD_RPT_FCT_RPT_CLAIM_SUMMARY_R,PRC_GET_CUR_DATA,PKG_GRP_LOAD_RPT_FCT_RPT_CLAIM_SUMMARY_R_PRC_GET_CUR_DATA,RPT_FCT_RPT_CLAIM_SUMMARY_R,N_CURR_STAT_OS_NET_AMT_R,FCT_RPT_CLAIM_SUMMARY_R,N_CURR_STAT_OS_NET_AMT_R,Direct
PKG Procedure,PKG_GRP_LOAD_RPT_FCT_RPT_CLAIM_SUMMARY_R,PRC_GET_CUR_DATA,PKG_GRP_LOAD_RPT_FCT_RPT_CLAIM_SUMMARY_R_PRC_GET_CUR_DATA,RPT_FCT_RPT_CLAIM_SUMMARY_R,N_CURR_STAT_RESERVE_DIRECT_R,FCT_RPT_CLAIM_SUMMARY_R,N_CURR_STAT_RESERVE_DIRECT_R,Direct
PKG Procedure,PKG_GRP_LOAD_RPT_FCT_RPT_CLAIM_SUMMARY_R,PRC_GET_CUR_DATA,PKG_GRP_LOAD_RPT_FCT_RPT_CLAIM_SUMMARY_R_PRC_GET_CUR_DATA,RPT_FCT_RPT_CLAIM_SUMMARY_R,N_CURR_STAT_WV_CEDED_AMT_R,FCT_RPT_CLAIM_SUMMARY_R,N_CURR_STAT_WV_CEDED_AMT_R,Direct
PKG Procedure,PKG_GRP_LOAD_RPT_FCT_RPT_CLAIM_SUMMARY_R,PRC_GET_CUR_DATA,PKG_GRP_LOAD_RPT_FCT_RPT_CLAIM_SUMMARY_R_PRC_GET_CUR_DATA,RPT_FCT_RPT_CLAIM_SUMMARY_R,N_CURR_STAT_WV_DIRECT_AMT_R,FCT_RPT_CLAIM_SUMMARY_R,N_CURR_STAT_WV_DIRECT_AMT_R,Direct
PKG Procedure,PKG_GRP_LOAD_RPT_FCT_RPT_CLAIM_SUMMARY_R,PRC_GET_CUR_DATA,PKG_GRP_LOAD_RPT_FCT_RPT_CLAIM_SUMMARY_R_PRC_GET_CUR_DATA,RPT_FCT_RPT_CLAIM_SUMMARY_R,N_CURR_STAT_WV_NET_AMT_R,FCT_RPT_CLAIM_SUMMARY_R,N_CURR_STAT_WV_NET_AMT_R,Direct
PKG Procedure,PKG_GRP_LOAD_RPT_FCT_RPT_CLAIM_SUMMARY_R,PRC_GET_CUR_DATA,PKG_GRP_LOAD_RPT_FCT_RPT_CLAIM_SUMMARY_R_PRC_GET_CUR_DATA,RPT_FCT_RPT_CLAIM_SUMMARY_R,N_CUSTOMER__R,,,Constant / Expression
PKG Procedure,PKG_GRP_LOAD_RPT_FCT_RPT_CLAIM_SUMMARY_R,PRC_GET_CUR_DATA,PKG_GRP_LOAD_RPT_FCT_RPT_CLAIM_SUMMARY_R_PRC_GET_CUR_DATA,RPT_FCT_RPT_CLAIM_SUMMARY_R,N_CYCLE_DATE_KEY_R,FCT_RPT_CLAIM_SUMMARY_R,N_CYCLE_DATE_KEY_R,Direct
PKG Procedure,PKG_GRP_LOAD_RPT_FCT_RPT_CLAIM_SUMMARY_R,PRC_GET_CUR_DATA,PKG_GRP_LOAD_RPT_FCT_RPT_CLAIM_SUMMARY_R_PRC_GET_CUR_DATA,RPT_FCT_RPT_CLAIM_SUMMARY_R,N_DENIED_CLAIMS_R,FCT_RPT_CLAIM_SUMMARY_R,N_DENIED_CLAIMS_R,Direct
PKG Procedure,PKG_GRP_LOAD_RPT_FCT_RPT_CLAIM_SUMMARY_R,PRC_GET_CUR_DATA,PKG_GRP_LOAD_RPT_FCT_RPT_CLAIM_SUMMARY_R_PRC_GET_CUR_DATA,RPT_FCT_RPT_CLAIM_SUMMARY_R,N_DEPENDENT_SS_AWARDS_COUNTS_R,FCT_RPT_CLAIM_SUMMARY_R,N_DEPENDENT_SS_AWARDS_COUNTS_R,Direct
PKG Procedure,PKG_GRP_LOAD_RPT_FCT_RPT_CLAIM_SUMMARY_R,PRC_GET_CUR_DATA,PKG_GRP_LOAD_RPT_FCT_RPT_CLAIM_SUMMARY_R_PRC_GET_CUR_DATA,RPT_FCT_RPT_CLAIM_SUMMARY_R,N_DEPENDENT_SS_AWARDS_TOTAL_R,FCT_RPT_CLAIM_SUMMARY_R,N_DEPENDENT_SS_AWARDS_TOTAL_R,Direct
PKG Procedure,PKG_GRP_LOAD_RPT_FCT_RPT_CLAIM_SUMMARY_R,PRC_GET_CUR_DATA,PKG_GRP_LOAD_RPT_FCT_RPT_CLAIM_SUMMARY_R_PRC_GET_CUR_DATA,RPT_FCT_RPT_CLAIM_SUMMARY_R,N_DURATION_BY_PLAN_EP_R,FCT_RPT_CLAIM_SUMMARY_R,N_DURATION_BY_PLAN_EP_R,Direct
PKG Procedure,PKG_GRP_LOAD_RPT_FCT_RPT_CLAIM_SUMMARY_R,PRC_GET_CUR_DATA,PKG_GRP_LOAD_RPT_FCT_RPT_CLAIM_SUMMARY_R_PRC_GET_CUR_DATA,RPT_FCT_RPT_CLAIM_SUMMARY_R,N_DURATION_REMAINING_R,,,Constant / Expression
PKG Procedure,PKG_GRP_LOAD_RPT_FCT_RPT_CLAIM_SUMMARY_R,PRC_GET_CUR_DATA,PKG_GRP_LOAD_RPT_FCT_RPT_CLAIM_SUMMARY_R_PRC_GET_CUR_DATA,RPT_FCT_RPT_CLAIM_SUMMARY_R,N_EMPLOYEE_SK_R,,,Constant / Expression
PKG Procedure,PKG_GRP_LOAD_RPT_FCT_RPT_CLAIM_SUMMARY_R,PRC_GET_CUR_DATA,PKG_GRP_LOAD_RPT_FCT_RPT_CLAIM_SUMMARY_R_PRC_GET_CUR_DATA,RPT_FCT_RPT_CLAIM_SUMMARY_R,N_EMPLOYEE_SK_R,rpt_claim_sum_r,N_EMPLOYEE_SK_R,N_EMPLOYEE_SK_R -> MAX
PKG Procedure,PKG_GRP_LOAD_RPT_FCT_RPT_CLAIM_SUMMARY_R,PRC_GET_CUR_DATA,PKG_GRP_LOAD_RPT_FCT_RPT_CLAIM_SUMMARY_R_PRC_GET_CUR_DATA,RPT_FCT_RPT_CLAIM_SUMMARY_R,N_EMPLOYER_FICA_R,FCT_RPT_CLAIM_SUMMARY_R,N_EMPLOYER_FICA_R,Direct
PKG Procedure,PKG_GRP_LOAD_RPT_FCT_RPT_CLAIM_SUMMARY_R,PRC_GET_CUR_DATA,PKG_GRP_LOAD_RPT_FCT_RPT_CLAIM_SUMMARY_R_PRC_GET_CUR_DATA,RPT_FCT_RPT_CLAIM_SUMMARY_R,N_EMPLOYER_MEDICARE_TAX_R,FCT_RPT_CLAIM_SUMMARY_R,N_EMPLOYER_MEDICARE_TAX_R,Direct
PKG Procedure,PKG_GRP_LOAD_RPT_FCT_RPT_CLAIM_SUMMARY_R,PRC_GET_CUR_DATA,PKG_GRP_LOAD_RPT_FCT_RPT_CLAIM_SUMMARY_R_PRC_GET_CUR_DATA,RPT_FCT_RPT_CLAIM_SUMMARY_R,N_EMP_FICA_WAGE_BASE_R,FCT_RPT_CLAIM_SUMMARY_R,N_EMP_FICA_WAGE_BASE_R,Direct
PKG Procedure,PKG_GRP_LOAD_RPT_FCT_RPT_CLAIM_SUMMARY_R,PRC_GET_CUR_DATA,PKG_GRP_LOAD_RPT_FCT_RPT_CLAIM_SUMMARY_R_PRC_GET_CUR_DATA,RPT_FCT_RPT_CLAIM_SUMMARY_R,N_EMP_MEDICARE_WAGE_BASE_R,FCT_RPT_CLAIM_SUMMARY_R,N_EMP_MEDICARE_WAGE_BASE_R,Direct
PKG Procedure,PKG_GRP_LOAD_RPT_FCT_RPT_CLAIM_SUMMARY_R,PRC_GET_CUR_DATA,PKG_GRP_LOAD_RPT_FCT_RPT_CLAIM_SUMMARY_R_PRC_GET_CUR_DATA,RPT_FCT_RPT_CLAIM_SUMMARY_R,N_ENTRY_ERROR_ADJUSTED_R,FCT_RPT_CLAIM_SUMMARY_R,N_ENTRY_ERROR_ADJUSTED_R,Direct
PKG Procedure,PKG_GRP_LOAD_RPT_FCT_RPT_CLAIM_SUMMARY_R,PRC_GET_CUR_DATA,PKG_GRP_LOAD_RPT_FCT_RPT_CLAIM_SUMMARY_R_PRC_GET_CUR_DATA,RPT_FCT_RPT_CLAIM_SUMMARY_R,N_ENTRY_ERROR_COUNT_R,FCT_RPT_CLAIM_SUMMARY_R,N_ENTRY_ERROR_COUNT_R,Direct
PKG Procedure,PKG_GRP_LOAD_RPT_FCT_RPT_CLAIM_SUMMARY_R,PRC_GET_CUR_DATA,PKG_GRP_LOAD_RPT_FCT_RPT_CLAIM_SUMMARY_R_PRC_GET_CUR_DATA,RPT_FCT_RPT_CLAIM_SUMMARY_R,N_FICA_R,FCT_RPT_CLAIM_SUMMARY_R,N_FICA_R,Direct
PKG Procedure,PKG_GRP_LOAD_RPT_FCT_RPT_CLAIM_SUMMARY_R,PRC_GET_CUR_DATA,PKG_GRP_LOAD_RPT_FCT_RPT_CLAIM_SUMMARY_R_PRC_GET_CUR_DATA,RPT_FCT_RPT_CLAIM_SUMMARY_R,N_FICA_WAGE_BASE_R,FCT_RPT_CLAIM_SUMMARY_R,N_FICA_WAGE_BASE_R,Direct
PKG Procedure,PKG_GRP_LOAD_RPT_FCT_RPT_CLAIM_SUMMARY_R,PRC_GET_CUR_DATA,PKG_GRP_LOAD_RPT_FCT_RPT_CLAIM_SUMMARY_R_PRC_GET_CUR_DATA,RPT_FCT_RPT_CLAIM_SUMMARY_R,N_FIT_R,FCT_RPT_CLAIM_SUMMARY_R,N_FIT_R,Direct
PKG Procedure,PKG_GRP_LOAD_RPT_FCT_RPT_CLAIM_SUMMARY_R,PRC_GET_CUR_DATA,PKG_GRP_LOAD_RPT_FCT_RPT_CLAIM_SUMMARY_R_PRC_GET_CUR_DATA,RPT_FCT_RPT_CLAIM_SUMMARY_R,N_FUTA_R,FCT_RPT_CLAIM_SUMMARY_R,N_FUTA_R,Direct
PKG Procedure,PKG_GRP_LOAD_RPT_FCT_RPT_CLAIM_SUMMARY_R,PRC_GET_CUR_DATA,PKG_GRP_LOAD_RPT_FCT_RPT_CLAIM_SUMMARY_R_PRC_GET_CUR_DATA,RPT_FCT_RPT_CLAIM_SUMMARY_R,N_GAAP_OS_RESERVE_COUNT_R,FCT_RPT_CLAIM_SUMMARY_R,N_GAAP_OS_RESERVE_COUNT_R,Direct
PKG Procedure,PKG_GRP_LOAD_RPT_FCT_RPT_CLAIM_SUMMARY_R,PRC_GET_CUR_DATA,PKG_GRP_LOAD_RPT_FCT_RPT_CLAIM_SUMMARY_R_PRC_GET_CUR_DATA,RPT_FCT_RPT_CLAIM_SUMMARY_R,N_GAAP_WV_RESERVE_COUNT_R,FCT_RPT_CLAIM_SUMMARY_R,N_GAAP_WV_RESERVE_COUNT_R,Direct
PKG Procedure,PKG_GRP_LOAD_RPT_FCT_RPT_CLAIM_SUMMARY_R,PRC_GET_CUR_DATA,PKG_GRP_LOAD_RPT_FCT_RPT_CLAIM_SUMMARY_R_PRC_GET_CUR_DATA,RPT_FCT_RPT_CLAIM_SUMMARY_R,N_INITIAL_APPROVAL_RATE_R,FCT_RPT_CLAIM_SUMMARY_R,N_INITIAL_APPROVAL_RATE_R,Direct
PKG Procedure,PKG_GRP_LOAD_RPT_FCT_RPT_CLAIM_SUMMARY_R,PRC_GET_CUR_DATA,PKG_GRP_LOAD_RPT_FCT_RPT_CLAIM_SUMMARY_R_PRC_GET_CUR_DATA,RPT_FCT_RPT_CLAIM_SUMMARY_R,N_INITIAL_CLOSURE_R,FCT_RPT_CLAIM_SUMMARY_R,N_INITIAL_CLOSURE_R,Direct
PKG Procedure,PKG_GRP_LOAD_RPT_FCT_RPT_CLAIM_SUMMARY_R,PRC_GET_CUR_DATA,PKG_GRP_LOAD_RPT_FCT_RPT_CLAIM_SUMMARY_R_PRC_GET_CUR_DATA,RPT_FCT_RPT_CLAIM_SUMMARY_R,N_INITIAL_CLOSURE_RATE_R,FCT_RPT_CLAIM_SUMMARY_R,N_INITIAL_CLOSURE_RATE_R,Direct
PKG Procedure,PKG_GRP_LOAD_RPT_FCT_RPT_CLAIM_SUMMARY_R,PRC_GET_CUR_DATA,PKG_GRP_LOAD_RPT_FCT_RPT_CLAIM_SUMMARY_R_PRC_GET_CUR_DATA,RPT_FCT_RPT_CLAIM_SUMMARY_R,N_INIT_APPROVAL_RT_CLINICAL_R,FCT_RPT_CLAIM_SUMMARY_R,N_INIT_APPROVAL_RT_CLINICAL_R,Direct
PKG Procedure,PKG_GRP_LOAD_RPT_FCT_RPT_CLAIM_SUMMARY_R,PRC_GET_CUR_DATA,PKG_GRP_LOAD_RPT_FCT_RPT_CLAIM_SUMMARY_R_PRC_GET_CUR_DATA,RPT_FCT_RPT_CLAIM_SUMMARY_R,N_INIT_APP_RT_WO_CLINICAL_R,FCT_RPT_CLAIM_SUMMARY_R,N_INIT_APP_RT_WO_CLINICAL_R,Direct
PKG Procedure,PKG_GRP_LOAD_RPT_FCT_RPT_CLAIM_SUMMARY_R,PRC_GET_CUR_DATA,PKG_GRP_LOAD_RPT_FCT_RPT_CLAIM_SUMMARY_R_PRC_GET_CUR_DATA,RPT_FCT_RPT_CLAIM_SUMMARY_R,N_INIT_AVG_CLM_DECISION_DAYS_R,FCT_RPT_CLAIM_SUMMARY_R,N_INIT_AVG_CLM_DECISION_DAYS_R,Direct
PKG Procedure,PKG_GRP_LOAD_RPT_FCT_RPT_CLAIM_SUMMARY_R,PRC_GET_CUR_DATA,PKG_GRP_LOAD_RPT_FCT_RPT_CLAIM_SUMMARY_R_PRC_GET_CUR_DATA,RPT_FCT_RPT_CLAIM_SUMMARY_R,N_INIT_CLM_DECISION_DAYS_R,FCT_RPT_CLAIM_SUMMARY_R,N_INIT_CLM_DECISION_DAYS_R,Direct
PKG Procedure,PKG_GRP_LOAD_RPT_FCT_RPT_CLAIM_SUMMARY_R,PRC_GET_CUR_DATA,PKG_GRP_LOAD_RPT_FCT_RPT_CLAIM_SUMMARY_R_PRC_GET_CUR_DATA,RPT_FCT_RPT_CLAIM_SUMMARY_R,N_INSRD_PARTY_SK_R,,,Constant / Expression
PKG Procedure,PKG_GRP_LOAD_RPT_FCT_RPT_CLAIM_SUMMARY_R,PRC_GET_CUR_DATA,PKG_GRP_LOAD_RPT_FCT_RPT_CLAIM_SUMMARY_R_PRC_GET_CUR_DATA,RPT_FCT_RPT_CLAIM_SUMMARY_R,N_INSRD_PARTY_SK_R,rpt_claim_sum_r,N_INSRD_PARTY_SK_R,N_INSRD_PARTY_SK_R -> MAX
PKG Procedure,PKG_GRP_LOAD_RPT_FCT_RPT_CLAIM_SUMMARY_R,PRC_GET_CUR_DATA,PKG_GRP_LOAD_RPT_FCT_RPT_CLAIM_SUMMARY_R_PRC_GET_CUR_DATA,RPT_FCT_RPT_CLAIM_SUMMARY_R,N_LOAD_RUN_ID_R,FCT_RPT_CLAIM_SUMMARY_R,N_LOAD_RUN_ID_R,Direct
PKG Procedure,PKG_GRP_LOAD_RPT_FCT_RPT_CLAIM_SUMMARY_R,PRC_GET_CUR_DATA,PKG_GRP_LOAD_RPT_FCT_RPT_CLAIM_SUMMARY_R_PRC_GET_CUR_DATA,RPT_FCT_RPT_CLAIM_SUMMARY_R,N_LOSS_PAYMENT_CEDED_AMT_R,FCT_RPT_CLAIM_SUMMARY_R,N_LOSS_PAYMENT_CEDED_AMT_R,Direct
PKG Procedure,PKG_GRP_LOAD_RPT_FCT_RPT_CLAIM_SUMMARY_R,PRC_GET_CUR_DATA,PKG_GRP_LOAD_RPT_FCT_RPT_CLAIM_SUMMARY_R_PRC_GET_CUR_DATA,RPT_FCT_RPT_CLAIM_SUMMARY_R,N_LOSS_PAYMENT_DIRECT_AMT_R,FCT_RPT_CLAIM_SUMMARY_R,N_LOSS_PAYMENT_DIRECT_AMT_R,Direct
PKG Procedure,PKG_GRP_LOAD_RPT_FCT_RPT_CLAIM_SUMMARY_R,PRC_GET_CUR_DATA,PKG_GRP_LOAD_RPT_FCT_RPT_CLAIM_SUMMARY_R_PRC_GET_CUR_DATA,RPT_FCT_RPT_CLAIM_SUMMARY_R,N_LOSS_PAYMENT_NET_AMT_R,FCT_RPT_CLAIM_SUMMARY_R,N_LOSS_PAYMENT_NET_AMT_R,Direct
PKG Procedure,PKG_GRP_LOAD_RPT_FCT_RPT_CLAIM_SUMMARY_R,PRC_GET_CUR_DATA,PKG_GRP_LOAD_RPT_FCT_RPT_CLAIM_SUMMARY_R_PRC_GET_CUR_DATA,RPT_FCT_RPT_CLAIM_SUMMARY_R,N_LTD_APPROVED_CLMS_ANY_OCC_R,FCT_RPT_CLAIM_SUMMARY_R,N_LTD_APPROVED_CLMS_ANY_OCC_R,Direct
PKG Procedure,PKG_GRP_LOAD_RPT_FCT_RPT_CLAIM_SUMMARY_R,PRC_GET_CUR_DATA,PKG_GRP_LOAD_RPT_FCT_RPT_CLAIM_SUMMARY_R_PRC_GET_CUR_DATA,RPT_FCT_RPT_CLAIM_SUMMARY_R,N_LTD_APPROVED_CLMS_OWN_OCC_R,FCT_RPT_CLAIM_SUMMARY_R,N_LTD_APPROVED_CLMS_OWN_OCC_R,Direct
PKG Procedure,PKG_GRP_LOAD_RPT_FCT_RPT_CLAIM_SUMMARY_R,PRC_GET_CUR_DATA,PKG_GRP_LOAD_RPT_FCT_RPT_CLAIM_SUMMARY_R_PRC_GET_CUR_DATA,RPT_FCT_RPT_CLAIM_SUMMARY_R,N_LTD_APPROVED_PAS_CLAIMS_R,FCT_RPT_CLAIM_SUMMARY_R,N_LTD_APPROVED_PAS_CLAIMS_R,Direct
PKG Procedure,PKG_GRP_LOAD_RPT_FCT_RPT_CLAIM_SUMMARY_R,PRC_GET_CUR_DATA,PKG_GRP_LOAD_RPT_FCT_RPT_CLAIM_SUMMARY_R_PRC_GET_CUR_DATA,RPT_FCT_RPT_CLAIM_SUMMARY_R,N_LTD_APPRVED_OWNOCC_FULLDUR_R,FCT_RPT_CLAIM_SUMMARY_R,N_LTD_APPRVED_OWNOCC_FULLDUR_R,Direct
PKG Procedure,PKG_GRP_LOAD_RPT_FCT_RPT_CLAIM_SUMMARY_R,PRC_GET_CUR_DATA,PKG_GRP_LOAD_RPT_FCT_RPT_CLAIM_SUMMARY_R_PRC_GET_CUR_DATA,RPT_FCT_RPT_CLAIM_SUMMARY_R,N_LTD_CLAIM_SETTLEMENT_RATE_R,FCT_RPT_CLAIM_SUMMARY_R,N_LTD_CLAIM_SETTLEMENT_RATE_R,Direct
PKG Procedure,PKG_GRP_LOAD_RPT_FCT_RPT_CLAIM_SUMMARY_R,PRC_GET_CUR_DATA,PKG_GRP_LOAD_RPT_FCT_RPT_CLAIM_SUMMARY_R_PRC_GET_CUR_DATA,RPT_FCT_RPT_CLAIM_SUMMARY_R,N_MEDICARE_TAX_R,FCT_RPT_CLAIM_SUMMARY_R,N_MEDICARE_TAX_R,Direct
PKG Procedure,PKG_GRP_LOAD_RPT_FCT_RPT_CLAIM_SUMMARY_R,PRC_GET_CUR_DATA,PKG_GRP_LOAD_RPT_FCT_RPT_CLAIM_SUMMARY_R_PRC_GET_CUR_DATA,RPT_FCT_RPT_CLAIM_SUMMARY_R,N_MEDICARE_WAGE_BASE_R,FCT_RPT_CLAIM_SUMMARY_R,N_MEDICARE_WAGE_BASE_R,Direct
PKG Procedure,PKG_GRP_LOAD_RPT_FCT_RPT_CLAIM_SUMMARY_R,PRC_GET_CUR_DATA,PKG_GRP_LOAD_RPT_FCT_RPT_CLAIM_SUMMARY_R_PRC_GET_CUR_DATA,RPT_FCT_RPT_CLAIM_SUMMARY_R,N_NEW_APPEAL_RECEIPTS_R,FCT_RPT_CLAIM_SUMMARY_R,N_NEW_APPEAL_RECEIPTS_R,Direct
PKG Procedure,PKG_GRP_LOAD_RPT_FCT_RPT_CLAIM_SUMMARY_R,PRC_GET_CUR_DATA,PKG_GRP_LOAD_RPT_FCT_RPT_CLAIM_SUMMARY_R_PRC_GET_CUR_DATA,RPT_FCT_RPT_CLAIM_SUMMARY_R,N_NEW_CLAIM_COUNT_ADJUSTED_R,FCT_RPT_CLAIM_SUMMARY_R,N_NEW_CLAIM_COUNT_ADJUSTED_R,Direct
PKG Procedure,PKG_GRP_LOAD_RPT_FCT_RPT_CLAIM_SUMMARY_R,PRC_GET_CUR_DATA,PKG_GRP_LOAD_RPT_FCT_RPT_CLAIM_SUMMARY_R_PRC_GET_CUR_DATA,RPT_FCT_RPT_CLAIM_SUMMARY_R,N_NEW_CLAIM_ERROR_R,FCT_RPT_CLAIM_SUMMARY_R,N_NEW_CLAIM_ERROR_R,Direct
PKG Procedure,PKG_GRP_LOAD_RPT_FCT_RPT_CLAIM_SUMMARY_R,PRC_GET_CUR_DATA,PKG_GRP_LOAD_RPT_FCT_RPT_CLAIM_SUMMARY_R_PRC_GET_CUR_DATA,RPT_FCT_RPT_CLAIM_SUMMARY_R,N_NEW_CLAIM_RECEIPTS_R,FCT_RPT_CLAIM_SUMMARY_R,N_NEW_CLAIM_RECEIPTS_R,Direct
PKG Procedure,PKG_GRP_LOAD_RPT_FCT_RPT_CLAIM_SUMMARY_R,PRC_GET_CUR_DATA,PKG_GRP_LOAD_RPT_FCT_RPT_CLAIM_SUMMARY_R_PRC_GET_CUR_DATA,RPT_FCT_RPT_CLAIM_SUMMARY_R,N_NONSS_REPRESENTED_CLAIMS_R,FCT_RPT_CLAIM_SUMMARY_R,N_NONSS_REPRESENTED_CLAIMS_R,Direct
PKG Procedure,PKG_GRP_LOAD_RPT_FCT_RPT_CLAIM_SUMMARY_R,PRC_GET_CUR_DATA,PKG_GRP_LOAD_RPT_FCT_RPT_CLAIM_SUMMARY_R_PRC_GET_CUR_DATA,RPT_FCT_RPT_CLAIM_SUMMARY_R,N_NON_TAXABLE_BENEFITS_R,FCT_RPT_CLAIM_SUMMARY_R,N_NON_TAXABLE_BENEFITS_R,Direct
PKG Procedure,PKG_GRP_LOAD_RPT_FCT_RPT_CLAIM_SUMMARY_R,PRC_GET_CUR_DATA,PKG_GRP_LOAD_RPT_FCT_RPT_CLAIM_SUMMARY_R_PRC_GET_CUR_DATA,RPT_FCT_RPT_CLAIM_SUMMARY_R,N_NO_OF_CHECKS_R,FCT_RPT_CLAIM_SUMMARY_R,N_NO_OF_CHECKS_R,Direct
PKG Procedure,PKG_GRP_LOAD_RPT_FCT_RPT_CLAIM_SUMMARY_R,PRC_GET_CUR_DATA,PKG_GRP_LOAD_RPT_FCT_RPT_CLAIM_SUMMARY_R_PRC_GET_CUR_DATA,RPT_FCT_RPT_CLAIM_SUMMARY_R,N_NO_OF_EXTENSIONS_PER_CLAIM_R,FCT_RPT_CLAIM_SUMMARY_R,N_NO_OF_EXTENSIONS_PER_CLAIM_R,Direct
PKG Procedure,PKG_GRP_LOAD_RPT_FCT_RPT_CLAIM_SUMMARY_R,PRC_GET_CUR_DATA,PKG_GRP_LOAD_RPT_FCT_RPT_CLAIM_SUMMARY_R_PRC_GET_CUR_DATA,RPT_FCT_RPT_CLAIM_SUMMARY_R,N_NO_OF_PAYMENTS_R,FCT_RPT_CLAIM_SUMMARY_R,N_NO_OF_PAYMENTS_R,Direct
PKG Procedure,PKG_GRP_LOAD_RPT_FCT_RPT_CLAIM_SUMMARY_R,PRC_GET_CUR_DATA,PKG_GRP_LOAD_RPT_FCT_RPT_CLAIM_SUMMARY_R_PRC_GET_CUR_DATA,RPT_FCT_RPT_CLAIM_SUMMARY_R,N_NO_OF_VOCATIONAL_TOUCHES_R,FCT_RPT_CLAIM_SUMMARY_R,N_NO_OF_VOCATIONAL_TOUCHES_R,Direct
PKG Procedure,PKG_GRP_LOAD_RPT_FCT_RPT_CLAIM_SUMMARY_R,PRC_GET_CUR_DATA,PKG_GRP_LOAD_RPT_FCT_RPT_CLAIM_SUMMARY_R_PRC_GET_CUR_DATA,RPT_FCT_RPT_CLAIM_SUMMARY_R,N_NO_OF_VOID_CHECKS_R,FCT_RPT_CLAIM_SUMMARY_R,N_NO_OF_VOID_CHECKS_R,Direct
PKG Procedure,PKG_GRP_LOAD_RPT_FCT_RPT_CLAIM_SUMMARY_R,PRC_GET_CUR_DATA,PKG_GRP_LOAD_RPT_FCT_RPT_CLAIM_SUMMARY_R_PRC_GET_CUR_DATA,RPT_FCT_RPT_CLAIM_SUMMARY_R,N_NO_OF_VOID_PAYMENTS_R,FCT_RPT_CLAIM_SUMMARY_R,N_NO_OF_VOID_PAYMENTS_R,Direct
PKG Procedure,PKG_GRP_LOAD_RPT_FCT_RPT_CLAIM_SUMMARY_R,PRC_GET_CUR_DATA,PKG_GRP_LOAD_RPT_FCT_RPT_CLAIM_SUMMARY_R_PRC_GET_CUR_DATA,RPT_FCT_RPT_CLAIM_SUMMARY_R,N_ORIGINAL_FACE_AMOUNT_R,,,Constant / Expression
PKG Procedure,PKG_GRP_LOAD_RPT_FCT_RPT_CLAIM_SUMMARY_R,PRC_GET_CUR_DATA,PKG_GRP_LOAD_RPT_FCT_RPT_CLAIM_SUMMARY_R_PRC_GET_CUR_DATA,RPT_FCT_RPT_CLAIM_SUMMARY_R,N_OVERPAYMENTS_RECOVERED_R,FCT_RPT_CLAIM_SUMMARY_R,N_OVERPAYMENTS_RECOVERED_R,Direct
PKG Procedure,PKG_GRP_LOAD_RPT_FCT_RPT_CLAIM_SUMMARY_R,PRC_GET_CUR_DATA,PKG_GRP_LOAD_RPT_FCT_RPT_CLAIM_SUMMARY_R_PRC_GET_CUR_DATA,RPT_FCT_RPT_CLAIM_SUMMARY_R,N_OVERPAYMENT_BALANCE_R,FCT_RPT_CLAIM_SUMMARY_R,N_OVERPAYMENT_BALANCE_R,Direct
PKG Procedure,PKG_GRP_LOAD_RPT_FCT_RPT_CLAIM_SUMMARY_R,PRC_GET_CUR_DATA,PKG_GRP_LOAD_RPT_FCT_RPT_CLAIM_SUMMARY_R_PRC_GET_CUR_DATA,RPT_FCT_RPT_CLAIM_SUMMARY_R,N_OVERPAYMENT_RECOV_SUCCESS_R,FCT_RPT_CLAIM_SUMMARY_R,N_OVERPAYMENT_RECOV_SUCCESS_R,Direct
PKG Procedure,PKG_GRP_LOAD_RPT_FCT_RPT_CLAIM_SUMMARY_R,PRC_GET_CUR_DATA,PKG_GRP_LOAD_RPT_FCT_RPT_CLAIM_SUMMARY_R_PRC_GET_CUR_DATA,RPT_FCT_RPT_CLAIM_SUMMARY_R,N_PARTIAL_RTW_W_ACCOMODATION_R,FCT_RPT_CLAIM_SUMMARY_R,N_PARTIAL_RTW_W_ACCOMODATION_R,Direct
PKG Procedure,PKG_GRP_LOAD_RPT_FCT_RPT_CLAIM_SUMMARY_R,PRC_GET_CUR_DATA,PKG_GRP_LOAD_RPT_FCT_RPT_CLAIM_SUMMARY_R_PRC_GET_CUR_DATA,RPT_FCT_RPT_CLAIM_SUMMARY_R,N_PARTY_SK_R,FCT_RPT_CLAIM_SUMMARY_R,N_PARTY_SK_R,Direct
PKG Procedure,PKG_GRP_LOAD_RPT_FCT_RPT_CLAIM_SUMMARY_R,PRC_GET_CUR_DATA,PKG_GRP_LOAD_RPT_FCT_RPT_CLAIM_SUMMARY_R_PRC_GET_CUR_DATA,RPT_FCT_RPT_CLAIM_SUMMARY_R,N_PARTY_SK_R,rpt_claim_sum_r,N_cuST_PARTY_SK_R,N_PARTY_SK_R -> MAX
PKG Procedure,PKG_GRP_LOAD_RPT_FCT_RPT_CLAIM_SUMMARY_R,PRC_GET_CUR_DATA,PKG_GRP_LOAD_RPT_FCT_RPT_CLAIM_SUMMARY_R_PRC_GET_CUR_DATA,RPT_FCT_RPT_CLAIM_SUMMARY_R,N_PART_TIME_RTW_CLAIMS_R,FCT_RPT_CLAIM_SUMMARY_R,N_PART_TIME_RTW_CLAIMS_R,Direct
PKG Procedure,PKG_GRP_LOAD_RPT_FCT_RPT_CLAIM_SUMMARY_R,PRC_GET_CUR_DATA,PKG_GRP_LOAD_RPT_FCT_RPT_CLAIM_SUMMARY_R_PRC_GET_CUR_DATA,RPT_FCT_RPT_CLAIM_SUMMARY_R,N_PAS_ACCEPTANCE_RATE_STAT35_R,FCT_RPT_CLAIM_SUMMARY_R,N_PAS_ACCEPTANCE_RATE_STAT35_R,Direct
PKG Procedure,PKG_GRP_LOAD_RPT_FCT_RPT_CLAIM_SUMMARY_R,PRC_GET_CUR_DATA,PKG_GRP_LOAD_RPT_FCT_RPT_CLAIM_SUMMARY_R_PRC_GET_CUR_DATA,RPT_FCT_RPT_CLAIM_SUMMARY_R,N_PAYMENT_CEDED_AMT_R,FCT_RPT_CLAIM_SUMMARY_R,N_PAYMENT_CEDED_AMT_R,Direct
PKG Procedure,PKG_GRP_LOAD_RPT_FCT_RPT_CLAIM_SUMMARY_R,PRC_GET_CUR_DATA,PKG_GRP_LOAD_RPT_FCT_RPT_CLAIM_SUMMARY_R_PRC_GET_CUR_DATA,RPT_FCT_RPT_CLAIM_SUMMARY_R,N_PAYMENT_DIRECT_AMT_R,FCT_RPT_CLAIM_SUMMARY_R,N_PAYMENT_DIRECT_AMT_R,Direct
PKG Procedure,PKG_GRP_LOAD_RPT_FCT_RPT_CLAIM_SUMMARY_R,PRC_GET_CUR_DATA,PKG_GRP_LOAD_RPT_FCT_RPT_CLAIM_SUMMARY_R_PRC_GET_CUR_DATA,RPT_FCT_RPT_CLAIM_SUMMARY_R,N_PAYMENT_NET_AMT_R,FCT_RPT_CLAIM_SUMMARY_R,N_PAYMENT_NET_AMT_R,Direct
PKG Procedure,PKG_GRP_LOAD_RPT_FCT_RPT_CLAIM_SUMMARY_R,PRC_GET_CUR_DATA,PKG_GRP_LOAD_RPT_FCT_RPT_CLAIM_SUMMARY_R_PRC_GET_CUR_DATA,RPT_FCT_RPT_CLAIM_SUMMARY_R,N_PAYMENT_NONTAXABLE_BEN_R,FCT_RPT_CLAIM_SUMMARY_R,N_PAYMENT_NONTAXABLE_BEN_R,Direct
PKG Procedure,PKG_GRP_LOAD_RPT_FCT_RPT_CLAIM_SUMMARY_R,PRC_GET_CUR_DATA,PKG_GRP_LOAD_RPT_FCT_RPT_CLAIM_SUMMARY_R_PRC_GET_CUR_DATA,RPT_FCT_RPT_CLAIM_SUMMARY_R,N_PAYMENT_TAXABLE_BENEFITS_R,FCT_RPT_CLAIM_SUMMARY_R,N_PAYMENT_TAXABLE_BENEFITS_R,Direct
PKG Procedure,PKG_GRP_LOAD_RPT_FCT_RPT_CLAIM_SUMMARY_R,PRC_GET_CUR_DATA,PKG_GRP_LOAD_RPT_FCT_RPT_CLAIM_SUMMARY_R_PRC_GET_CUR_DATA,RPT_FCT_RPT_CLAIM_SUMMARY_R,N_PENDING_CLAIM_COUNT_R,FCT_RPT_CLAIM_SUMMARY_R,N_PENDING_CLAIM_COUNT_R,Direct
PKG Procedure,PKG_GRP_LOAD_RPT_FCT_RPT_CLAIM_SUMMARY_R,PRC_GET_CUR_DATA,PKG_GRP_LOAD_RPT_FCT_RPT_CLAIM_SUMMARY_R_PRC_GET_CUR_DATA,RPT_FCT_RPT_CLAIM_SUMMARY_R,N_PENSION_CLAIMS_NO_OFFSET_R,FCT_RPT_CLAIM_SUMMARY_R,N_PENSION_CLAIMS_NO_OFFSET_R,Direct
PKG Procedure,PKG_GRP_LOAD_RPT_FCT_RPT_CLAIM_SUMMARY_R,PRC_GET_CUR_DATA,PKG_GRP_LOAD_RPT_FCT_RPT_CLAIM_SUMMARY_R_PRC_GET_CUR_DATA,RPT_FCT_RPT_CLAIM_SUMMARY_R,N_PENSION_ELIGIBLE_CLAIMS_R,FCT_RPT_CLAIM_SUMMARY_R,N_PENSION_ELIGIBLE_CLAIMS_R,Direct
PKG Procedure,PKG_GRP_LOAD_RPT_FCT_RPT_CLAIM_SUMMARY_R,PRC_GET_CUR_DATA,PKG_GRP_LOAD_RPT_FCT_RPT_CLAIM_SUMMARY_R_PRC_GET_CUR_DATA,RPT_FCT_RPT_CLAIM_SUMMARY_R,N_POLICY_SK_R,FCT_RPT_CLAIM_SUMMARY_R,N_POLICY_SK_R,Direct
PKG Procedure,PKG_GRP_LOAD_RPT_FCT_RPT_CLAIM_SUMMARY_R,PRC_GET_CUR_DATA,PKG_GRP_LOAD_RPT_FCT_RPT_CLAIM_SUMMARY_R_PRC_GET_CUR_DATA,RPT_FCT_RPT_CLAIM_SUMMARY_R,N_POLICY_SK_R,rpt_claim_sum_r,N_POLICY_SK_R,N_POLICY_SK_R -> MAX
PKG Procedure,PKG_GRP_LOAD_RPT_FCT_RPT_CLAIM_SUMMARY_R,PRC_GET_CUR_DATA,PKG_GRP_LOAD_RPT_FCT_RPT_CLAIM_SUMMARY_R_PRC_GET_CUR_DATA,RPT_FCT_RPT_CLAIM_SUMMARY_R,N_PRIMARY_REINS_LOSS_PCT_R,FCT_RPT_CLAIM_SUMMARY_R,N_PRIMARY_REINS_LOSS_PCT_R,Direct
PKG Procedure,PKG_GRP_LOAD_RPT_FCT_RPT_CLAIM_SUMMARY_R,PRC_GET_CUR_DATA,PKG_GRP_LOAD_RPT_FCT_RPT_CLAIM_SUMMARY_R_PRC_GET_CUR_DATA,RPT_FCT_RPT_CLAIM_SUMMARY_R,N_PRIMARY_SS_AWARDS_COUNTS_R,FCT_RPT_CLAIM_SUMMARY_R,N_PRIMARY_SS_AWARDS_COUNTS_R,Direct
PKG Procedure,PKG_GRP_LOAD_RPT_FCT_RPT_CLAIM_SUMMARY_R,PRC_GET_CUR_DATA,PKG_GRP_LOAD_RPT_FCT_RPT_CLAIM_SUMMARY_R_PRC_GET_CUR_DATA,RPT_FCT_RPT_CLAIM_SUMMARY_R,N_PRIMARY_SS_AWARDS_TOTAL_R,FCT_RPT_CLAIM_SUMMARY_R,N_PRIMARY_SS_AWARDS_TOTAL_R,Direct
PKG Procedure,PKG_GRP_LOAD_RPT_FCT_RPT_CLAIM_SUMMARY_R,PRC_GET_CUR_DATA,PKG_GRP_LOAD_RPT_FCT_RPT_CLAIM_SUMMARY_R_PRC_GET_CUR_DATA,RPT_FCT_RPT_CLAIM_SUMMARY_R,N_PRIOR_BE_DIRECT_AMT_R,FCT_RPT_CLAIM_SUMMARY_R,N_PRIOR_BE_DIRECT_AMT_R,Direct
PKG Procedure,PKG_GRP_LOAD_RPT_FCT_RPT_CLAIM_SUMMARY_R,PRC_GET_CUR_DATA,PKG_GRP_LOAD_RPT_FCT_RPT_CLAIM_SUMMARY_R_PRC_GET_CUR_DATA,RPT_FCT_RPT_CLAIM_SUMMARY_R,N_PRIOR_FIELD_RES_DIRECT_AMT_R,FCT_RPT_CLAIM_SUMMARY_R,N_PRIOR_FIELD_RES_DIRECT_AMT_R,Direct
PKG Procedure,PKG_GRP_LOAD_RPT_FCT_RPT_CLAIM_SUMMARY_R,PRC_GET_CUR_DATA,PKG_GRP_LOAD_RPT_FCT_RPT_CLAIM_SUMMARY_R_PRC_GET_CUR_DATA,RPT_FCT_RPT_CLAIM_SUMMARY_R,N_PRIOR_GAAP_RESERVE_DIRECT_R,FCT_RPT_CLAIM_SUMMARY_R,N_PRIOR_GAAP_RESERVE_DIRECT_R,Direct
PKG Procedure,PKG_GRP_LOAD_RPT_FCT_RPT_CLAIM_SUMMARY_R,PRC_GET_CUR_DATA,PKG_GRP_LOAD_RPT_FCT_RPT_CLAIM_SUMMARY_R_PRC_GET_CUR_DATA,RPT_FCT_RPT_CLAIM_SUMMARY_R,N_PRIOR_GAAP_WV_DIRECT_AMT_R,FCT_RPT_CLAIM_SUMMARY_R,N_PRIOR_GAAP_WV_DIRECT_AMT_R,Direct
PKG Procedure,PKG_GRP_LOAD_RPT_FCT_RPT_CLAIM_SUMMARY_R,PRC_GET_CUR_DATA,PKG_GRP_LOAD_RPT_FCT_RPT_CLAIM_SUMMARY_R_PRC_GET_CUR_DATA,RPT_FCT_RPT_CLAIM_SUMMARY_R,N_PRIOR_STAT_RESERVE_DIRECT_R,FCT_RPT_CLAIM_SUMMARY_R,N_PRIOR_STAT_RESERVE_DIRECT_R,Direct
PKG Procedure,PKG_GRP_LOAD_RPT_FCT_RPT_CLAIM_SUMMARY_R,PRC_GET_CUR_DATA,PKG_GRP_LOAD_RPT_FCT_RPT_CLAIM_SUMMARY_R_PRC_GET_CUR_DATA,RPT_FCT_RPT_CLAIM_SUMMARY_R,N_PRIOR_STAT_WV_DIRECT_AMT_R,FCT_RPT_CLAIM_SUMMARY_R,N_PRIOR_STAT_WV_DIRECT_AMT_R,Direct
PKG Procedure,PKG_GRP_LOAD_RPT_FCT_RPT_CLAIM_SUMMARY_R,PRC_GET_CUR_DATA,PKG_GRP_LOAD_RPT_FCT_RPT_CLAIM_SUMMARY_R_PRC_GET_CUR_DATA,RPT_FCT_RPT_CLAIM_SUMMARY_R,N_PRODUCTION_BALANCE_RATIO_R,FCT_RPT_CLAIM_SUMMARY_R,N_PRODUCTION_BALANCE_RATIO_R,Direct
PKG Procedure,PKG_GRP_LOAD_RPT_FCT_RPT_CLAIM_SUMMARY_R,PRC_GET_CUR_DATA,PKG_GRP_LOAD_RPT_FCT_RPT_CLAIM_SUMMARY_R_PRC_GET_CUR_DATA,RPT_FCT_RPT_CLAIM_SUMMARY_R,N_PRODUCT_SK_R,FCT_RPT_CLAIM_SUMMARY_R,N_PRODUCT_SK_R,Direct
PKG Procedure,PKG_GRP_LOAD_RPT_FCT_RPT_CLAIM_SUMMARY_R,PRC_GET_CUR_DATA,PKG_GRP_LOAD_RPT_FCT_RPT_CLAIM_SUMMARY_R_PRC_GET_CUR_DATA,RPT_FCT_RPT_CLAIM_SUMMARY_R,N_PRODUCT_SK_R,rpt_claim_sum_r,N_PRODUCT_SK_R,N_PRODUCT_SK_R -> max
PKG Procedure,PKG_GRP_LOAD_RPT_FCT_RPT_CLAIM_SUMMARY_R,PRC_GET_CUR_DATA,PKG_GRP_LOAD_RPT_FCT_RPT_CLAIM_SUMMARY_R_PRC_GET_CUR_DATA,RPT_FCT_RPT_CLAIM_SUMMARY_R,N_QUALITY_REVIEW_SCORE_R,FCT_RPT_CLAIM_SUMMARY_R,N_QUALITY_REVIEW_SCORE_R,Direct
PKG Procedure,PKG_GRP_LOAD_RPT_FCT_RPT_CLAIM_SUMMARY_R,PRC_GET_CUR_DATA,PKG_GRP_LOAD_RPT_FCT_RPT_CLAIM_SUMMARY_R_PRC_GET_CUR_DATA,RPT_FCT_RPT_CLAIM_SUMMARY_R,N_QUOTE_SK_R,FCT_RPT_CLAIM_SUMMARY_R,N_QUOTE_SK_R,Direct
PKG Procedure,PKG_GRP_LOAD_RPT_FCT_RPT_CLAIM_SUMMARY_R,PRC_GET_CUR_DATA,PKG_GRP_LOAD_RPT_FCT_RPT_CLAIM_SUMMARY_R_PRC_GET_CUR_DATA,RPT_FCT_RPT_CLAIM_SUMMARY_R,N_RECOMMENDED_TIER_R,STG_EIQ_OWN_OCC_R,N_RECOMMENDED_TIER_R,Direct
PKG Procedure,PKG_GRP_LOAD_RPT_FCT_RPT_CLAIM_SUMMARY_R,PRC_GET_CUR_DATA,PKG_GRP_LOAD_RPT_FCT_RPT_CLAIM_SUMMARY_R_PRC_GET_CUR_DATA,RPT_FCT_RPT_CLAIM_SUMMARY_R,N_REDIRECT_PAYMENT_CEDED_AMT_R,FCT_RPT_CLAIM_SUMMARY_R,N_REDIRECT_PAYMENT_CEDED_AMT_R,Direct
PKG Procedure,PKG_GRP_LOAD_RPT_FCT_RPT_CLAIM_SUMMARY_R,PRC_GET_CUR_DATA,PKG_GRP_LOAD_RPT_FCT_RPT_CLAIM_SUMMARY_R_PRC_GET_CUR_DATA,RPT_FCT_RPT_CLAIM_SUMMARY_R,N_REDIRECT_PAYMENT_NET_AMT_R,FCT_RPT_CLAIM_SUMMARY_R,N_REDIRECT_PAYMENT_NET_AMT_R,Direct
PKG Procedure,PKG_GRP_LOAD_RPT_FCT_RPT_CLAIM_SUMMARY_R,PRC_GET_CUR_DATA,PKG_GRP_LOAD_RPT_FCT_RPT_CLAIM_SUMMARY_R_PRC_GET_CUR_DATA,RPT_FCT_RPT_CLAIM_SUMMARY_R,N_REFERRAL_SCORE_R,STG_EIQ_CLAIM_REFERRAL_R,N_REFERRAL_SCORE_R,Direct
PKG Procedure,PKG_GRP_LOAD_RPT_FCT_RPT_CLAIM_SUMMARY_R,PRC_GET_CUR_DATA,PKG_GRP_LOAD_RPT_FCT_RPT_CLAIM_SUMMARY_R_PRC_GET_CUR_DATA,RPT_FCT_RPT_CLAIM_SUMMARY_R,N_REOPEN_CLAIM_COUNT_R,FCT_RPT_CLAIM_SUMMARY_R,N_REOPEN_CLAIM_COUNT_R,Direct
PKG Procedure,PKG_GRP_LOAD_RPT_FCT_RPT_CLAIM_SUMMARY_R,PRC_GET_CUR_DATA,PKG_GRP_LOAD_RPT_FCT_RPT_CLAIM_SUMMARY_R_PRC_GET_CUR_DATA,RPT_FCT_RPT_CLAIM_SUMMARY_R,N_REOPEN_RATE_R,FCT_RPT_CLAIM_SUMMARY_R,N_REOPEN_RATE_R,Direct
PKG Procedure,PKG_GRP_LOAD_RPT_FCT_RPT_CLAIM_SUMMARY_R,PRC_GET_CUR_DATA,PKG_GRP_LOAD_RPT_FCT_RPT_CLAIM_SUMMARY_R_PRC_GET_CUR_DATA,RPT_FCT_RPT_CLAIM_SUMMARY_R,N_RESERVE_NET_BENEFIT_R,FCT_RPT_CLAIM_SUMMARY_R,N_RESERVE_NET_BENEFIT_R,Direct
PKG Procedure,PKG_GRP_LOAD_RPT_FCT_RPT_CLAIM_SUMMARY_R,PRC_GET_CUR_DATA,PKG_GRP_LOAD_RPT_FCT_RPT_CLAIM_SUMMARY_R_PRC_GET_CUR_DATA,RPT_FCT_RPT_CLAIM_SUMMARY_R,N_SEC_REINS_LOSS_PCT_R,FCT_RPT_CLAIM_SUMMARY_R,N_SEC_REINS_LOSS_PCT_R,Direct
PKG Procedure,PKG_GRP_LOAD_RPT_FCT_RPT_CLAIM_SUMMARY_R,PRC_GET_CUR_DATA,PKG_GRP_LOAD_RPT_FCT_RPT_CLAIM_SUMMARY_R_PRC_GET_CUR_DATA,RPT_FCT_RPT_CLAIM_SUMMARY_R,N_SEGMENTATION_RESULTS_R,FCT_RPT_CLAIM_SUMMARY_R,N_SEGMENTATION_RESULTS_R,Direct
PKG Procedure,PKG_GRP_LOAD_RPT_FCT_RPT_CLAIM_SUMMARY_R,PRC_GET_CUR_DATA,PKG_GRP_LOAD_RPT_FCT_RPT_CLAIM_SUMMARY_R_PRC_GET_CUR_DATA,RPT_FCT_RPT_CLAIM_SUMMARY_R,N_SEQUENCE__R,,,Constant / Expression
PKG Procedure,PKG_GRP_LOAD_RPT_FCT_RPT_CLAIM_SUMMARY_R,PRC_GET_CUR_DATA,PKG_GRP_LOAD_RPT_FCT_RPT_CLAIM_SUMMARY_R_PRC_GET_CUR_DATA,RPT_FCT_RPT_CLAIM_SUMMARY_R,N_SETTLEMENTS_OFFERED_R,FCT_RPT_CLAIM_SUMMARY_R,N_SETTLEMENTS_OFFERED_R,Direct
PKG Procedure,PKG_GRP_LOAD_RPT_FCT_RPT_CLAIM_SUMMARY_R,PRC_GET_CUR_DATA,PKG_GRP_LOAD_RPT_FCT_RPT_CLAIM_SUMMARY_R_PRC_GET_CUR_DATA,RPT_FCT_RPT_CLAIM_SUMMARY_R,N_SETTLEMENT_OFFERS_DECLINED_R,FCT_RPT_CLAIM_SUMMARY_R,N_SETTLEMENT_OFFERS_DECLINED_R,Direct
PKG Procedure,PKG_GRP_LOAD_RPT_FCT_RPT_CLAIM_SUMMARY_R,PRC_GET_CUR_DATA,PKG_GRP_LOAD_RPT_FCT_RPT_CLAIM_SUMMARY_R_PRC_GET_CUR_DATA,RPT_FCT_RPT_CLAIM_SUMMARY_R,N_SIT_R,FCT_RPT_CLAIM_SUMMARY_R,N_SIT_R,Direct
PKG Procedure,PKG_GRP_LOAD_RPT_FCT_RPT_CLAIM_SUMMARY_R,PRC_GET_CUR_DATA,PKG_GRP_LOAD_RPT_FCT_RPT_CLAIM_SUMMARY_R_PRC_GET_CUR_DATA,RPT_FCT_RPT_CLAIM_SUMMARY_R,N_SSCOMPASSIONALLOW_APPRVALS_R,FCT_RPT_CLAIM_SUMMARY_R,N_SSCOMPASSIONALLOW_APPRVALS_R,Direct
PKG Procedure,PKG_GRP_LOAD_RPT_FCT_RPT_CLAIM_SUMMARY_R,PRC_GET_CUR_DATA,PKG_GRP_LOAD_RPT_FCT_RPT_CLAIM_SUMMARY_R_PRC_GET_CUR_DATA,RPT_FCT_RPT_CLAIM_SUMMARY_R,N_SS_CLAIMS_BY_APPEAL_LEVEL_R,FCT_RPT_CLAIM_SUMMARY_R,N_SS_CLAIMS_BY_APPEAL_LEVEL_R,Direct
PKG Procedure,PKG_GRP_LOAD_RPT_FCT_RPT_CLAIM_SUMMARY_R,PRC_GET_CUR_DATA,PKG_GRP_LOAD_RPT_FCT_RPT_CLAIM_SUMMARY_R_PRC_GET_CUR_DATA,RPT_FCT_RPT_CLAIM_SUMMARY_R,N_SS_VENDOR_AWARD_RATE_R,FCT_RPT_CLAIM_SUMMARY_R,N_SS_VENDOR_AWARD_RATE_R,Direct
PKG Procedure,PKG_GRP_LOAD_RPT_FCT_RPT_CLAIM_SUMMARY_R,PRC_GET_CUR_DATA,PKG_GRP_LOAD_RPT_FCT_RPT_CLAIM_SUMMARY_R_PRC_GET_CUR_DATA,RPT_FCT_RPT_CLAIM_SUMMARY_R,N_SS_VENDOR_PLACEMENT_RATE_R,FCT_RPT_CLAIM_SUMMARY_R,N_SS_VENDOR_PLACEMENT_RATE_R,Direct
PKG Procedure,PKG_GRP_LOAD_RPT_FCT_RPT_CLAIM_SUMMARY_R,PRC_GET_CUR_DATA,PKG_GRP_LOAD_RPT_FCT_RPT_CLAIM_SUMMARY_R_PRC_GET_CUR_DATA,RPT_FCT_RPT_CLAIM_SUMMARY_R,N_STAT_OS_RESERVE_COUNT_R,FCT_RPT_CLAIM_SUMMARY_R,N_STAT_OS_RESERVE_COUNT_R,Direct
PKG Procedure,PKG_GRP_LOAD_RPT_FCT_RPT_CLAIM_SUMMARY_R,PRC_GET_CUR_DATA,PKG_GRP_LOAD_RPT_FCT_RPT_CLAIM_SUMMARY_R_PRC_GET_CUR_DATA,RPT_FCT_RPT_CLAIM_SUMMARY_R,N_STAT_WV_RESERVE_COUNT_R,FCT_RPT_CLAIM_SUMMARY_R,N_STAT_WV_RESERVE_COUNT_R,Direct
PKG Procedure,PKG_GRP_LOAD_RPT_FCT_RPT_CLAIM_SUMMARY_R,PRC_GET_CUR_DATA,PKG_GRP_LOAD_RPT_FCT_RPT_CLAIM_SUMMARY_R_PRC_GET_CUR_DATA,RPT_FCT_RPT_CLAIM_SUMMARY_R,N_TAXABLE_BENEFITS_R,FCT_RPT_CLAIM_SUMMARY_R,N_TAXABLE_BENEFITS_R,Direct
PKG Procedure,PKG_GRP_LOAD_RPT_FCT_RPT_CLAIM_SUMMARY_R,PRC_GET_CUR_DATA,PKG_GRP_LOAD_RPT_FCT_RPT_CLAIM_SUMMARY_R_PRC_GET_CUR_DATA,RPT_FCT_RPT_CLAIM_SUMMARY_R,N_TERNARY_REINS_LOSS_PCT_R,FCT_RPT_CLAIM_SUMMARY_R,N_TERNARY_REINS_LOSS_PCT_R,Direct
PKG Procedure,PKG_GRP_LOAD_RPT_FCT_RPT_CLAIM_SUMMARY_R,PRC_GET_CUR_DATA,PKG_GRP_LOAD_RPT_FCT_RPT_CLAIM_SUMMARY_R_PRC_GET_CUR_DATA,RPT_FCT_RPT_CLAIM_SUMMARY_R,N_TOTAL_CLAIM_COUNT_R,FCT_RPT_CLAIM_SUMMARY_R,N_TOTAL_CLAIM_COUNT_R,Direct
PKG Procedure,PKG_GRP_LOAD_RPT_FCT_RPT_CLAIM_SUMMARY_R,PRC_GET_CUR_DATA,PKG_GRP_LOAD_RPT_FCT_RPT_CLAIM_SUMMARY_R_PRC_GET_CUR_DATA,RPT_FCT_RPT_CLAIM_SUMMARY_R,N_TOTAL_REINS_LOSS_PCT_R,FCT_RPT_CLAIM_SUMMARY_R,N_TOTAL_REINS_LOSS_PCT_R,Direct
PKG Procedure,PKG_GRP_LOAD_RPT_FCT_RPT_CLAIM_SUMMARY_R,PRC_GET_CUR_DATA,PKG_GRP_LOAD_RPT_FCT_RPT_CLAIM_SUMMARY_R_PRC_GET_CUR_DATA,RPT_FCT_RPT_CLAIM_SUMMARY_R,N_VERSION__R,,,Constant / Expression
PKG Procedure,PKG_GRP_LOAD_RPT_FCT_RPT_CLAIM_SUMMARY_R,PRC_GET_CUR_DATA,PKG_GRP_LOAD_RPT_FCT_RPT_CLAIM_SUMMARY_R_PRC_GET_CUR_DATA,RPT_FCT_RPT_CLAIM_SUMMARY_R,N_WAGE_BASE_R,FCT_RPT_CLAIM_SUMMARY_R,N_WAGE_BASE_R,Direct
PKG Procedure,PKG_GRP_LOAD_RPT_FCT_RPT_CLAIM_SUMMARY_R,PRC_GET_CUR_DATA,PKG_GRP_LOAD_RPT_FCT_RPT_CLAIM_SUMMARY_R_PRC_GET_CUR_DATA,RPT_FCT_RPT_CLAIM_SUMMARY_R,N_YEARMONTH_R,,,Constant / Expression
PKG Procedure,PKG_GRP_LOAD_RPT_FCT_RPT_CLAIM_SUMMARY_R,PRC_GET_CUR_DATA,PKG_GRP_LOAD_RPT_FCT_RPT_CLAIM_SUMMARY_R_PRC_GET_CUR_DATA,RPT_FCT_RPT_CLAIM_SUMMARY_R,N__OF_CLINICAL_TOUCHES_R,,,Constant / Expression
PKG Procedure,PKG_GRP_LOAD_RPT_FCT_RPT_CLAIM_SUMMARY_R,PRC_GET_CUR_DATA,PKG_GRP_LOAD_RPT_FCT_RPT_CLAIM_SUMMARY_R_PRC_GET_CUR_DATA,RPT_FCT_RPT_CLAIM_SUMMARY_R,T_CREATION_DATE_R,,,Constant / Expression
PKG Procedure,PKG_GRP_LOAD_RPT_FCT_RPT_CLAIM_SUMMARY_R,PRC_GET_CUR_DATA,PKG_GRP_LOAD_RPT_FCT_RPT_CLAIM_SUMMARY_R_PRC_GET_CUR_DATA,RPT_FCT_RPT_CLAIM_SUMMARY_R,T_EVENT_TIMESTAMP_R,FCT_RPT_CLAIM_SUMMARY_R,T_EVENT_TIMESTAMP_R,Direct
PKG Procedure,PKG_GRP_LOAD_RPT_FCT_RPT_CLAIM_SUMMARY_R,PRC_GET_CUR_DATA,PKG_GRP_LOAD_RPT_FCT_RPT_CLAIM_SUMMARY_R_PRC_GET_CUR_DATA,RPT_FCT_RPT_CLAIM_SUMMARY_R,T_LAST_MODIFIED_DATE_R,,,Constant / Expression
PKG Procedure,PKG_GRP_LOAD_RPT_FCT_RPT_CLAIM_SUMMARY_R,PRC_GET_CUR_DATA,PKG_GRP_LOAD_RPT_FCT_RPT_CLAIM_SUMMARY_R_PRC_GET_CUR_DATA,RPT_FCT_RPT_CLAIM_SUMMARY_R,V_ACCOMMODATIONS_NEEDED_R,FCT_RPT_CLAIM_SUMMARY_R,V_ACCOMMODATIONS_NEEDED_R,Direct
PKG Procedure,PKG_GRP_LOAD_RPT_FCT_RPT_CLAIM_SUMMARY_R,PRC_GET_CUR_DATA,PKG_GRP_LOAD_RPT_FCT_RPT_CLAIM_SUMMARY_R_PRC_GET_CUR_DATA,RPT_FCT_RPT_CLAIM_SUMMARY_R,V_CHANGE_REASON_R,FCT_RPT_CLAIM_SUMMARY_R,V_CHANGE_REASON_R,Direct
PKG Procedure,PKG_GRP_LOAD_RPT_FCT_RPT_CLAIM_SUMMARY_R,PRC_GET_CUR_DATA,PKG_GRP_LOAD_RPT_FCT_RPT_CLAIM_SUMMARY_R_PRC_GET_CUR_DATA,RPT_FCT_RPT_CLAIM_SUMMARY_R,V_CLAIM_ACTIVITY_DETAIL_R,FCT_RPT_CLAIM_SUMMARY_R,V_CLAIM_ACTIVITY_DETAIL_R,Direct
PKG Procedure,PKG_GRP_LOAD_RPT_FCT_RPT_CLAIM_SUMMARY_R,PRC_GET_CUR_DATA,PKG_GRP_LOAD_RPT_FCT_RPT_CLAIM_SUMMARY_R_PRC_GET_CUR_DATA,RPT_FCT_RPT_CLAIM_SUMMARY_R,V_CLAIM_ACTIVITY_GROUP_R,FCT_RPT_CLAIM_SUMMARY_R,V_CLAIM_ACTIVITY_GROUP_R,Direct
PKG Procedure,PKG_GRP_LOAD_RPT_FCT_RPT_CLAIM_SUMMARY_R,PRC_GET_CUR_DATA,PKG_GRP_LOAD_RPT_FCT_RPT_CLAIM_SUMMARY_R_PRC_GET_CUR_DATA,RPT_FCT_RPT_CLAIM_SUMMARY_R,V_CLAIM_ACTIVITY_TYPE_R,FCT_RPT_CLAIM_SUMMARY_R,V_CLAIM_ACTIVITY_TYPE_R,Direct
PKG Procedure,PKG_GRP_LOAD_RPT_FCT_RPT_CLAIM_SUMMARY_R,PRC_GET_CUR_DATA,PKG_GRP_LOAD_RPT_FCT_RPT_CLAIM_SUMMARY_R_PRC_GET_CUR_DATA,RPT_FCT_RPT_CLAIM_SUMMARY_R,V_CLAIM_COVERAGE_CODE_R,FCT_RPT_CLAIM_SUMMARY_R,V_CLAIM_COVERAGE_CODE_R,Direct
PKG Procedure,PKG_GRP_LOAD_RPT_FCT_RPT_CLAIM_SUMMARY_R,PRC_GET_CUR_DATA,PKG_GRP_LOAD_RPT_FCT_RPT_CLAIM_SUMMARY_R_PRC_GET_CUR_DATA,RPT_FCT_RPT_CLAIM_SUMMARY_R,V_CLAIM_DECISION_IND_R,FCT_RPT_CLAIM_SUMMARY_R,V_CLAIM_DECISION_IND_R,Direct
PKG Procedure,PKG_GRP_LOAD_RPT_FCT_RPT_CLAIM_SUMMARY_R,PRC_GET_CUR_DATA,PKG_GRP_LOAD_RPT_FCT_RPT_CLAIM_SUMMARY_R_PRC_GET_CUR_DATA,RPT_FCT_RPT_CLAIM_SUMMARY_R,V_CLAIM_DECISION_TYPE_R,FCT_RPT_CLAIM_SUMMARY_R,V_CLAIM_DECISION_TYPE_R,Direct
PKG Procedure,PKG_GRP_LOAD_RPT_FCT_RPT_CLAIM_SUMMARY_R,PRC_GET_CUR_DATA,PKG_GRP_LOAD_RPT_FCT_RPT_CLAIM_SUMMARY_R_PRC_GET_CUR_DATA,RPT_FCT_RPT_CLAIM_SUMMARY_R,V_CLAIM_IDENTIFIER_R,FCT_RPT_CLAIM_SUMMARY_R,v_claim_identifier_r,Direct
PKG Procedure,PKG_GRP_LOAD_RPT_FCT_RPT_CLAIM_SUMMARY_R,PRC_GET_CUR_DATA,PKG_GRP_LOAD_RPT_FCT_RPT_CLAIM_SUMMARY_R_PRC_GET_CUR_DATA,RPT_FCT_RPT_CLAIM_SUMMARY_R,V_CLAIM_STATUS_REASON_CODE_R,FCT_RPT_CLAIM_SUMMARY_R,V_CLAIM_STATUS_REASON_CODE_R,Direct
PKG Procedure,PKG_GRP_LOAD_RPT_FCT_RPT_CLAIM_SUMMARY_R,PRC_GET_CUR_DATA,PKG_GRP_LOAD_RPT_FCT_RPT_CLAIM_SUMMARY_R_PRC_GET_CUR_DATA,RPT_FCT_RPT_CLAIM_SUMMARY_R,V_CLAIM__R,,,Constant / Expression
PKG Procedure,PKG_GRP_LOAD_RPT_FCT_RPT_CLAIM_SUMMARY_R,PRC_GET_CUR_DATA,PKG_GRP_LOAD_RPT_FCT_RPT_CLAIM_SUMMARY_R_PRC_GET_CUR_DATA,RPT_FCT_RPT_CLAIM_SUMMARY_R,V_CLINICAL_VOC_ENGAGEMENT_R,FCT_RPT_CLAIM_SUMMARY_R,V_CLINICAL_VOC_ENGAGEMENT_R,Direct
PKG Procedure,PKG_GRP_LOAD_RPT_FCT_RPT_CLAIM_SUMMARY_R,PRC_GET_CUR_DATA,PKG_GRP_LOAD_RPT_FCT_RPT_CLAIM_SUMMARY_R_PRC_GET_CUR_DATA,RPT_FCT_RPT_CLAIM_SUMMARY_R,V_COVERAGE_CODE_R,FCT_RPT_CLAIM_SUMMARY_R,V_COVERAGE_CODE_R,Direct
PKG Procedure,PKG_GRP_LOAD_RPT_FCT_RPT_CLAIM_SUMMARY_R,PRC_GET_CUR_DATA,PKG_GRP_LOAD_RPT_FCT_RPT_CLAIM_SUMMARY_R_PRC_GET_CUR_DATA,RPT_FCT_RPT_CLAIM_SUMMARY_R,V_COVERAGE_GROUP_ID_R,FCT_RPT_CLAIM_SUMMARY_R,V_COVERAGE_GROUP_ID_R,Direct
PKG Procedure,PKG_GRP_LOAD_RPT_FCT_RPT_CLAIM_SUMMARY_R,PRC_GET_CUR_DATA,PKG_GRP_LOAD_RPT_FCT_RPT_CLAIM_SUMMARY_R_PRC_GET_CUR_DATA,RPT_FCT_RPT_CLAIM_SUMMARY_R,V_COVERAGE_TYPE_CODE_R,FCT_RPT_CLAIM_SUMMARY_R,V_COVERAGE_TYPE_CODE_R,Direct
PKG Procedure,PKG_GRP_LOAD_RPT_FCT_RPT_CLAIM_SUMMARY_R,PRC_GET_CUR_DATA,PKG_GRP_LOAD_RPT_FCT_RPT_CLAIM_SUMMARY_R_PRC_GET_CUR_DATA,RPT_FCT_RPT_CLAIM_SUMMARY_R,V_CREATED_BY_R,,,Constant / Expression
PKG Procedure,PKG_GRP_LOAD_RPT_FCT_RPT_CLAIM_SUMMARY_R,PRC_GET_CUR_DATA,PKG_GRP_LOAD_RPT_FCT_RPT_CLAIM_SUMMARY_R_PRC_GET_CUR_DATA,RPT_FCT_RPT_CLAIM_SUMMARY_R,V_CURRENT_CLINICAL_INDICATOR_R,FCT_RPT_CLAIM_SUMMARY_R,V_CURRENT_CLINICAL_INDICATOR_R,Direct
PKG Procedure,PKG_GRP_LOAD_RPT_FCT_RPT_CLAIM_SUMMARY_R,PRC_GET_CUR_DATA,PKG_GRP_LOAD_RPT_FCT_RPT_CLAIM_SUMMARY_R_PRC_GET_CUR_DATA,RPT_FCT_RPT_CLAIM_SUMMARY_R,V_DECISION_MADE_R,FCT_RPT_CLAIM_SUMMARY_R,V_DECISION_MADE_R,Direct
PKG Procedure,PKG_GRP_LOAD_RPT_FCT_RPT_CLAIM_SUMMARY_R,PRC_GET_CUR_DATA,PKG_GRP_LOAD_RPT_FCT_RPT_CLAIM_SUMMARY_R_PRC_GET_CUR_DATA,RPT_FCT_RPT_CLAIM_SUMMARY_R,V_ELIMINATION_PERIOD_GROUP_R,FCT_RPT_CLAIM_SUMMARY_R,V_ELIMINATION_PERIOD_GROUP_R,Direct
PKG Procedure,PKG_GRP_LOAD_RPT_FCT_RPT_CLAIM_SUMMARY_R,PRC_GET_CUR_DATA,PKG_GRP_LOAD_RPT_FCT_RPT_CLAIM_SUMMARY_R_PRC_GET_CUR_DATA,RPT_FCT_RPT_CLAIM_SUMMARY_R,V_INITIAL_CLINICAL_INDICATOR_R,FCT_RPT_CLAIM_SUMMARY_R,V_INITIAL_CLINICAL_INDICATOR_R,Direct
PKG Procedure,PKG_GRP_LOAD_RPT_FCT_RPT_CLAIM_SUMMARY_R,PRC_GET_CUR_DATA,PKG_GRP_LOAD_RPT_FCT_RPT_CLAIM_SUMMARY_R_PRC_GET_CUR_DATA,RPT_FCT_RPT_CLAIM_SUMMARY_R,V_LAST_MODIFIED_BY_R,,,Constant / Expression
PKG Procedure,PKG_GRP_LOAD_RPT_FCT_RPT_CLAIM_SUMMARY_R,PRC_GET_CUR_DATA,PKG_GRP_LOAD_RPT_FCT_RPT_CLAIM_SUMMARY_R_PRC_GET_CUR_DATA,RPT_FCT_RPT_CLAIM_SUMMARY_R,V_LTD_ANY_OCC_GROUP_R,FCT_RPT_CLAIM_SUMMARY_R,V_LTD_ANY_OCC_GROUP_R,Direct
PKG Procedure,PKG_GRP_LOAD_RPT_FCT_RPT_CLAIM_SUMMARY_R,PRC_GET_CUR_DATA,PKG_GRP_LOAD_RPT_FCT_RPT_CLAIM_SUMMARY_R_PRC_GET_CUR_DATA,RPT_FCT_RPT_CLAIM_SUMMARY_R,V_PAID_AND_CLOSED_R,FCT_RPT_CLAIM_SUMMARY_R,V_PAID_AND_CLOSED_R,Direct
PKG Procedure,PKG_GRP_LOAD_RPT_FCT_RPT_CLAIM_SUMMARY_R,PRC_GET_CUR_DATA,PKG_GRP_LOAD_RPT_FCT_RPT_CLAIM_SUMMARY_R_PRC_GET_CUR_DATA,RPT_FCT_RPT_CLAIM_SUMMARY_R,V_POLICY_PREFIX_R,FCT_RPT_CLAIM_SUMMARY_R,V_POLICY_PREFIX_R,Direct
PKG Procedure,PKG_GRP_LOAD_RPT_FCT_RPT_CLAIM_SUMMARY_R,PRC_GET_CUR_DATA,PKG_GRP_LOAD_RPT_FCT_RPT_CLAIM_SUMMARY_R_PRC_GET_CUR_DATA,RPT_FCT_RPT_CLAIM_SUMMARY_R,V_POLICY_SUFFIX_R,FCT_RPT_CLAIM_SUMMARY_R,V_POLICY_SUFFIX_R,Direct
PKG Procedure,PKG_GRP_LOAD_RPT_FCT_RPT_CLAIM_SUMMARY_R,PRC_GET_CUR_DATA,PKG_GRP_LOAD_RPT_FCT_RPT_CLAIM_SUMMARY_R_PRC_GET_CUR_DATA,RPT_FCT_RPT_CLAIM_SUMMARY_R,V_POLICY__R,,,Constant / Expression
PKG Procedure,PKG_GRP_LOAD_RPT_FCT_RPT_CLAIM_SUMMARY_R,PRC_GET_CUR_DATA,PKG_GRP_LOAD_RPT_FCT_RPT_CLAIM_SUMMARY_R_PRC_GET_CUR_DATA,RPT_FCT_RPT_CLAIM_SUMMARY_R,V_PRIMARY_REINSURER_R,FCT_RPT_CLAIM_SUMMARY_R,V_PRIMARY_REINSURER_R,Direct
PKG Procedure,PKG_GRP_LOAD_RPT_FCT_RPT_CLAIM_SUMMARY_R,PRC_GET_CUR_DATA,PKG_GRP_LOAD_RPT_FCT_RPT_CLAIM_SUMMARY_R_PRC_GET_CUR_DATA,RPT_FCT_RPT_CLAIM_SUMMARY_R,V_PRIOR_CLAIM_STATUS_CODE_R,rpt_claim_dtl_r,v_prior_claim_status_code_r,case-when
PKG Procedure,PKG_GRP_LOAD_RPT_FCT_RPT_CLAIM_SUMMARY_R,PRC_GET_CUR_DATA,PKG_GRP_LOAD_RPT_FCT_RPT_CLAIM_SUMMARY_R_PRC_GET_CUR_DATA,RPT_FCT_RPT_CLAIM_SUMMARY_R,V_PRIVACY_INDICATOR_R,FCT_RPT_CLAIM_SUMMARY_R,V_PRIVACY_INDICATOR_R,Direct
PKG Procedure,PKG_GRP_LOAD_RPT_FCT_RPT_CLAIM_SUMMARY_R,PRC_GET_CUR_DATA,PKG_GRP_LOAD_RPT_FCT_RPT_CLAIM_SUMMARY_R_PRC_GET_CUR_DATA,RPT_FCT_RPT_CLAIM_SUMMARY_R,V_PRODUCT_SUB_LINE_CODE_R,FCT_RPT_CLAIM_SUMMARY_R,V_PRODUCT_SUB_LINE_CODE_R,Direct
PKG Procedure,PKG_GRP_LOAD_RPT_FCT_RPT_CLAIM_SUMMARY_R,PRC_GET_CUR_DATA,PKG_GRP_LOAD_RPT_FCT_RPT_CLAIM_SUMMARY_R_PRC_GET_CUR_DATA,RPT_FCT_RPT_CLAIM_SUMMARY_R,V_PROJECTED_DURATION_R,STG_EIQ_OWN_OCC_R,V_PROJECTED_DURATION_R,Direct
PKG Procedure,PKG_GRP_LOAD_RPT_FCT_RPT_CLAIM_SUMMARY_R,PRC_GET_CUR_DATA,PKG_GRP_LOAD_RPT_FCT_RPT_CLAIM_SUMMARY_R_PRC_GET_CUR_DATA,RPT_FCT_RPT_CLAIM_SUMMARY_R,V_PROJECTED_OUTCOME_R,STG_EIQ_OWN_OCC_R,V_PROJECTED_OUTCOME_R,Direct
PKG Procedure,PKG_GRP_LOAD_RPT_FCT_RPT_CLAIM_SUMMARY_R,PRC_GET_CUR_DATA,PKG_GRP_LOAD_RPT_FCT_RPT_CLAIM_SUMMARY_R_PRC_GET_CUR_DATA,RPT_FCT_RPT_CLAIM_SUMMARY_R,V_REASON_CODE_R,FCT_RPT_CLAIM_SUMMARY_R,V_REASON_CODE_R,Direct
PKG Procedure,PKG_GRP_LOAD_RPT_FCT_RPT_CLAIM_SUMMARY_R,PRC_GET_CUR_DATA,PKG_GRP_LOAD_RPT_FCT_RPT_CLAIM_SUMMARY_R_PRC_GET_CUR_DATA,RPT_FCT_RPT_CLAIM_SUMMARY_R,V_RECOVERY_EXPECTATIONS_R,FCT_RPT_CLAIM_SUMMARY_R,V_RECOVERY_EXPECTATIONS_R,Direct
PKG Procedure,PKG_GRP_LOAD_RPT_FCT_RPT_CLAIM_SUMMARY_R,PRC_GET_CUR_DATA,PKG_GRP_LOAD_RPT_FCT_RPT_CLAIM_SUMMARY_R_PRC_GET_CUR_DATA,RPT_FCT_RPT_CLAIM_SUMMARY_R,V_REINLOSS001_USE_R,FCT_RPT_CLAIM_SUMMARY_R,V_REINLOSS001_USE_R,Direct
PKG Procedure,PKG_GRP_LOAD_RPT_FCT_RPT_CLAIM_SUMMARY_R,PRC_GET_CUR_DATA,PKG_GRP_LOAD_RPT_FCT_RPT_CLAIM_SUMMARY_R_PRC_GET_CUR_DATA,RPT_FCT_RPT_CLAIM_SUMMARY_R,V_REINSURANCE_INDICATOR_R,FCT_RPT_CLAIM_SUMMARY_R,V_REINSURANCE_INDICATOR_R,Direct
PKG Procedure,PKG_GRP_LOAD_RPT_FCT_RPT_CLAIM_SUMMARY_R,PRC_GET_CUR_DATA,PKG_GRP_LOAD_RPT_FCT_RPT_CLAIM_SUMMARY_R_PRC_GET_CUR_DATA,RPT_FCT_RPT_CLAIM_SUMMARY_R,V_RPT_ACTIVE_STATUS_R,,,Constant / Expression
PKG Procedure,PKG_GRP_LOAD_RPT_FCT_RPT_CLAIM_SUMMARY_R,PRC_GET_CUR_DATA,PKG_GRP_LOAD_RPT_FCT_RPT_CLAIM_SUMMARY_R_PRC_GET_CUR_DATA,RPT_FCT_RPT_CLAIM_SUMMARY_R,V_SECONDARY_REINSURER_R,FCT_RPT_CLAIM_SUMMARY_R,V_SECONDARY_REINSURER_R,Direct
PKG Procedure,PKG_GRP_LOAD_RPT_FCT_RPT_CLAIM_SUMMARY_R,PRC_GET_CUR_DATA,PKG_GRP_LOAD_RPT_FCT_RPT_CLAIM_SUMMARY_R_PRC_GET_CUR_DATA,RPT_FCT_RPT_CLAIM_SUMMARY_R,V_SOURCE_SYSTEM_NAME_R,FCT_RPT_CLAIM_SUMMARY_R,V_SOURCE_SYSTEM_NAME_R,Direct
PKG Procedure,PKG_GRP_LOAD_RPT_FCT_RPT_CLAIM_SUMMARY_R,PRC_GET_CUR_DATA,PKG_GRP_LOAD_RPT_FCT_RPT_CLAIM_SUMMARY_R_PRC_GET_CUR_DATA,RPT_FCT_RPT_CLAIM_SUMMARY_R,V_SS_PURSUE_INDICATED_R,FCT_RPT_CLAIM_SUMMARY_R,V_SS_PURSUE_INDICATED_R,Direct
PKG Procedure,PKG_GRP_LOAD_RPT_FCT_RPT_CLAIM_SUMMARY_R,PRC_GET_CUR_DATA,PKG_GRP_LOAD_RPT_FCT_RPT_CLAIM_SUMMARY_R_PRC_GET_CUR_DATA,RPT_FCT_RPT_CLAIM_SUMMARY_R,V_SUBJECT_AREA_TYPE_R,FCT_RPT_CLAIM_SUMMARY_R,V_SUBJECT_AREA_TYPE_R,Direct
PKG Procedure,PKG_GRP_LOAD_RPT_FCT_RPT_CLAIM_SUMMARY_R,PRC_GET_CUR_DATA,PKG_GRP_LOAD_RPT_FCT_RPT_CLAIM_SUMMARY_R_PRC_GET_CUR_DATA,RPT_FCT_RPT_CLAIM_SUMMARY_R,V_TAX__R,,,Constant / Expression
PKG Procedure,PKG_GRP_LOAD_RPT_FCT_RPT_CLAIM_SUMMARY_R,PRC_GET_CUR_DATA,PKG_GRP_LOAD_RPT_FCT_RPT_CLAIM_SUMMARY_R_PRC_GET_CUR_DATA,RPT_FCT_RPT_CLAIM_SUMMARY_R,V_TERNARY_REINSURER_R,FCT_RPT_CLAIM_SUMMARY_R,V_TERNARY_REINSURER_R,Direct
PKG Procedure,PKG_GRP_LOAD_RPT_FCT_RPT_CLAIM_SUMMARY_R,PRC_GET_CUR_DATA,PKG_GRP_LOAD_RPT_FCT_RPT_CLAIM_SUMMARY_R_PRC_GET_CUR_DATA,RPT_FCT_RPT_CLAIM_SUMMARY_R,V_TIER_DESCRIPTION_R,rpt_claim_dtl_r,V_TIER_DESCRIPTION_R,Direct
PKG Procedure,PKG_GRP_LOAD_RPT_FCT_RPT_CLAIM_SUMMARY_R,PRC_GET_CUR_DATA,PKG_GRP_LOAD_RPT_FCT_RPT_CLAIM_SUMMARY_R_PRC_GET_CUR_DATA,RPT_FCT_RPT_CLAIM_SUMMARY_R,V_TIER_NUM_R,rpt_claim_dtl_r,N_TIER_NUM_R,Direct
PKG Procedure,PKG_GRP_LOAD_RPT_FCT_RPT_CLAIM_SUMMARY_R,PRC_GET_CUR_DATA,PKG_GRP_LOAD_RPT_FCT_RPT_CLAIM_SUMMARY_R_PRC_GET_CUR_DATA,RPT_FCT_RPT_CLAIM_SUMMARY_R,V_WFAM_CODE_R,FCT_RPT_CLAIM_SUMMARY_R,V_WFAM_CODE_R,Direct
PKG Procedure,PKG_GRP_LOAD_RPT_FCT_RPT_CLAIM_SUMMARY_R,PRC_GET_CUR_DATA,PKG_GRP_LOAD_RPT_FCT_RPT_CLAIM_SUMMARY_R_PRC_GET_CUR_DATA,RPT_FCT_RPT_CLAIM_SUMMARY_R,n_avg_claim_decision_days_r,lt_upd_claim_attr_tbl_typ,n_avg_claim_decision_days_r,n_avg_claim_decision_days_r
PKG Procedure,PKG_GRP_LOAD_RPT_FCT_RPT_CLAIM_SUMMARY_R,PRC_GET_CUR_DATA,PKG_GRP_LOAD_RPT_FCT_RPT_CLAIM_SUMMARY_R_PRC_GET_CUR_DATA,RPT_FCT_RPT_CLAIM_SUMMARY_R,n_claim_approach_dur_r,lt_upd_claim_attr_tbl_typ,n_claim_approach_dur_r,n_claim_approach_dur_r
PKG Procedure,PKG_GRP_LOAD_RPT_FCT_RPT_CLAIM_SUMMARY_R,PRC_GET_CUR_DATA,PKG_GRP_LOAD_RPT_FCT_RPT_CLAIM_SUMMARY_R_PRC_GET_CUR_DATA,RPT_FCT_RPT_CLAIM_SUMMARY_R,n_claim_approach_exp_resolution_r,lt_upd_claim_attr_tbl_typ,n_claim_approach_exp_resolution_r,n_claim_approach_exp_resolution_r
PKG Procedure,PKG_GRP_LOAD_RPT_FCT_RPT_CLAIM_SUMMARY_R,PRC_GET_CUR_DATA,PKG_GRP_LOAD_RPT_FCT_RPT_CLAIM_SUMMARY_R_PRC_GET_CUR_DATA,RPT_FCT_RPT_CLAIM_SUMMARY_R,n_claim_coverage_group_sk_r,rpt_claim_dtl_r,n_claim_coverage_group_sk_r,n_claim_coverage_group_sk_r -> max
PKG Procedure,PKG_GRP_LOAD_RPT_FCT_RPT_CLAIM_SUMMARY_R,PRC_GET_CUR_DATA,PKG_GRP_LOAD_RPT_FCT_RPT_CLAIM_SUMMARY_R_PRC_GET_CUR_DATA,RPT_FCT_RPT_CLAIM_SUMMARY_R,n_claim_coverage_sk_r,rpt_claim_dtl_r,n_claim_coverage_sk_r,n_claim_coverage_sk_r -> max
PKG Procedure,PKG_GRP_LOAD_RPT_FCT_RPT_CLAIM_SUMMARY_R,PRC_GET_CUR_DATA,PKG_GRP_LOAD_RPT_FCT_RPT_CLAIM_SUMMARY_R_PRC_GET_CUR_DATA,RPT_FCT_RPT_CLAIM_SUMMARY_R,n_claim_sk_r,rpt_claim_dtl_r,n_claim_sk_r,n_claim_sk_r -> max
PKG Procedure,PKG_GRP_LOAD_RPT_FCT_RPT_CLAIM_SUMMARY_R,PRC_GET_CUR_DATA,PKG_GRP_LOAD_RPT_FCT_RPT_CLAIM_SUMMARY_R_PRC_GET_CUR_DATA,RPT_FCT_RPT_CLAIM_SUMMARY_R,n_duration_remaining_r,lt_upd_claim_attr_tbl_typ,n_duration_remaining_r,n_duration_remaining_r
PKG Procedure,PKG_GRP_LOAD_RPT_GRP_PRODUCT_R,PRC_GET_CUR_DATA,PKG_GRP_LOAD_RPT_GRP_PRODUCT_R_PRC_GET_CUR_DATA,RPT_GRP_PRODUCT_R_EXG,D_RECORD_END_DATE_R,DIM_GRP_PRODUCT_R,D_RECORD_END_DATE_R,Direct
PKG Procedure,PKG_GRP_LOAD_RPT_GRP_PRODUCT_R,PRC_GET_CUR_DATA,PKG_GRP_LOAD_RPT_GRP_PRODUCT_R_PRC_GET_CUR_DATA,RPT_GRP_PRODUCT_R_EXG,D_RECORD_START_DATE_R,DIM_GRP_PRODUCT_R,D_RECORD_START_DATE_R,Direct
PKG Procedure,PKG_GRP_LOAD_RPT_GRP_PRODUCT_R,PRC_GET_CUR_DATA,PKG_GRP_LOAD_RPT_GRP_PRODUCT_R_PRC_GET_CUR_DATA,RPT_GRP_PRODUCT_R_EXG,FIC_MIS_DATE_R,DIM_GRP_PRODUCT_R,gd_sysdate,Direct
PKG Procedure,PKG_GRP_LOAD_RPT_GRP_PRODUCT_R,PRC_GET_CUR_DATA,PKG_GRP_LOAD_RPT_GRP_PRODUCT_R_PRC_GET_CUR_DATA,RPT_GRP_PRODUCT_R_EXG,F_PHYSICAL_DELETE_R,DIM_GRP_PRODUCT_R,F_PHYSICAL_DELETE_R,Direct
PKG Procedure,PKG_GRP_LOAD_RPT_GRP_PRODUCT_R,PRC_GET_CUR_DATA,PKG_GRP_LOAD_RPT_GRP_PRODUCT_R_PRC_GET_CUR_DATA,RPT_GRP_PRODUCT_R_EXG,N_BATCH_ID_R,DIM_GRP_PRODUCT_R,gn_sysdt_batchid,Direct
PKG Procedure,PKG_GRP_LOAD_RPT_GRP_PRODUCT_R,PRC_GET_CUR_DATA,PKG_GRP_LOAD_RPT_GRP_PRODUCT_R_PRC_GET_CUR_DATA,RPT_GRP_PRODUCT_R_EXG,N_CLAIM_SK_R,DIM_GRP_PRODUCT_R,N_CLAIM_SK_R,Direct
PKG Procedure,PKG_GRP_LOAD_RPT_GRP_PRODUCT_R,PRC_GET_CUR_DATA,PKG_GRP_LOAD_RPT_GRP_PRODUCT_R_PRC_GET_CUR_DATA,RPT_GRP_PRODUCT_R_EXG,N_PARTY_SK_R,DIM_GRP_PRODUCT_R,N_PARTY_SK_R,Direct
PKG Procedure,PKG_GRP_LOAD_RPT_GRP_PRODUCT_R,PRC_GET_CUR_DATA,PKG_GRP_LOAD_RPT_GRP_PRODUCT_R_PRC_GET_CUR_DATA,RPT_GRP_PRODUCT_R_EXG,N_POLICY_SK_R,DIM_GRP_PRODUCT_R,N_POLICY_SK_R,Direct
PKG Procedure,PKG_GRP_LOAD_RPT_GRP_PRODUCT_R,PRC_GET_CUR_DATA,PKG_GRP_LOAD_RPT_GRP_PRODUCT_R_PRC_GET_CUR_DATA,RPT_GRP_PRODUCT_R_EXG,N_PRODUCT_SK_R,DIM_GRP_PRODUCT_R,N_PRODUCT_SK_R,Direct
PKG Procedure,PKG_GRP_LOAD_RPT_GRP_PRODUCT_R,PRC_GET_CUR_DATA,PKG_GRP_LOAD_RPT_GRP_PRODUCT_R_PRC_GET_CUR_DATA,RPT_GRP_PRODUCT_R_EXG,N_QUOTE_SK_R,DIM_GRP_PRODUCT_R,N_QUOTE_SK_R,Direct
PKG Procedure,PKG_GRP_LOAD_RPT_GRP_PRODUCT_R,PRC_GET_CUR_DATA,PKG_GRP_LOAD_RPT_GRP_PRODUCT_R_PRC_GET_CUR_DATA,RPT_GRP_PRODUCT_R_EXG,N_SEQUENCE_NUMBER_R,DIM_GRP_PRODUCT_R,N_SEQUENCE_NUMBER_R,Direct
PKG Procedure,PKG_GRP_LOAD_RPT_GRP_PRODUCT_R,PRC_GET_CUR_DATA,PKG_GRP_LOAD_RPT_GRP_PRODUCT_R_PRC_GET_CUR_DATA,RPT_GRP_PRODUCT_R_EXG,N_VERSION_NUMBER_R,DIM_GRP_PRODUCT_R,N_VERSION_NUMBER_R,Direct
PKG Procedure,PKG_GRP_LOAD_RPT_GRP_PRODUCT_R,PRC_GET_CUR_DATA,PKG_GRP_LOAD_RPT_GRP_PRODUCT_R_PRC_GET_CUR_DATA,RPT_GRP_PRODUCT_R_EXG,N_YEARMONTH_R,DIM_GRP_PRODUCT_R,gn_current_month,Direct
PKG Procedure,PKG_GRP_LOAD_RPT_GRP_PRODUCT_R,PRC_GET_CUR_DATA,PKG_GRP_LOAD_RPT_GRP_PRODUCT_R_PRC_GET_CUR_DATA,RPT_GRP_PRODUCT_R_EXG,T_CREATION_DATE_R,DIM_GRP_PRODUCT_R,gd_sysdate,Direct
PKG Procedure,PKG_GRP_LOAD_RPT_GRP_PRODUCT_R,PRC_GET_CUR_DATA,PKG_GRP_LOAD_RPT_GRP_PRODUCT_R_PRC_GET_CUR_DATA,RPT_GRP_PRODUCT_R_EXG,T_EVENT_TIMESTAMP_R,DIM_GRP_PRODUCT_R,gd_sysdate,Direct
PKG Procedure,PKG_GRP_LOAD_RPT_GRP_PRODUCT_R,PRC_GET_CUR_DATA,PKG_GRP_LOAD_RPT_GRP_PRODUCT_R_PRC_GET_CUR_DATA,RPT_GRP_PRODUCT_R_EXG,T_LAST_MODIFIED_DATE_R,DIM_GRP_PRODUCT_R,gd_sysdate,Direct
PKG Procedure,PKG_GRP_LOAD_RPT_GRP_PRODUCT_R,PRC_GET_CUR_DATA,PKG_GRP_LOAD_RPT_GRP_PRODUCT_R_PRC_GET_CUR_DATA,RPT_GRP_PRODUCT_R_EXG,V_ACTIVE_STATUS_R,DIM_GRP_PRODUCT_R,V_ACTIVE_STATUS_R,Direct
PKG Procedure,PKG_GRP_LOAD_RPT_GRP_PRODUCT_R,PRC_GET_CUR_DATA,PKG_GRP_LOAD_RPT_GRP_PRODUCT_R_PRC_GET_CUR_DATA,RPT_GRP_PRODUCT_R_EXG,V_BASIC_PRODUCT_LINE_CODE_R,DIM_GRP_PRODUCT_R,V_BASIC_PRODUCT_LINE_CODE_R,Direct
PKG Procedure,PKG_GRP_LOAD_RPT_GRP_PRODUCT_R,PRC_GET_CUR_DATA,PKG_GRP_LOAD_RPT_GRP_PRODUCT_R_PRC_GET_CUR_DATA,RPT_GRP_PRODUCT_R_EXG,V_BASIC_PRODUCT_LINE_DESC_R,DIM_GRP_PRODUCT_R,V_BASIC_PRODUCT_LINE_DESC_R,Direct
PKG Procedure,PKG_GRP_LOAD_RPT_GRP_PRODUCT_R,PRC_GET_CUR_DATA,PKG_GRP_LOAD_RPT_GRP_PRODUCT_R_PRC_GET_CUR_DATA,RPT_GRP_PRODUCT_R_EXG,V_CHANGE_REASON_R,DIM_GRP_PRODUCT_R,V_CHANGE_REASON_R,Direct
PKG Procedure,PKG_GRP_LOAD_RPT_GRP_PRODUCT_R,PRC_GET_CUR_DATA,PKG_GRP_LOAD_RPT_GRP_PRODUCT_R_PRC_GET_CUR_DATA,RPT_GRP_PRODUCT_R_EXG,V_COVERAGE_CATEGORY_R,DIM_GRP_PRODUCT_R,V_COVERAGE_CATEGORY_R,Direct
PKG Procedure,PKG_GRP_LOAD_RPT_GRP_PRODUCT_R,PRC_GET_CUR_DATA,PKG_GRP_LOAD_RPT_GRP_PRODUCT_R_PRC_GET_CUR_DATA,RPT_GRP_PRODUCT_R_EXG,V_COVERAGE_CODE_R,DIM_GRP_PRODUCT_R,V_COVERAGE_CODE_R,Direct
PKG Procedure,PKG_GRP_LOAD_RPT_GRP_PRODUCT_R,PRC_GET_CUR_DATA,PKG_GRP_LOAD_RPT_GRP_PRODUCT_R_PRC_GET_CUR_DATA,RPT_GRP_PRODUCT_R_EXG,V_COVERAGE_DESC_R,DIM_GRP_PRODUCT_R,V_COVERAGE_DESC_R,Direct
PKG Procedure,PKG_GRP_LOAD_RPT_GRP_PRODUCT_R,PRC_GET_CUR_DATA,PKG_GRP_LOAD_RPT_GRP_PRODUCT_R_PRC_GET_CUR_DATA,RPT_GRP_PRODUCT_R_EXG,V_COVERAGE_TYPE_CODE_R,DIM_GRP_PRODUCT_R,V_COVERAGE_TYPE_CODE_R,Direct
PKG Procedure,PKG_GRP_LOAD_RPT_GRP_PRODUCT_R,PRC_GET_CUR_DATA,PKG_GRP_LOAD_RPT_GRP_PRODUCT_R_PRC_GET_CUR_DATA,RPT_GRP_PRODUCT_R_EXG,V_COVERAGE_TYPE_DESC_R,DIM_GRP_PRODUCT_R,V_COVERAGE_TYPE_DESC_R,Direct
PKG Procedure,PKG_GRP_LOAD_RPT_GRP_PRODUCT_R,PRC_GET_CUR_DATA,PKG_GRP_LOAD_RPT_GRP_PRODUCT_R_PRC_GET_CUR_DATA,RPT_GRP_PRODUCT_R_EXG,V_COVERAGE_TYPE_IND_R,,,Constant / Expression
PKG Procedure,PKG_GRP_LOAD_RPT_GRP_PRODUCT_R,PRC_GET_CUR_DATA,PKG_GRP_LOAD_RPT_GRP_PRODUCT_R_PRC_GET_CUR_DATA,RPT_GRP_PRODUCT_R_EXG,V_COVERAGE_TYPE_R,,,Constant / Expression
PKG Procedure,PKG_GRP_LOAD_RPT_GRP_PRODUCT_R,PRC_GET_CUR_DATA,PKG_GRP_LOAD_RPT_GRP_PRODUCT_R_PRC_GET_CUR_DATA,RPT_GRP_PRODUCT_R_EXG,V_CREATED_BY_R,DIM_GRP_PRODUCT_R,gc_main_loadedby,Direct
PKG Procedure,PKG_GRP_LOAD_RPT_GRP_PRODUCT_R,PRC_GET_CUR_DATA,PKG_GRP_LOAD_RPT_GRP_PRODUCT_R_PRC_GET_CUR_DATA,RPT_GRP_PRODUCT_R_EXG,V_LAST_MODIFIED_BY_R,DIM_GRP_PRODUCT_R,gc_main_loadedby,Direct
PKG Procedure,PKG_GRP_LOAD_RPT_GRP_PRODUCT_R,PRC_GET_CUR_DATA,PKG_GRP_LOAD_RPT_GRP_PRODUCT_R_PRC_GET_CUR_DATA,RPT_GRP_PRODUCT_R_EXG,V_PRIVACY_INDICATOR_R,DIM_GRP_PRODUCT_R,V_PRIVACY_INDICATOR_R,Direct
PKG Procedure,PKG_GRP_LOAD_RPT_GRP_PRODUCT_R,PRC_GET_CUR_DATA,PKG_GRP_LOAD_RPT_GRP_PRODUCT_R_PRC_GET_CUR_DATA,RPT_GRP_PRODUCT_R_EXG,V_PRODUCT_LINE_DESC_R,DIM_GRP_PRODUCT_R,V_PRODUCT_LINE_DESC_R,Direct
PKG Procedure,PKG_GRP_LOAD_RPT_GRP_PRODUCT_R,PRC_GET_CUR_DATA,PKG_GRP_LOAD_RPT_GRP_PRODUCT_R_PRC_GET_CUR_DATA,RPT_GRP_PRODUCT_R_EXG,V_PRODUCT_LINE_R,DIM_GRP_PRODUCT_R,V_PRODUCT_LINE_R,Direct
PKG Procedure,PKG_GRP_LOAD_RPT_GRP_PRODUCT_R,PRC_GET_CUR_DATA,PKG_GRP_LOAD_RPT_GRP_PRODUCT_R_PRC_GET_CUR_DATA,RPT_GRP_PRODUCT_R_EXG,V_PRODUCT_SUB_LINE_CODE_R,DIM_GRP_PRODUCT_R,V_PRODUCT_SUB_LINE_CODE_R,Direct
PKG Procedure,PKG_GRP_LOAD_RPT_GRP_PRODUCT_R,PRC_GET_CUR_DATA,PKG_GRP_LOAD_RPT_GRP_PRODUCT_R_PRC_GET_CUR_DATA,RPT_GRP_PRODUCT_R_EXG,V_PRODUCT_SUB_LINE_DESC_R,DIM_GRP_PRODUCT_R,V_PRODUCT_SUB_LINE_DESC_R,Direct
PKG Procedure,PKG_GRP_LOAD_RPT_GRP_PRODUCT_R,PRC_GET_CUR_DATA,PKG_GRP_LOAD_RPT_GRP_PRODUCT_R_PRC_GET_CUR_DATA,RPT_GRP_PRODUCT_R_EXG,V_RPT_ACTIVE_STATUS_R,,,Constant / Expression
PKG Procedure,PKG_GRP_LOAD_RPT_GRP_PRODUCT_R,PRC_GET_CUR_DATA,PKG_GRP_LOAD_RPT_GRP_PRODUCT_R_PRC_GET_CUR_DATA,RPT_GRP_PRODUCT_R_EXG,V_SOURCE_SYSTEM_NAME_R,DIM_GRP_PRODUCT_R,V_SOURCE_SYSTEM_NAME_R,Direct
PKG Procedure,PKG_GRP_LOAD_RPT_GRP_PRODUCT_R,PRC_GET_CUR_DATA,PKG_GRP_LOAD_RPT_GRP_PRODUCT_R_PRC_GET_CUR_DATA,RPT_GRP_PRODUCT_R_EXG,V_SUBJECT_AREA_TYPE_R,DIM_GRP_PRODUCT_R,V_SUBJECT_AREA_TYPE_R,Direct
PKG Procedure,PKG_GRP_LOAD_RPT_GRP_PRODUCT_R,PRC_INSERT_DUMMY_REC,PKG_GRP_LOAD_RPT_GRP_PRODUCT_R_PRC_INSERT_DUMMY_REC,RPT_GRP_PRODUCT_R,FIC_MIS_DATE_R,RPT_GRP_PRODUCT_R,gd_sysdate,Direct
PKG Procedure,PKG_GRP_LOAD_RPT_GRP_PRODUCT_R,PRC_INSERT_DUMMY_REC,PKG_GRP_LOAD_RPT_GRP_PRODUCT_R_PRC_INSERT_DUMMY_REC,RPT_GRP_PRODUCT_R,T_EVENT_TIMESTAMP_R,RPT_GRP_PRODUCT_R,gd_sysdate,Direct
PKG Procedure,PKG_GRP_LOAD_RPT_GRP_PRODUCT_R,PRC_INSERT_DUMMY_REC,PKG_GRP_LOAD_RPT_GRP_PRODUCT_R_PRC_INSERT_DUMMY_REC,RPT_GRP_PRODUCT_R,n_batch_id_r,RPT_GRP_PRODUCT_R,gn_sysdt_batchid,Direct
PKG Procedure,PKG_GRP_LOAD_RPT_GRP_PRODUCT_R,PRC_INSERT_DUMMY_REC,PKG_GRP_LOAD_RPT_GRP_PRODUCT_R_PRC_INSERT_DUMMY_REC,RPT_GRP_PRODUCT_R,n_yearmonth_r,RPT_GRP_PRODUCT_R,gn_current_month,Direct
PKG Procedure,PKG_GRP_LOAD_RPT_GRP_PRODUCT_R,PRC_INSERT_DUMMY_REC,PKG_GRP_LOAD_RPT_GRP_PRODUCT_R_PRC_INSERT_DUMMY_REC,RPT_GRP_PRODUCT_R,t_creation_date_r,RPT_GRP_PRODUCT_R,gd_sysdate,Direct
PKG Procedure,PKG_GRP_LOAD_RPT_GRP_PRODUCT_R,PRC_INSERT_DUMMY_REC,PKG_GRP_LOAD_RPT_GRP_PRODUCT_R_PRC_INSERT_DUMMY_REC,RPT_GRP_PRODUCT_R,t_last_modified_date_r,RPT_GRP_PRODUCT_R,gd_sysdate,Direct
PKG Procedure,PKG_GRP_LOAD_RPT_GRP_PRODUCT_R,PRC_INSERT_DUMMY_REC,PKG_GRP_LOAD_RPT_GRP_PRODUCT_R_PRC_INSERT_DUMMY_REC,RPT_GRP_PRODUCT_R,v_created_by_r,RPT_GRP_PRODUCT_R,gc_main_loadedby,Direct
PKG Procedure,PKG_GRP_LOAD_RPT_GRP_PRODUCT_R,PRC_INSERT_DUMMY_REC,PKG_GRP_LOAD_RPT_GRP_PRODUCT_R_PRC_INSERT_DUMMY_REC,RPT_GRP_PRODUCT_R,v_last_modified_by_r,RPT_GRP_PRODUCT_R,gc_main_loadedby,Direct
PKG Procedure,PKG_GRP_LOAD_RPT_GRP_PRODUCT_R,PRC_UPD_DEL_DATA,PKG_GRP_LOAD_RPT_GRP_PRODUCT_R_PRC_UPD_DEL_DATA,RPT_GRP_PRODUCT_R,t_last_modified_date_r,RPT_GRP_PRODUCT_R,gd_sysdate,Direct
PKG Procedure,PKG_GRP_LOAD_RPT_GRP_PRODUCT_R,PRC_UPD_DEL_DATA,PKG_GRP_LOAD_RPT_GRP_PRODUCT_R_PRC_UPD_DEL_DATA,RPT_GRP_PRODUCT_R,v_last_modified_by_r,RPT_GRP_PRODUCT_R,gc_updby,Direct
PKG Procedure,PKG_GRP_LOAD_RPT_GRP_PRODUCT_R,PRC_UPD_DEL_DATA,PKG_GRP_LOAD_RPT_GRP_PRODUCT_R_PRC_UPD_DEL_DATA,RPT_GRP_PRODUCT_R,v_rpt_active_status_r,,,Constant / Expression
PKG Procedure,PKG_GRP_LOAD_RPT_POLICY_DTL_R,PRC_INSERT_DUMMY_REC,PKG_GRP_LOAD_RPT_POLICY_DTL_R_PRC_INSERT_DUMMY_REC,RPT_POLICY_DTL_R,n_batch_id_r,RPT_POLICY_DTL_R,gn_sysdt_batchid,Direct
PKG Procedure,PKG_GRP_LOAD_RPT_POLICY_DTL_R,PRC_INSERT_DUMMY_REC,PKG_GRP_LOAD_RPT_POLICY_DTL_R_PRC_INSERT_DUMMY_REC,RPT_POLICY_DTL_R,n_yearmonth_r,RPT_POLICY_DTL_R,gn_current_month,Direct
PKG Procedure,PKG_GRP_LOAD_RPT_POLICY_DTL_R,PRC_INSERT_DUMMY_REC,PKG_GRP_LOAD_RPT_POLICY_DTL_R_PRC_INSERT_DUMMY_REC,RPT_POLICY_DTL_R,t_creation_date_r,,,Constant / Expression
PKG Procedure,PKG_GRP_LOAD_RPT_POLICY_DTL_R,PRC_INSERT_DUMMY_REC,PKG_GRP_LOAD_RPT_POLICY_DTL_R_PRC_INSERT_DUMMY_REC,RPT_POLICY_DTL_R,t_last_modified_date_r,,,Constant / Expression
PKG Procedure,PKG_GRP_LOAD_RPT_POLICY_DTL_R,PRC_INSERT_DUMMY_REC,PKG_GRP_LOAD_RPT_POLICY_DTL_R_PRC_INSERT_DUMMY_REC,RPT_POLICY_DTL_R,v_created_by_r,RPT_POLICY_DTL_R,GV_MAIN_LOADEDBY,Direct
PKG Procedure,PKG_GRP_LOAD_RPT_POLICY_DTL_R,PRC_INSERT_DUMMY_REC,PKG_GRP_LOAD_RPT_POLICY_DTL_R_PRC_INSERT_DUMMY_REC,RPT_POLICY_DTL_R,v_last_modified_by_r,RPT_POLICY_DTL_R,GV_MAIN_LOADEDBY,Direct
PKG Procedure,PKG_GRP_LOAD_RPT_POLICY_DTL_R,PRC_LOAD_DATA_DIM_GTT,PKG_GRP_LOAD_RPT_POLICY_DTL_R_PRC_LOAD_DATA_DIM_GTT,DIM_PLAN_DESIGN_DIRECTORY_R_GTT,N_PLAN_DESIGN_SK_R,DIM_PLAN_DESIGN_DIRECTORY_R,N_PLAN_DESIGN_SK_R,Direct
PKG Procedure,PKG_GRP_LOAD_RPT_POLICY_DTL_R,PRC_LOAD_DATA_DIM_GTT,PKG_GRP_LOAD_RPT_POLICY_DTL_R_PRC_LOAD_DATA_DIM_GTT,DIM_PLAN_DESIGN_DIRECTORY_R_GTT,N_POLICY_SK_R,DIM_PLAN_DESIGN_DIRECTORY_R,N_POLICY_SK_R,Direct
PKG Procedure,PKG_GRP_LOAD_RPT_POLICY_DTL_R,PRC_LOAD_DATA_DIM_GTT,PKG_GRP_LOAD_RPT_POLICY_DTL_R_PRC_LOAD_DATA_DIM_GTT,DIM_PLAN_DESIGN_DIRECTORY_R_GTT,V_COVERAGE_CODE_R,DIM_PLAN_DESIGN_DIRECTORY_R,V_COVERAGE_CODE_R,Direct
PKG Procedure,PKG_GRP_LOAD_RPT_RESERVE_DETAILS_R,PRC_GET_CUR_DATA,PKG_GRP_LOAD_RPT_RESERVE_DETAILS_R_PRC_GET_CUR_DATA,RPT_RESERVE_DETAILS_R,D_RESERVE_VALUATION_DATE_R,FCT_LG_RESERVE_DETAILS_R,D_RESERVE_VALUATION_DATE_R,Direct
PKG Procedure,PKG_GRP_LOAD_RPT_RESERVE_DETAILS_R,PRC_GET_CUR_DATA,PKG_GRP_LOAD_RPT_RESERVE_DETAILS_R_PRC_GET_CUR_DATA,RPT_RESERVE_DETAILS_R,N_BATCH_ID_R,,,Constant / Expression
PKG Procedure,PKG_GRP_LOAD_RPT_RESERVE_DETAILS_R,PRC_GET_CUR_DATA,PKG_GRP_LOAD_RPT_RESERVE_DETAILS_R_PRC_GET_CUR_DATA,RPT_RESERVE_DETAILS_R,N_BEST_ESTIMATE_NET_BENEFIT_R,FCT_LG_RESERVE_DETAILS_R,N_BEST_ESTIMATE_NET_BENEFIT_R,Direct
PKG Procedure,PKG_GRP_LOAD_RPT_RESERVE_DETAILS_R,PRC_GET_CUR_DATA,PKG_GRP_LOAD_RPT_RESERVE_DETAILS_R_PRC_GET_CUR_DATA,RPT_RESERVE_DETAILS_R,N_CHECK_NET_BENEFIT_R,FCT_LG_RESERVE_DETAILS_R,N_CHECK_NET_BENEFIT_R,Direct
PKG Procedure,PKG_GRP_LOAD_RPT_RESERVE_DETAILS_R,PRC_GET_CUR_DATA,PKG_GRP_LOAD_RPT_RESERVE_DETAILS_R_PRC_GET_CUR_DATA,RPT_RESERVE_DETAILS_R,N_CHG_RESERVE_DIRECT_FIELD_CEDED_R,FCT_LG_RESERVE_DETAILS_R,N_CHG_RESERVE_DIRECT__FIELD__R,Direct
PKG Procedure,PKG_GRP_LOAD_RPT_RESERVE_DETAILS_R,PRC_GET_CUR_DATA,PKG_GRP_LOAD_RPT_RESERVE_DETAILS_R_PRC_GET_CUR_DATA,RPT_RESERVE_DETAILS_R,N_CHG_RESERVE_DIRECT_FIELD_CEDED_R,FCT_LG_RESERVE_DETAILS_R,N_TOTAL_REINSURANCE_PCT_R,Direct
PKG Procedure,PKG_GRP_LOAD_RPT_RESERVE_DETAILS_R,PRC_GET_CUR_DATA,PKG_GRP_LOAD_RPT_RESERVE_DETAILS_R_PRC_GET_CUR_DATA,RPT_RESERVE_DETAILS_R,N_CHG_RESERVE_DIRECT_FIELD_NET_R,FCT_LG_RESERVE_DETAILS_R,N_CHG_RESERVE_DIRECT__FIELD__R,Direct
PKG Procedure,PKG_GRP_LOAD_RPT_RESERVE_DETAILS_R,PRC_GET_CUR_DATA,PKG_GRP_LOAD_RPT_RESERVE_DETAILS_R_PRC_GET_CUR_DATA,RPT_RESERVE_DETAILS_R,N_CHG_RESERVE_DIRECT_FIELD_NET_R,FCT_LG_RESERVE_DETAILS_R,N_TOTAL_REINSURANCE_PCT_R,Direct
PKG Procedure,PKG_GRP_LOAD_RPT_RESERVE_DETAILS_R,PRC_GET_CUR_DATA,PKG_GRP_LOAD_RPT_RESERVE_DETAILS_R_PRC_GET_CUR_DATA,RPT_RESERVE_DETAILS_R,N_CHG_RESERVE_DIRECT_GAAP_CEDED_R,FCT_LG_RESERVE_DETAILS_R,N_CHG_RESERVE_DIRECT__GAAP__R,Direct
PKG Procedure,PKG_GRP_LOAD_RPT_RESERVE_DETAILS_R,PRC_GET_CUR_DATA,PKG_GRP_LOAD_RPT_RESERVE_DETAILS_R_PRC_GET_CUR_DATA,RPT_RESERVE_DETAILS_R,N_CHG_RESERVE_DIRECT_GAAP_CEDED_R,FCT_LG_RESERVE_DETAILS_R,N_TOTAL_REINSURANCE_PCT_R,Direct
PKG Procedure,PKG_GRP_LOAD_RPT_RESERVE_DETAILS_R,PRC_GET_CUR_DATA,PKG_GRP_LOAD_RPT_RESERVE_DETAILS_R_PRC_GET_CUR_DATA,RPT_RESERVE_DETAILS_R,N_CHG_RESERVE_DIRECT_GAAP_NET_R,FCT_LG_RESERVE_DETAILS_R,N_CHG_RESERVE_DIRECT__GAAP__R,Direct
PKG Procedure,PKG_GRP_LOAD_RPT_RESERVE_DETAILS_R,PRC_GET_CUR_DATA,PKG_GRP_LOAD_RPT_RESERVE_DETAILS_R_PRC_GET_CUR_DATA,RPT_RESERVE_DETAILS_R,N_CHG_RESERVE_DIRECT_GAAP_NET_R,FCT_LG_RESERVE_DETAILS_R,N_TOTAL_REINSURANCE_PCT_R,Direct
PKG Procedure,PKG_GRP_LOAD_RPT_RESERVE_DETAILS_R,PRC_GET_CUR_DATA,PKG_GRP_LOAD_RPT_RESERVE_DETAILS_R_PRC_GET_CUR_DATA,RPT_RESERVE_DETAILS_R,N_CHG_RESERVE_DIRECT_STAT_CEDED_R,FCT_LG_RESERVE_DETAILS_R,N_CHG_RESERVE_DIRECT__STAT__R,Direct
PKG Procedure,PKG_GRP_LOAD_RPT_RESERVE_DETAILS_R,PRC_GET_CUR_DATA,PKG_GRP_LOAD_RPT_RESERVE_DETAILS_R_PRC_GET_CUR_DATA,RPT_RESERVE_DETAILS_R,N_CHG_RESERVE_DIRECT_STAT_CEDED_R,FCT_LG_RESERVE_DETAILS_R,N_TOTAL_REINSURANCE_PCT_R,Direct
PKG Procedure,PKG_GRP_LOAD_RPT_RESERVE_DETAILS_R,PRC_GET_CUR_DATA,PKG_GRP_LOAD_RPT_RESERVE_DETAILS_R_PRC_GET_CUR_DATA,RPT_RESERVE_DETAILS_R,N_CHG_RESERVE_DIRECT_STAT_NET_R,FCT_LG_RESERVE_DETAILS_R,N_CHG_RESERVE_DIRECT__STAT__R,Direct
PKG Procedure,PKG_GRP_LOAD_RPT_RESERVE_DETAILS_R,PRC_GET_CUR_DATA,PKG_GRP_LOAD_RPT_RESERVE_DETAILS_R_PRC_GET_CUR_DATA,RPT_RESERVE_DETAILS_R,N_CHG_RESERVE_DIRECT_STAT_NET_R,FCT_LG_RESERVE_DETAILS_R,N_TOTAL_REINSURANCE_PCT_R,Direct
PKG Procedure,PKG_GRP_LOAD_RPT_RESERVE_DETAILS_R,PRC_GET_CUR_DATA,PKG_GRP_LOAD_RPT_RESERVE_DETAILS_R_PRC_GET_CUR_DATA,RPT_RESERVE_DETAILS_R,N_CHG_RESERVE_DIRECT__FIELD__R,FCT_LG_RESERVE_DETAILS_R,N_CHG_RESERVE_DIRECT__FIELD__R,Direct
PKG Procedure,PKG_GRP_LOAD_RPT_RESERVE_DETAILS_R,PRC_GET_CUR_DATA,PKG_GRP_LOAD_RPT_RESERVE_DETAILS_R_PRC_GET_CUR_DATA,RPT_RESERVE_DETAILS_R,N_CHG_RESERVE_DIRECT__GAAP__R,FCT_LG_RESERVE_DETAILS_R,N_CHG_RESERVE_DIRECT__GAAP__R,Direct
PKG Procedure,PKG_GRP_LOAD_RPT_RESERVE_DETAILS_R,PRC_GET_CUR_DATA,PKG_GRP_LOAD_RPT_RESERVE_DETAILS_R_PRC_GET_CUR_DATA,RPT_RESERVE_DETAILS_R,N_CHG_RESERVE_DIRECT__STAT__R,FCT_LG_RESERVE_DETAILS_R,N_CHG_RESERVE_DIRECT__STAT__R,Direct
PKG Procedure,PKG_GRP_LOAD_RPT_RESERVE_DETAILS_R,PRC_GET_CUR_DATA,PKG_GRP_LOAD_RPT_RESERVE_DETAILS_R_PRC_GET_CUR_DATA,RPT_RESERVE_DETAILS_R,N_CHG_RSRV_DIRECT_BEST_ESTMT_CEDED_R,FCT_LG_RESERVE_DETAILS_R,N_CHG_RSRV_DIRECT_BEST_ESTMT_R,Direct
PKG Procedure,PKG_GRP_LOAD_RPT_RESERVE_DETAILS_R,PRC_GET_CUR_DATA,PKG_GRP_LOAD_RPT_RESERVE_DETAILS_R_PRC_GET_CUR_DATA,RPT_RESERVE_DETAILS_R,N_CHG_RSRV_DIRECT_BEST_ESTMT_CEDED_R,FCT_LG_RESERVE_DETAILS_R,N_TOTAL_REINSURANCE_PCT_R,Direct
PKG Procedure,PKG_GRP_LOAD_RPT_RESERVE_DETAILS_R,PRC_GET_CUR_DATA,PKG_GRP_LOAD_RPT_RESERVE_DETAILS_R_PRC_GET_CUR_DATA,RPT_RESERVE_DETAILS_R,N_CHG_RSRV_DIRECT_BEST_ESTMT_NET_R,FCT_LG_RESERVE_DETAILS_R,N_CHG_RSRV_DIRECT_BEST_ESTMT_R,Direct
PKG Procedure,PKG_GRP_LOAD_RPT_RESERVE_DETAILS_R,PRC_GET_CUR_DATA,PKG_GRP_LOAD_RPT_RESERVE_DETAILS_R_PRC_GET_CUR_DATA,RPT_RESERVE_DETAILS_R,N_CHG_RSRV_DIRECT_BEST_ESTMT_NET_R,FCT_LG_RESERVE_DETAILS_R,N_TOTAL_REINSURANCE_PCT_R,Direct
PKG Procedure,PKG_GRP_LOAD_RPT_RESERVE_DETAILS_R,PRC_GET_CUR_DATA,PKG_GRP_LOAD_RPT_RESERVE_DETAILS_R_PRC_GET_CUR_DATA,RPT_RESERVE_DETAILS_R,N_CHG_RSRV_DIRECT_BEST_ESTMT_R,FCT_LG_RESERVE_DETAILS_R,N_CHG_RSRV_DIRECT_BEST_ESTMT_R,Direct
PKG Procedure,PKG_GRP_LOAD_RPT_RESERVE_DETAILS_R,PRC_GET_CUR_DATA,PKG_GRP_LOAD_RPT_RESERVE_DETAILS_R_PRC_GET_CUR_DATA,RPT_RESERVE_DETAILS_R,N_CLAIM_COVERAGE_GROUP_Sk_R,rpt_claim_dtl_r,N_CLAIM_COVERAGE_GROUP_Sk_R,nvl
PKG Procedure,PKG_GRP_LOAD_RPT_RESERVE_DETAILS_R,PRC_GET_CUR_DATA,PKG_GRP_LOAD_RPT_RESERVE_DETAILS_R_PRC_GET_CUR_DATA,RPT_RESERVE_DETAILS_R,N_CURRENT_RESERVE_CEDED_R,FCT_LG_RESERVE_DETAILS_R,N_CURRENT_RESERVE_R,Direct
PKG Procedure,PKG_GRP_LOAD_RPT_RESERVE_DETAILS_R,PRC_GET_CUR_DATA,PKG_GRP_LOAD_RPT_RESERVE_DETAILS_R_PRC_GET_CUR_DATA,RPT_RESERVE_DETAILS_R,N_CURRENT_RESERVE_CEDED_R,FCT_LG_RESERVE_DETAILS_R,N_TOTAL_REINSURANCE_PCT_R,Direct
PKG Procedure,PKG_GRP_LOAD_RPT_RESERVE_DETAILS_R,PRC_GET_CUR_DATA,PKG_GRP_LOAD_RPT_RESERVE_DETAILS_R_PRC_GET_CUR_DATA,RPT_RESERVE_DETAILS_R,N_CURRENT_RESERVE_NET_R,FCT_LG_RESERVE_DETAILS_R,N_CURRENT_RESERVE_R,Direct
PKG Procedure,PKG_GRP_LOAD_RPT_RESERVE_DETAILS_R,PRC_GET_CUR_DATA,PKG_GRP_LOAD_RPT_RESERVE_DETAILS_R_PRC_GET_CUR_DATA,RPT_RESERVE_DETAILS_R,N_CURRENT_RESERVE_NET_R,FCT_LG_RESERVE_DETAILS_R,N_TOTAL_REINSURANCE_PCT_R,Direct
PKG Procedure,PKG_GRP_LOAD_RPT_RESERVE_DETAILS_R,PRC_GET_CUR_DATA,PKG_GRP_LOAD_RPT_RESERVE_DETAILS_R_PRC_GET_CUR_DATA,RPT_RESERVE_DETAILS_R,N_CURRENT_RESERVE_R,FCT_LG_RESERVE_DETAILS_R,N_CURRENT_RESERVE_R,Direct
PKG Procedure,PKG_GRP_LOAD_RPT_RESERVE_DETAILS_R,PRC_GET_CUR_DATA,PKG_GRP_LOAD_RPT_RESERVE_DETAILS_R_PRC_GET_CUR_DATA,RPT_RESERVE_DETAILS_R,N_CUST_PARTY_SK_R,fct_grp_policy_r,N_CUST_PARTY_SK_R,nvl
PKG Procedure,PKG_GRP_LOAD_RPT_RESERVE_DETAILS_R,PRC_GET_CUR_DATA,PKG_GRP_LOAD_RPT_RESERVE_DETAILS_R_PRC_GET_CUR_DATA,RPT_RESERVE_DETAILS_R,N_EMPLOYEE_SK_R,dim_employee_r,N_EMPLOYEE_SK_R,Direct
PKG Procedure,PKG_GRP_LOAD_RPT_RESERVE_DETAILS_R,PRC_GET_CUR_DATA,PKG_GRP_LOAD_RPT_RESERVE_DETAILS_R_PRC_GET_CUR_DATA,RPT_RESERVE_DETAILS_R,N_FINANCIAL_NET_BENEFIT_R,FCT_LG_RESERVE_DETAILS_R,N_FINANCIAL_NET_BENEFIT_R,Direct
PKG Procedure,PKG_GRP_LOAD_RPT_RESERVE_DETAILS_R,PRC_GET_CUR_DATA,PKG_GRP_LOAD_RPT_RESERVE_DETAILS_R_PRC_GET_CUR_DATA,RPT_RESERVE_DETAILS_R,N_GROSS_BENEFIT_R,FCT_LG_RESERVE_DETAILS_R,N_GROSS_BENEFIT_R,Direct
PKG Procedure,PKG_GRP_LOAD_RPT_RESERVE_DETAILS_R,PRC_GET_CUR_DATA,PKG_GRP_LOAD_RPT_RESERVE_DETAILS_R_PRC_GET_CUR_DATA,RPT_RESERVE_DETAILS_R,N_INSRD_PARTY_SK_R,dim_grp_claim_detail_r,N_INSRD_PARTY_SK_R,NVL
PKG Procedure,PKG_GRP_LOAD_RPT_RESERVE_DETAILS_R,PRC_GET_CUR_DATA,PKG_GRP_LOAD_RPT_RESERVE_DETAILS_R_PRC_GET_CUR_DATA,RPT_RESERVE_DETAILS_R,N_NET_BENEFIT_R,FCT_LG_RESERVE_DETAILS_R,N_NET_BENEFIT_R,Direct
PKG Procedure,PKG_GRP_LOAD_RPT_RESERVE_DETAILS_R,PRC_GET_CUR_DATA,PKG_GRP_LOAD_RPT_RESERVE_DETAILS_R_PRC_GET_CUR_DATA,RPT_RESERVE_DETAILS_R,N_ORIGINAL_RESERVE_CEDED_R,FCT_LG_RESERVE_DETAILS_R,N_ORIGINAL_RESERVE_R,Direct
PKG Procedure,PKG_GRP_LOAD_RPT_RESERVE_DETAILS_R,PRC_GET_CUR_DATA,PKG_GRP_LOAD_RPT_RESERVE_DETAILS_R_PRC_GET_CUR_DATA,RPT_RESERVE_DETAILS_R,N_ORIGINAL_RESERVE_CEDED_R,FCT_LG_RESERVE_DETAILS_R,N_TOTAL_REINSURANCE_PCT_R,Direct
PKG Procedure,PKG_GRP_LOAD_RPT_RESERVE_DETAILS_R,PRC_GET_CUR_DATA,PKG_GRP_LOAD_RPT_RESERVE_DETAILS_R_PRC_GET_CUR_DATA,RPT_RESERVE_DETAILS_R,N_ORIGINAL_RESERVE_NET_R,FCT_LG_RESERVE_DETAILS_R,N_ORIGINAL_RESERVE_R,Direct
PKG Procedure,PKG_GRP_LOAD_RPT_RESERVE_DETAILS_R,PRC_GET_CUR_DATA,PKG_GRP_LOAD_RPT_RESERVE_DETAILS_R_PRC_GET_CUR_DATA,RPT_RESERVE_DETAILS_R,N_ORIGINAL_RESERVE_NET_R,FCT_LG_RESERVE_DETAILS_R,N_TOTAL_REINSURANCE_PCT_R,Direct
PKG Procedure,PKG_GRP_LOAD_RPT_RESERVE_DETAILS_R,PRC_GET_CUR_DATA,PKG_GRP_LOAD_RPT_RESERVE_DETAILS_R_PRC_GET_CUR_DATA,RPT_RESERVE_DETAILS_R,N_ORIGINAL_RESERVE_R,FCT_LG_RESERVE_DETAILS_R,N_ORIGINAL_RESERVE_R,Direct
PKG Procedure,PKG_GRP_LOAD_RPT_RESERVE_DETAILS_R,PRC_GET_CUR_DATA,PKG_GRP_LOAD_RPT_RESERVE_DETAILS_R_PRC_GET_CUR_DATA,RPT_RESERVE_DETAILS_R,N_PRIMARY_REINSURER_REINSURANCE_PCT_R,FCT_LG_RESERVE_DETAILS_R,N_PRIMARY_REINSURER_REINSURANCE_PCT_R,Direct
PKG Procedure,PKG_GRP_LOAD_RPT_RESERVE_DETAILS_R,PRC_GET_CUR_DATA,PKG_GRP_LOAD_RPT_RESERVE_DETAILS_R_PRC_GET_CUR_DATA,RPT_RESERVE_DETAILS_R,N_PRIMARY_REINSURER_REINS_SHARE_PCT_R,FCT_LG_RESERVE_DETAILS_R,N_PRIMARY_REINSURER_REINS_SHARE_PCT_R,Direct
PKG Procedure,PKG_GRP_LOAD_RPT_RESERVE_DETAILS_R,PRC_GET_CUR_DATA,PKG_GRP_LOAD_RPT_RESERVE_DETAILS_R_PRC_GET_CUR_DATA,RPT_RESERVE_DETAILS_R,N_PRIOR_RESERVE_DIRECT_BEST_ESTMT_CEDED_R,FCT_LG_RESERVE_DETAILS_R,N_CHG_RSRV_DIRECT_BEST_ESTMT_R,Direct
PKG Procedure,PKG_GRP_LOAD_RPT_RESERVE_DETAILS_R,PRC_GET_CUR_DATA,PKG_GRP_LOAD_RPT_RESERVE_DETAILS_R_PRC_GET_CUR_DATA,RPT_RESERVE_DETAILS_R,N_PRIOR_RESERVE_DIRECT_BEST_ESTMT_CEDED_R,FCT_LG_RESERVE_DETAILS_R,N_RESERVE_DIRECT_BEST_ESTMT_R,Direct
PKG Procedure,PKG_GRP_LOAD_RPT_RESERVE_DETAILS_R,PRC_GET_CUR_DATA,PKG_GRP_LOAD_RPT_RESERVE_DETAILS_R_PRC_GET_CUR_DATA,RPT_RESERVE_DETAILS_R,N_PRIOR_RESERVE_DIRECT_BEST_ESTMT_CEDED_R,FCT_LG_RESERVE_DETAILS_R,N_TOTAL_REINSURANCE_PCT_R,Direct
PKG Procedure,PKG_GRP_LOAD_RPT_RESERVE_DETAILS_R,PRC_GET_CUR_DATA,PKG_GRP_LOAD_RPT_RESERVE_DETAILS_R_PRC_GET_CUR_DATA,RPT_RESERVE_DETAILS_R,N_PRIOR_RESERVE_DIRECT_BEST_ESTMT_NET_R,FCT_LG_RESERVE_DETAILS_R,N_CHG_RSRV_DIRECT_BEST_ESTMT_R,Direct
PKG Procedure,PKG_GRP_LOAD_RPT_RESERVE_DETAILS_R,PRC_GET_CUR_DATA,PKG_GRP_LOAD_RPT_RESERVE_DETAILS_R_PRC_GET_CUR_DATA,RPT_RESERVE_DETAILS_R,N_PRIOR_RESERVE_DIRECT_BEST_ESTMT_NET_R,FCT_LG_RESERVE_DETAILS_R,N_RESERVE_DIRECT_BEST_ESTMT_R,Direct
PKG Procedure,PKG_GRP_LOAD_RPT_RESERVE_DETAILS_R,PRC_GET_CUR_DATA,PKG_GRP_LOAD_RPT_RESERVE_DETAILS_R_PRC_GET_CUR_DATA,RPT_RESERVE_DETAILS_R,N_PRIOR_RESERVE_DIRECT_BEST_ESTMT_NET_R,FCT_LG_RESERVE_DETAILS_R,N_TOTAL_REINSURANCE_PCT_R,Direct
PKG Procedure,PKG_GRP_LOAD_RPT_RESERVE_DETAILS_R,PRC_GET_CUR_DATA,PKG_GRP_LOAD_RPT_RESERVE_DETAILS_R_PRC_GET_CUR_DATA,RPT_RESERVE_DETAILS_R,N_PRIOR_RESERVE_DIRECT_BEST_ESTMT_R,FCT_LG_RESERVE_DETAILS_R,N_CHG_RSRV_DIRECT_BEST_ESTMT_R,Direct
PKG Procedure,PKG_GRP_LOAD_RPT_RESERVE_DETAILS_R,PRC_GET_CUR_DATA,PKG_GRP_LOAD_RPT_RESERVE_DETAILS_R_PRC_GET_CUR_DATA,RPT_RESERVE_DETAILS_R,N_PRIOR_RESERVE_DIRECT_BEST_ESTMT_R,FCT_LG_RESERVE_DETAILS_R,N_RESERVE_DIRECT_BEST_ESTMT_R,Direct
PKG Procedure,PKG_GRP_LOAD_RPT_RESERVE_DETAILS_R,PRC_GET_CUR_DATA,PKG_GRP_LOAD_RPT_RESERVE_DETAILS_R_PRC_GET_CUR_DATA,RPT_RESERVE_DETAILS_R,N_PRIOR_RESERVE_DIRECT_FIELD_CEDED_R,FCT_LG_RESERVE_DETAILS_R,N_CHG_RESERVE_DIRECT__FIELD__R,Direct
PKG Procedure,PKG_GRP_LOAD_RPT_RESERVE_DETAILS_R,PRC_GET_CUR_DATA,PKG_GRP_LOAD_RPT_RESERVE_DETAILS_R_PRC_GET_CUR_DATA,RPT_RESERVE_DETAILS_R,N_PRIOR_RESERVE_DIRECT_FIELD_CEDED_R,FCT_LG_RESERVE_DETAILS_R,N_RESERVE_DIRECT__FIELD__R,Direct
PKG Procedure,PKG_GRP_LOAD_RPT_RESERVE_DETAILS_R,PRC_GET_CUR_DATA,PKG_GRP_LOAD_RPT_RESERVE_DETAILS_R_PRC_GET_CUR_DATA,RPT_RESERVE_DETAILS_R,N_PRIOR_RESERVE_DIRECT_FIELD_CEDED_R,FCT_LG_RESERVE_DETAILS_R,N_TOTAL_REINSURANCE_PCT_R,Direct
PKG Procedure,PKG_GRP_LOAD_RPT_RESERVE_DETAILS_R,PRC_GET_CUR_DATA,PKG_GRP_LOAD_RPT_RESERVE_DETAILS_R_PRC_GET_CUR_DATA,RPT_RESERVE_DETAILS_R,N_PRIOR_RESERVE_DIRECT_FIELD_NET_R,FCT_LG_RESERVE_DETAILS_R,N_CHG_RESERVE_DIRECT__FIELD__R,Direct
PKG Procedure,PKG_GRP_LOAD_RPT_RESERVE_DETAILS_R,PRC_GET_CUR_DATA,PKG_GRP_LOAD_RPT_RESERVE_DETAILS_R_PRC_GET_CUR_DATA,RPT_RESERVE_DETAILS_R,N_PRIOR_RESERVE_DIRECT_FIELD_NET_R,FCT_LG_RESERVE_DETAILS_R,N_RESERVE_DIRECT__FIELD__R,Direct
PKG Procedure,PKG_GRP_LOAD_RPT_RESERVE_DETAILS_R,PRC_GET_CUR_DATA,PKG_GRP_LOAD_RPT_RESERVE_DETAILS_R_PRC_GET_CUR_DATA,RPT_RESERVE_DETAILS_R,N_PRIOR_RESERVE_DIRECT_FIELD_NET_R,FCT_LG_RESERVE_DETAILS_R,N_TOTAL_REINSURANCE_PCT_R,Direct
PKG Procedure,PKG_GRP_LOAD_RPT_RESERVE_DETAILS_R,PRC_GET_CUR_DATA,PKG_GRP_LOAD_RPT_RESERVE_DETAILS_R_PRC_GET_CUR_DATA,RPT_RESERVE_DETAILS_R,N_PRIOR_RESERVE_DIRECT_FIELD_R,FCT_LG_RESERVE_DETAILS_R,N_CHG_RESERVE_DIRECT__FIELD__R,Direct
PKG Procedure,PKG_GRP_LOAD_RPT_RESERVE_DETAILS_R,PRC_GET_CUR_DATA,PKG_GRP_LOAD_RPT_RESERVE_DETAILS_R_PRC_GET_CUR_DATA,RPT_RESERVE_DETAILS_R,N_PRIOR_RESERVE_DIRECT_FIELD_R,FCT_LG_RESERVE_DETAILS_R,N_RESERVE_DIRECT__FIELD__R,Direct
PKG Procedure,PKG_GRP_LOAD_RPT_RESERVE_DETAILS_R,PRC_GET_CUR_DATA,PKG_GRP_LOAD_RPT_RESERVE_DETAILS_R_PRC_GET_CUR_DATA,RPT_RESERVE_DETAILS_R,N_PRIOR_RESERVE_DIRECT_GAAP_CEDED_R,FCT_LG_RESERVE_DETAILS_R,N_CHG_RESERVE_DIRECT__GAAP__R,Direct
PKG Procedure,PKG_GRP_LOAD_RPT_RESERVE_DETAILS_R,PRC_GET_CUR_DATA,PKG_GRP_LOAD_RPT_RESERVE_DETAILS_R_PRC_GET_CUR_DATA,RPT_RESERVE_DETAILS_R,N_PRIOR_RESERVE_DIRECT_GAAP_CEDED_R,FCT_LG_RESERVE_DETAILS_R,N_RESERVE_DIRECT__GAAP__R,Direct
PKG Procedure,PKG_GRP_LOAD_RPT_RESERVE_DETAILS_R,PRC_GET_CUR_DATA,PKG_GRP_LOAD_RPT_RESERVE_DETAILS_R_PRC_GET_CUR_DATA,RPT_RESERVE_DETAILS_R,N_PRIOR_RESERVE_DIRECT_GAAP_CEDED_R,FCT_LG_RESERVE_DETAILS_R,N_TOTAL_REINSURANCE_PCT_R,Direct
PKG Procedure,PKG_GRP_LOAD_RPT_RESERVE_DETAILS_R,PRC_GET_CUR_DATA,PKG_GRP_LOAD_RPT_RESERVE_DETAILS_R_PRC_GET_CUR_DATA,RPT_RESERVE_DETAILS_R,N_PRIOR_RESERVE_DIRECT_GAAP_NET_R,FCT_LG_RESERVE_DETAILS_R,N_CHG_RESERVE_DIRECT__GAAP__R,Direct
PKG Procedure,PKG_GRP_LOAD_RPT_RESERVE_DETAILS_R,PRC_GET_CUR_DATA,PKG_GRP_LOAD_RPT_RESERVE_DETAILS_R_PRC_GET_CUR_DATA,RPT_RESERVE_DETAILS_R,N_PRIOR_RESERVE_DIRECT_GAAP_NET_R,FCT_LG_RESERVE_DETAILS_R,N_RESERVE_DIRECT__GAAP__R,Direct
PKG Procedure,PKG_GRP_LOAD_RPT_RESERVE_DETAILS_R,PRC_GET_CUR_DATA,PKG_GRP_LOAD_RPT_RESERVE_DETAILS_R_PRC_GET_CUR_DATA,RPT_RESERVE_DETAILS_R,N_PRIOR_RESERVE_DIRECT_GAAP_NET_R,FCT_LG_RESERVE_DETAILS_R,N_TOTAL_REINSURANCE_PCT_R,Direct
PKG Procedure,PKG_GRP_LOAD_RPT_RESERVE_DETAILS_R,PRC_GET_CUR_DATA,PKG_GRP_LOAD_RPT_RESERVE_DETAILS_R_PRC_GET_CUR_DATA,RPT_RESERVE_DETAILS_R,N_PRIOR_RESERVE_DIRECT_GAAP_R,FCT_LG_RESERVE_DETAILS_R,N_CHG_RESERVE_DIRECT__GAAP__R,Direct
PKG Procedure,PKG_GRP_LOAD_RPT_RESERVE_DETAILS_R,PRC_GET_CUR_DATA,PKG_GRP_LOAD_RPT_RESERVE_DETAILS_R_PRC_GET_CUR_DATA,RPT_RESERVE_DETAILS_R,N_PRIOR_RESERVE_DIRECT_GAAP_R,FCT_LG_RESERVE_DETAILS_R,N_RESERVE_DIRECT__GAAP__R,Direct
PKG Procedure,PKG_GRP_LOAD_RPT_RESERVE_DETAILS_R,PRC_GET_CUR_DATA,PKG_GRP_LOAD_RPT_RESERVE_DETAILS_R_PRC_GET_CUR_DATA,RPT_RESERVE_DETAILS_R,N_PRIOR_RESERVE_DIRECT_STAT_CEDED_R,FCT_LG_RESERVE_DETAILS_R,N_CHG_RESERVE_DIRECT__STAT__R,Direct
PKG Procedure,PKG_GRP_LOAD_RPT_RESERVE_DETAILS_R,PRC_GET_CUR_DATA,PKG_GRP_LOAD_RPT_RESERVE_DETAILS_R_PRC_GET_CUR_DATA,RPT_RESERVE_DETAILS_R,N_PRIOR_RESERVE_DIRECT_STAT_CEDED_R,FCT_LG_RESERVE_DETAILS_R,N_RESERVE_DIRECT__STAT__R,Direct
PKG Procedure,PKG_GRP_LOAD_RPT_RESERVE_DETAILS_R,PRC_GET_CUR_DATA,PKG_GRP_LOAD_RPT_RESERVE_DETAILS_R_PRC_GET_CUR_DATA,RPT_RESERVE_DETAILS_R,N_PRIOR_RESERVE_DIRECT_STAT_CEDED_R,FCT_LG_RESERVE_DETAILS_R,N_TOTAL_REINSURANCE_PCT_R,Direct
PKG Procedure,PKG_GRP_LOAD_RPT_RESERVE_DETAILS_R,PRC_GET_CUR_DATA,PKG_GRP_LOAD_RPT_RESERVE_DETAILS_R_PRC_GET_CUR_DATA,RPT_RESERVE_DETAILS_R,N_PRIOR_RESERVE_DIRECT_STAT_NET_R,FCT_LG_RESERVE_DETAILS_R,N_CHG_RESERVE_DIRECT__STAT__R,Direct
PKG Procedure,PKG_GRP_LOAD_RPT_RESERVE_DETAILS_R,PRC_GET_CUR_DATA,PKG_GRP_LOAD_RPT_RESERVE_DETAILS_R_PRC_GET_CUR_DATA,RPT_RESERVE_DETAILS_R,N_PRIOR_RESERVE_DIRECT_STAT_NET_R,FCT_LG_RESERVE_DETAILS_R,N_RESERVE_DIRECT__STAT__R,Direct
PKG Procedure,PKG_GRP_LOAD_RPT_RESERVE_DETAILS_R,PRC_GET_CUR_DATA,PKG_GRP_LOAD_RPT_RESERVE_DETAILS_R_PRC_GET_CUR_DATA,RPT_RESERVE_DETAILS_R,N_PRIOR_RESERVE_DIRECT_STAT_NET_R,FCT_LG_RESERVE_DETAILS_R,N_TOTAL_REINSURANCE_PCT_R,Direct
PKG Procedure,PKG_GRP_LOAD_RPT_RESERVE_DETAILS_R,PRC_GET_CUR_DATA,PKG_GRP_LOAD_RPT_RESERVE_DETAILS_R_PRC_GET_CUR_DATA,RPT_RESERVE_DETAILS_R,N_PRIOR_RESERVE_DIRECT_STAT_R,FCT_LG_RESERVE_DETAILS_R,N_CHG_RESERVE_DIRECT__STAT__R,Direct
PKG Procedure,PKG_GRP_LOAD_RPT_RESERVE_DETAILS_R,PRC_GET_CUR_DATA,PKG_GRP_LOAD_RPT_RESERVE_DETAILS_R_PRC_GET_CUR_DATA,RPT_RESERVE_DETAILS_R,N_PRIOR_RESERVE_DIRECT_STAT_R,FCT_LG_RESERVE_DETAILS_R,N_RESERVE_DIRECT__STAT__R,Direct
PKG Procedure,PKG_GRP_LOAD_RPT_RESERVE_DETAILS_R,PRC_GET_CUR_DATA,PKG_GRP_LOAD_RPT_RESERVE_DETAILS_R_PRC_GET_CUR_DATA,RPT_RESERVE_DETAILS_R,N_PRODUCT_SK_R,mvw_product_sk_lookup,N_PRODUCT_SK_R,Direct
PKG Procedure,PKG_GRP_LOAD_RPT_RESERVE_DETAILS_R,PRC_GET_CUR_DATA,PKG_GRP_LOAD_RPT_RESERVE_DETAILS_R_PRC_GET_CUR_DATA,RPT_RESERVE_DETAILS_R,N_REPORTMONTH_R,,,Constant / Expression
PKG Procedure,PKG_GRP_LOAD_RPT_RESERVE_DETAILS_R,PRC_GET_CUR_DATA,PKG_GRP_LOAD_RPT_RESERVE_DETAILS_R_PRC_GET_CUR_DATA,RPT_RESERVE_DETAILS_R,N_RESERVE_CEDED_GAAP_R,FCT_LG_RESERVE_DETAILS_R,N_RESERVE_CEDED__GAAP__R,Direct
PKG Procedure,PKG_GRP_LOAD_RPT_RESERVE_DETAILS_R,PRC_GET_CUR_DATA,PKG_GRP_LOAD_RPT_RESERVE_DETAILS_R_PRC_GET_CUR_DATA,RPT_RESERVE_DETAILS_R,N_RESERVE_CEDED_STAT_R,FCT_LG_RESERVE_DETAILS_R,N_RESERVE_CEDED__STAT__R,Direct
PKG Procedure,PKG_GRP_LOAD_RPT_RESERVE_DETAILS_R,PRC_GET_CUR_DATA,PKG_GRP_LOAD_RPT_RESERVE_DETAILS_R_PRC_GET_CUR_DATA,RPT_RESERVE_DETAILS_R,N_RESERVE_DIRECT_BEST_ESTMT_CEDED_R,FCT_LG_RESERVE_DETAILS_R,N_RESERVE_DIRECT_BEST_ESTMT_R,Direct
PKG Procedure,PKG_GRP_LOAD_RPT_RESERVE_DETAILS_R,PRC_GET_CUR_DATA,PKG_GRP_LOAD_RPT_RESERVE_DETAILS_R_PRC_GET_CUR_DATA,RPT_RESERVE_DETAILS_R,N_RESERVE_DIRECT_BEST_ESTMT_CEDED_R,FCT_LG_RESERVE_DETAILS_R,N_TOTAL_REINSURANCE_PCT_R,Direct
PKG Procedure,PKG_GRP_LOAD_RPT_RESERVE_DETAILS_R,PRC_GET_CUR_DATA,PKG_GRP_LOAD_RPT_RESERVE_DETAILS_R_PRC_GET_CUR_DATA,RPT_RESERVE_DETAILS_R,N_RESERVE_DIRECT_BEST_ESTMT_NET_R,FCT_LG_RESERVE_DETAILS_R,N_RESERVE_DIRECT_BEST_ESTMT_R,Direct
PKG Procedure,PKG_GRP_LOAD_RPT_RESERVE_DETAILS_R,PRC_GET_CUR_DATA,PKG_GRP_LOAD_RPT_RESERVE_DETAILS_R_PRC_GET_CUR_DATA,RPT_RESERVE_DETAILS_R,N_RESERVE_DIRECT_BEST_ESTMT_NET_R,FCT_LG_RESERVE_DETAILS_R,N_TOTAL_REINSURANCE_PCT_R,Direct
PKG Procedure,PKG_GRP_LOAD_RPT_RESERVE_DETAILS_R,PRC_GET_CUR_DATA,PKG_GRP_LOAD_RPT_RESERVE_DETAILS_R_PRC_GET_CUR_DATA,RPT_RESERVE_DETAILS_R,N_RESERVE_DIRECT_BEST_ESTMT_R,FCT_LG_RESERVE_DETAILS_R,N_RESERVE_DIRECT_BEST_ESTMT_R,Direct
PKG Procedure,PKG_GRP_LOAD_RPT_RESERVE_DETAILS_R,PRC_GET_CUR_DATA,PKG_GRP_LOAD_RPT_RESERVE_DETAILS_R_PRC_GET_CUR_DATA,RPT_RESERVE_DETAILS_R,N_RESERVE_DIRECT_FIELD_CEDED_R,FCT_LG_RESERVE_DETAILS_R,N_RESERVE_DIRECT__FIELD__R,Direct
PKG Procedure,PKG_GRP_LOAD_RPT_RESERVE_DETAILS_R,PRC_GET_CUR_DATA,PKG_GRP_LOAD_RPT_RESERVE_DETAILS_R_PRC_GET_CUR_DATA,RPT_RESERVE_DETAILS_R,N_RESERVE_DIRECT_FIELD_CEDED_R,FCT_LG_RESERVE_DETAILS_R,N_TOTAL_REINSURANCE_PCT_R,Direct
PKG Procedure,PKG_GRP_LOAD_RPT_RESERVE_DETAILS_R,PRC_GET_CUR_DATA,PKG_GRP_LOAD_RPT_RESERVE_DETAILS_R_PRC_GET_CUR_DATA,RPT_RESERVE_DETAILS_R,N_RESERVE_DIRECT_FIELD_NET_R,FCT_LG_RESERVE_DETAILS_R,N_RESERVE_DIRECT__FIELD__R,Direct
PKG Procedure,PKG_GRP_LOAD_RPT_RESERVE_DETAILS_R,PRC_GET_CUR_DATA,PKG_GRP_LOAD_RPT_RESERVE_DETAILS_R_PRC_GET_CUR_DATA,RPT_RESERVE_DETAILS_R,N_RESERVE_DIRECT_FIELD_NET_R,FCT_LG_RESERVE_DETAILS_R,N_TOTAL_REINSURANCE_PCT_R,Direct
PKG Procedure,PKG_GRP_LOAD_RPT_RESERVE_DETAILS_R,PRC_GET_CUR_DATA,PKG_GRP_LOAD_RPT_RESERVE_DETAILS_R_PRC_GET_CUR_DATA,RPT_RESERVE_DETAILS_R,N_RESERVE_DIRECT_GAAP_CEDED_R,FCT_LG_RESERVE_DETAILS_R,N_RESERVE_DIRECT__GAAP__R,Direct
PKG Procedure,PKG_GRP_LOAD_RPT_RESERVE_DETAILS_R,PRC_GET_CUR_DATA,PKG_GRP_LOAD_RPT_RESERVE_DETAILS_R_PRC_GET_CUR_DATA,RPT_RESERVE_DETAILS_R,N_RESERVE_DIRECT_GAAP_CEDED_R,FCT_LG_RESERVE_DETAILS_R,N_TOTAL_REINSURANCE_PCT_R,Direct
PKG Procedure,PKG_GRP_LOAD_RPT_RESERVE_DETAILS_R,PRC_GET_CUR_DATA,PKG_GRP_LOAD_RPT_RESERVE_DETAILS_R_PRC_GET_CUR_DATA,RPT_RESERVE_DETAILS_R,N_RESERVE_DIRECT_GAAP_NET_R,FCT_LG_RESERVE_DETAILS_R,N_RESERVE_DIRECT__GAAP__R,Direct
PKG Procedure,PKG_GRP_LOAD_RPT_RESERVE_DETAILS_R,PRC_GET_CUR_DATA,PKG_GRP_LOAD_RPT_RESERVE_DETAILS_R_PRC_GET_CUR_DATA,RPT_RESERVE_DETAILS_R,N_RESERVE_DIRECT_GAAP_NET_R,FCT_LG_RESERVE_DETAILS_R,N_TOTAL_REINSURANCE_PCT_R,NVL
PKG Procedure,PKG_GRP_LOAD_RPT_RESERVE_DETAILS_R,PRC_GET_CUR_DATA,PKG_GRP_LOAD_RPT_RESERVE_DETAILS_R_PRC_GET_CUR_DATA,RPT_RESERVE_DETAILS_R,N_RESERVE_DIRECT_STAT_CEDED_R,FCT_LG_RESERVE_DETAILS_R,N_RESERVE_DIRECT__STAT__R,Direct
PKG Procedure,PKG_GRP_LOAD_RPT_RESERVE_DETAILS_R,PRC_GET_CUR_DATA,PKG_GRP_LOAD_RPT_RESERVE_DETAILS_R_PRC_GET_CUR_DATA,RPT_RESERVE_DETAILS_R,N_RESERVE_DIRECT_STAT_CEDED_R,FCT_LG_RESERVE_DETAILS_R,N_TOTAL_REINSURANCE_PCT_R,Direct
PKG Procedure,PKG_GRP_LOAD_RPT_RESERVE_DETAILS_R,PRC_GET_CUR_DATA,PKG_GRP_LOAD_RPT_RESERVE_DETAILS_R_PRC_GET_CUR_DATA,RPT_RESERVE_DETAILS_R,N_RESERVE_DIRECT_STAT_NET_R,FCT_LG_RESERVE_DETAILS_R,N_RESERVE_DIRECT__STAT__R,Direct
PKG Procedure,PKG_GRP_LOAD_RPT_RESERVE_DETAILS_R,PRC_GET_CUR_DATA,PKG_GRP_LOAD_RPT_RESERVE_DETAILS_R_PRC_GET_CUR_DATA,RPT_RESERVE_DETAILS_R,N_RESERVE_DIRECT_STAT_NET_R,FCT_LG_RESERVE_DETAILS_R,N_TOTAL_REINSURANCE_PCT_R,NVL
PKG Procedure,PKG_GRP_LOAD_RPT_RESERVE_DETAILS_R,PRC_GET_CUR_DATA,PKG_GRP_LOAD_RPT_RESERVE_DETAILS_R_PRC_GET_CUR_DATA,RPT_RESERVE_DETAILS_R,N_RESERVE_DIRECT__FIELD__R,FCT_LG_RESERVE_DETAILS_R,N_RESERVE_DIRECT__FIELD__R,Direct
PKG Procedure,PKG_GRP_LOAD_RPT_RESERVE_DETAILS_R,PRC_GET_CUR_DATA,PKG_GRP_LOAD_RPT_RESERVE_DETAILS_R_PRC_GET_CUR_DATA,RPT_RESERVE_DETAILS_R,N_RESERVE_DIRECT__GAAP__R,FCT_LG_RESERVE_DETAILS_R,N_RESERVE_DIRECT__GAAP__R,Direct
PKG Procedure,PKG_GRP_LOAD_RPT_RESERVE_DETAILS_R,PRC_GET_CUR_DATA,PKG_GRP_LOAD_RPT_RESERVE_DETAILS_R_PRC_GET_CUR_DATA,RPT_RESERVE_DETAILS_R,N_RESERVE_DIRECT__STAT__R,FCT_LG_RESERVE_DETAILS_R,N_RESERVE_DIRECT__STAT__R,Direct
PKG Procedure,PKG_GRP_LOAD_RPT_RESERVE_DETAILS_R,PRC_GET_CUR_DATA,PKG_GRP_LOAD_RPT_RESERVE_DETAILS_R_PRC_GET_CUR_DATA,RPT_RESERVE_DETAILS_R,N_SECONDARY_REINSURER_REINSURANCE_PCT_R,FCT_LG_RESERVE_DETAILS_R,N_SECONDARY_REINSURER_REINSURANCE_PCT_R,Direct
PKG Procedure,PKG_GRP_LOAD_RPT_RESERVE_DETAILS_R,PRC_GET_CUR_DATA,PKG_GRP_LOAD_RPT_RESERVE_DETAILS_R_PRC_GET_CUR_DATA,RPT_RESERVE_DETAILS_R,N_SECONDARY_REINSURER_REINS_SHARE_PCT_R,FCT_LG_RESERVE_DETAILS_R,N_SECONDARY_REINSURER_REINS_SHARE_PCT_R,Direct
PKG Procedure,PKG_GRP_LOAD_RPT_RESERVE_DETAILS_R,PRC_GET_CUR_DATA,PKG_GRP_LOAD_RPT_RESERVE_DETAILS_R_PRC_GET_CUR_DATA,RPT_RESERVE_DETAILS_R,N_TERNARY_REINSURER_REINSURANCE_PCT_R,FCT_LG_RESERVE_DETAILS_R,N_TERNARY_REINSURER_REINSURANCE_PCT_R,Direct
PKG Procedure,PKG_GRP_LOAD_RPT_RESERVE_DETAILS_R,PRC_GET_CUR_DATA,PKG_GRP_LOAD_RPT_RESERVE_DETAILS_R_PRC_GET_CUR_DATA,RPT_RESERVE_DETAILS_R,N_TERNARY_REINSURER_REINS_SHARE_PCT_R,FCT_LG_RESERVE_DETAILS_R,N_TERNARY_REINSURER_REINS_SHARE_PCT_R,Direct
PKG Procedure,PKG_GRP_LOAD_RPT_RESERVE_DETAILS_R,PRC_GET_CUR_DATA,PKG_GRP_LOAD_RPT_RESERVE_DETAILS_R_PRC_GET_CUR_DATA,RPT_RESERVE_DETAILS_R,N_TOTAL_REINSURANCE_PCT_R,FCT_LG_RESERVE_DETAILS_R,N_TOTAL_REINSURANCE_PCT_R,Direct
PKG Procedure,PKG_GRP_LOAD_RPT_RESERVE_DETAILS_R,PRC_GET_CUR_DATA,PKG_GRP_LOAD_RPT_RESERVE_DETAILS_R_PRC_GET_CUR_DATA,RPT_RESERVE_DETAILS_R,N_UNADJUSTD_RSRV_DIRECT_STAT_R,FCT_LG_RESERVE_DETAILS_R,N_UNADJUSTD_RSRV_DIRECT_STAT_R,Direct
PKG Procedure,PKG_GRP_LOAD_RPT_RESERVE_DETAILS_R,PRC_GET_CUR_DATA,PKG_GRP_LOAD_RPT_RESERVE_DETAILS_R_PRC_GET_CUR_DATA,RPT_RESERVE_DETAILS_R,T_CREATION_DATE_R,,,Constant / Expression
PKG Procedure,PKG_GRP_LOAD_RPT_RESERVE_DETAILS_R,PRC_GET_CUR_DATA,PKG_GRP_LOAD_RPT_RESERVE_DETAILS_R_PRC_GET_CUR_DATA,RPT_RESERVE_DETAILS_R,T_LAST_MODIFIED_DATE_R,,,Constant / Expression
PKG Procedure,PKG_GRP_LOAD_RPT_RESERVE_DETAILS_R,PRC_GET_CUR_DATA,PKG_GRP_LOAD_RPT_RESERVE_DETAILS_R_PRC_GET_CUR_DATA,RPT_RESERVE_DETAILS_R,V_BEST_ESTMT_RESERVE_MODEL_R,FCT_LG_RESERVE_DETAILS_R,V_BEST_ESTMT_RESERVE_MODEL_R,Direct
PKG Procedure,PKG_GRP_LOAD_RPT_RESERVE_DETAILS_R,PRC_GET_CUR_DATA,PKG_GRP_LOAD_RPT_RESERVE_DETAILS_R_PRC_GET_CUR_DATA,RPT_RESERVE_DETAILS_R,V_CREATED_BY_R,,,Constant / Expression
PKG Procedure,PKG_GRP_LOAD_RPT_RESERVE_DETAILS_R,PRC_GET_CUR_DATA,PKG_GRP_LOAD_RPT_RESERVE_DETAILS_R_PRC_GET_CUR_DATA,RPT_RESERVE_DETAILS_R,V_LAST_MODIFIED_BY_R,,,Constant / Expression
PKG Procedure,PKG_GRP_LOAD_RPT_RESERVE_DETAILS_R,PRC_GET_CUR_DATA,PKG_GRP_LOAD_RPT_RESERVE_DETAILS_R_PRC_GET_CUR_DATA,RPT_RESERVE_DETAILS_R,V_PRIMARY_REINSURER_R,FCT_LG_RESERVE_DETAILS_R,V_PRIMARY_REINSURER_R,Direct
PKG Procedure,PKG_GRP_LOAD_RPT_RESERVE_DETAILS_R,PRC_GET_CUR_DATA,PKG_GRP_LOAD_RPT_RESERVE_DETAILS_R_PRC_GET_CUR_DATA,RPT_RESERVE_DETAILS_R,V_RESERVE_TYPE_IND_R,FCT_LG_RESERVE_DETAILS_R,V_RESERVE_TYPE_IND_R,Direct
PKG Procedure,PKG_GRP_LOAD_RPT_RESERVE_DETAILS_R,PRC_GET_CUR_DATA,PKG_GRP_LOAD_RPT_RESERVE_DETAILS_R_PRC_GET_CUR_DATA,RPT_RESERVE_DETAILS_R,V_RPT_ACTIVE_STATUS_R,,,Constant / Expression
PKG Procedure,PKG_GRP_LOAD_RPT_RESERVE_DETAILS_R,PRC_GET_CUR_DATA,PKG_GRP_LOAD_RPT_RESERVE_DETAILS_R_PRC_GET_CUR_DATA,RPT_RESERVE_DETAILS_R,V_SECONDARY_REINSURER_R,FCT_LG_RESERVE_DETAILS_R,V_SECONDARY_REINSURER_R,Direct
PKG Procedure,PKG_GRP_LOAD_RPT_RESERVE_DETAILS_R,PRC_GET_CUR_DATA,PKG_GRP_LOAD_RPT_RESERVE_DETAILS_R_PRC_GET_CUR_DATA,RPT_RESERVE_DETAILS_R,V_TERNARY_REINSURER_R,FCT_LG_RESERVE_DETAILS_R,V_TERNARY_REINSURER_R,Direct
PKG Procedure,PKG_GRP_LOAD_RPT_RESERVE_DETAILS_R,PRC_GET_CUR_DATA,PKG_GRP_LOAD_RPT_RESERVE_DETAILS_R_PRC_GET_CUR_DATA,RPT_RESERVE_DETAILS_R,n_claim_coverage_sk_r,rpt_claim_dtl_r,n_claim_coverage_sk_r,nvl
PKG Procedure,PKG_GRP_LOAD_RPT_RESERVE_DETAILS_R,PRC_GET_CUR_DATA,PKG_GRP_LOAD_RPT_RESERVE_DETAILS_R_PRC_GET_CUR_DATA,RPT_RESERVE_DETAILS_R,n_claim_sk_r,FCT_LG_RESERVE_DETAILS_R,n_claim_sk_r,Direct
PKG Procedure,PKG_GRP_LOAD_RPT_RESERVE_DETAILS_R,PRC_GET_CUR_DATA,PKG_GRP_LOAD_RPT_RESERVE_DETAILS_R_PRC_GET_CUR_DATA,RPT_RESERVE_DETAILS_R,n_policy_sk_r,FCT_LG_RESERVE_DETAILS_R,n_policy_Sk_r,Direct
PKG Procedure,PKG_GRP_LOAD_RPT_RESERVE_DETAILS_R,PRC_GET_CUR_DATA,PKG_GRP_LOAD_RPT_RESERVE_DETAILS_R_PRC_GET_CUR_DATA,RPT_RESERVE_DETAILS_R,n_unadjustd_rsrv_direct_gaap_r,FCT_LG_RESERVE_DETAILS_R,n_unadjustd_rsrv_direct_gaap_r,Direct
PKG Procedure,PKG_GRP_LOAD_RPT_RESERVE_DETAILS_R,PRC_UPD_DEL_DATA,PKG_GRP_LOAD_RPT_RESERVE_DETAILS_R_PRC_UPD_DEL_DATA,RPT_RESERVE_DETAILS_R,t_last_modified_date_r,RPT_RESERVE_DETAILS_R,gd_sysdate,Direct
PKG Procedure,PKG_GRP_LOAD_RPT_RESERVE_DETAILS_R,PRC_UPD_DEL_DATA,PKG_GRP_LOAD_RPT_RESERVE_DETAILS_R_PRC_UPD_DEL_DATA,RPT_RESERVE_DETAILS_R,v_last_modified_by_r,RPT_RESERVE_DETAILS_R,gc_updby,Direct
PKG Procedure,PKG_GRP_LOAD_RPT_RESERVE_DETAILS_R,PRC_UPD_DEL_DATA,PKG_GRP_LOAD_RPT_RESERVE_DETAILS_R_PRC_UPD_DEL_DATA,RPT_RESERVE_DETAILS_R,v_rpt_active_status_r,,,Constant / Expression
PKG Procedure,PKG_GRP_LOAD_RPT_WORKSHEET_DTL_R,PRC_GET_CUR_DATA,PKG_GRP_LOAD_RPT_WORKSHEET_DTL_R_PRC_GET_CUR_DATA,RPT_WORKSHEET_DTL_R,D_WORKSHEET_END_DATE_R,FCT_GRP_WORKSHEET,D_END_DATE_R,TO_DATE -> SUBSTR
PKG Procedure,PKG_GRP_LOAD_RPT_WORKSHEET_DTL_R,PRC_GET_CUR_DATA,PKG_GRP_LOAD_RPT_WORKSHEET_DTL_R_PRC_GET_CUR_DATA,RPT_WORKSHEET_DTL_R,D_WORKSHEET_START_DATE_R,FCT_GRP_WORKSHEET,D_START_DATE_R,TO_DATE -> SUBSTR
PKG Procedure,PKG_GRP_LOAD_RPT_WORKSHEET_DTL_R,PRC_GET_CUR_DATA,PKG_GRP_LOAD_RPT_WORKSHEET_DTL_R_PRC_GET_CUR_DATA,RPT_WORKSHEET_DTL_R,N_GROSS_BENEFIT_R,FCT_GRP_WORKSHEET,N_GROSS_BENEFIT_R,Direct
PKG Procedure,PKG_GRP_LOAD_RPT_WORKSHEET_DTL_R,PRC_GET_CUR_DATA,PKG_GRP_LOAD_RPT_WORKSHEET_DTL_R_PRC_GET_CUR_DATA,RPT_WORKSHEET_DTL_R,N_WORKSHEET_NUMBER_R,FCT_GRP_WORKSHEET,N_VERSION_R,Direct
PKG Procedure,PKG_GRP_LOAD_RPT_WORKSHEET_DTL_R,PRC_GET_CUR_DATA,PKG_GRP_LOAD_RPT_WORKSHEET_DTL_R_PRC_GET_CUR_DATA,RPT_WORKSHEET_DTL_R,N_WORKSHEET_SEQ_NBR_OBJECTNM_R,FCT_GRP_WORKSHEET,N_WORKSHEET_SEQ_NBR_OBJECTNM_R,Direct
PKG Procedure,PKG_GRP_LOAD_RPT_WORKSHEET_DTL_R,PRC_GET_CUR_DATA,PKG_GRP_LOAD_RPT_WORKSHEET_DTL_R_PRC_GET_CUR_DATA,RPT_WORKSHEET_DTL_R,N_WORKSHEET_SK_R,,,Constant / Expression
PKG Procedure,PKG_GRP_LOAD_RPT_WORKSHEET_DTL_R,PRC_GET_CUR_DATA,PKG_GRP_LOAD_RPT_WORKSHEET_DTL_R_PRC_GET_CUR_DATA,RPT_WORKSHEET_DTL_R,N_WS_NET_BENEFIT_R,FCT_GRP_WORKSHEET,N_RPT_NET_BENEFIT_R,Direct
PKG Procedure,PKG_GRP_LOAD_RPT_WORKSHEET_DTL_R,PRC_GET_CUR_DATA,PKG_GRP_LOAD_RPT_WORKSHEET_DTL_R_PRC_GET_CUR_DATA,RPT_WORKSHEET_DTL_R,V_WORKSHEET_INDICATOR_R,FCT_GRP_WORKSHEET,V_RPT_WORKSHEET_INDICATOR_R,Direct
PKG Procedure,PKG_GRP_LOAD_RPT_WORKSHEET_DTL_R,PRC_GET_CUR_DATA,PKG_GRP_LOAD_RPT_WORKSHEET_DTL_R_PRC_GET_CUR_DATA,RPT_WORKSHEET_DTL_R,V_WORKSHEET_STATUS_R,FCT_GRP_WORKSHEET,V_WORKSHEET_STATUS_R,Direct
PKG Procedure,PKG_GRP_LOAD_RPT_WORKSHEET_DTL_R,PRC_GET_CUR_DATA,PKG_GRP_LOAD_RPT_WORKSHEET_DTL_R_PRC_GET_CUR_DATA,RPT_WORKSHEET_DTL_R,n_batch_id_r,FCT_GRP_WORKSHEET,gn_sysdt_batchid,Direct
PKG Procedure,PKG_GRP_LOAD_RPT_WORKSHEET_DTL_R,PRC_GET_CUR_DATA,PKG_GRP_LOAD_RPT_WORKSHEET_DTL_R_PRC_GET_CUR_DATA,RPT_WORKSHEET_DTL_R,n_worksheet_src_sys_key_r,FCT_GRP_WORKSHEET,n_worksheet_src_sys_key_r,Direct
PKG Procedure,PKG_GRP_LOAD_RPT_WORKSHEET_DTL_R,PRC_GET_CUR_DATA,PKG_GRP_LOAD_RPT_WORKSHEET_DTL_R_PRC_GET_CUR_DATA,RPT_WORKSHEET_DTL_R,n_yearmonth_r,FCT_GRP_WORKSHEET,gn_current_month,Direct
PKG Procedure,PKG_GRP_LOAD_RPT_WORKSHEET_DTL_R,PRC_GET_CUR_DATA,PKG_GRP_LOAD_RPT_WORKSHEET_DTL_R_PRC_GET_CUR_DATA,RPT_WORKSHEET_DTL_R,t_creation_date_r,FCT_GRP_WORKSHEET,gd_sysdate,Direct
PKG Procedure,PKG_GRP_LOAD_RPT_WORKSHEET_DTL_R,PRC_GET_CUR_DATA,PKG_GRP_LOAD_RPT_WORKSHEET_DTL_R_PRC_GET_CUR_DATA,RPT_WORKSHEET_DTL_R,t_last_modified_date_r,FCT_GRP_WORKSHEET,gd_sysdate,Direct
PKG Procedure,PKG_GRP_LOAD_RPT_WORKSHEET_DTL_R,PRC_GET_CUR_DATA,PKG_GRP_LOAD_RPT_WORKSHEET_DTL_R_PRC_GET_CUR_DATA,RPT_WORKSHEET_DTL_R,v_created_by_r,FCT_GRP_WORKSHEET,gc_main_loadedby,Direct
PKG Procedure,PKG_GRP_LOAD_RPT_WORKSHEET_DTL_R,PRC_GET_CUR_DATA,PKG_GRP_LOAD_RPT_WORKSHEET_DTL_R_PRC_GET_CUR_DATA,RPT_WORKSHEET_DTL_R,v_last_modified_by_r,FCT_GRP_WORKSHEET,gc_main_loadedby,Direct
PKG Procedure,PKG_GRP_LOAD_RPT_WORKSHEET_DTL_R,PRC_GET_CUR_DATA,PKG_GRP_LOAD_RPT_WORKSHEET_DTL_R_PRC_GET_CUR_DATA,RPT_WORKSHEET_DTL_R,v_rpt_active_status_r,,,Constant / Expression
PKG Procedure,PKG_GRP_LOAD_RPT_WORKSHEET_DTL_R,PRC_INSERT_DUMMY_REC,PKG_GRP_LOAD_RPT_WORKSHEET_DTL_R_PRC_INSERT_DUMMY_REC,RPT_WORKSHEET_DTL_R,n_batch_id_r,RPT_WORKSHEET_DTL_R,gn_sysdt_batchid,Direct
PKG Procedure,PKG_GRP_LOAD_RPT_WORKSHEET_DTL_R,PRC_INSERT_DUMMY_REC,PKG_GRP_LOAD_RPT_WORKSHEET_DTL_R_PRC_INSERT_DUMMY_REC,RPT_WORKSHEET_DTL_R,n_yearmonth_r,RPT_WORKSHEET_DTL_R,gn_current_month,Direct
PKG Procedure,PKG_GRP_LOAD_RPT_WORKSHEET_DTL_R,PRC_INSERT_DUMMY_REC,PKG_GRP_LOAD_RPT_WORKSHEET_DTL_R_PRC_INSERT_DUMMY_REC,RPT_WORKSHEET_DTL_R,t_creation_date_r,RPT_WORKSHEET_DTL_R,gd_sysdate,Direct
PKG Procedure,PKG_GRP_LOAD_RPT_WORKSHEET_DTL_R,PRC_INSERT_DUMMY_REC,PKG_GRP_LOAD_RPT_WORKSHEET_DTL_R_PRC_INSERT_DUMMY_REC,RPT_WORKSHEET_DTL_R,t_last_modified_date_r,RPT_WORKSHEET_DTL_R,gd_sysdate,Direct
PKG Procedure,PKG_GRP_LOAD_RPT_WORKSHEET_DTL_R,PRC_INSERT_DUMMY_REC,PKG_GRP_LOAD_RPT_WORKSHEET_DTL_R_PRC_INSERT_DUMMY_REC,RPT_WORKSHEET_DTL_R,v_created_by_r,RPT_WORKSHEET_DTL_R,gc_main_loadedby,Direct
PKG Procedure,PKG_GRP_LOAD_RPT_WORKSHEET_DTL_R,PRC_INSERT_DUMMY_REC,PKG_GRP_LOAD_RPT_WORKSHEET_DTL_R_PRC_INSERT_DUMMY_REC,RPT_WORKSHEET_DTL_R,v_last_modified_by_r,RPT_WORKSHEET_DTL_R,gc_main_loadedby,Direct
PKG Procedure,PKG_GRP_LOAD_RPT_WORKSHEET_DTL_R,PRC_UPD_DEL_DATA,PKG_GRP_LOAD_RPT_WORKSHEET_DTL_R_PRC_UPD_DEL_DATA,RPT_WORKSHEET_DTL_R,t_last_modified_date_r,RPT_WORKSHEET_DTL_R,gd_sysdate,Direct
PKG Procedure,PKG_GRP_LOAD_RPT_WORKSHEET_DTL_R,PRC_UPD_DEL_DATA,PKG_GRP_LOAD_RPT_WORKSHEET_DTL_R_PRC_UPD_DEL_DATA,RPT_WORKSHEET_DTL_R,v_last_modified_by_r,RPT_WORKSHEET_DTL_R,gc_updby,Direct
PKG Procedure,PKG_GRP_LOAD_RPT_WORKSHEET_DTL_R,PRC_UPD_DEL_DATA,PKG_GRP_LOAD_RPT_WORKSHEET_DTL_R_PRC_UPD_DEL_DATA,RPT_WORKSHEET_DTL_R,v_rpt_active_status_r,,,Constant / Expression
PKG Procedure,PKG_GRP_LOAD_STG_GRP_CLAIM_SUMMARY_R,PRC_LOAD_STG_GRP_CLAIM_SUMMARY_R,PKG_GRP_LOAD_STG_GRP_CLAIM_SUMMARY_R_PRC_LOAD_STG_GRP_CLAIM_SUMMARY_R,FCT_PROC_EXEC_STATUS_LOG_R,N_MIS_DATE_SKEY_R,,,Constant / Expression
PKG Procedure,PKG_GRP_LOAD_STG_GRP_CLAIM_SUMMARY_R,PRC_LOAD_STG_GRP_CLAIM_SUMMARY_R,PKG_GRP_LOAD_STG_GRP_CLAIM_SUMMARY_R_PRC_LOAD_STG_GRP_CLAIM_SUMMARY_R,FCT_PROC_EXEC_STATUS_LOG_R,N_SERIAL_NUM_R,FCT_PROC_EXEC_STATUS_LOG_R,N_MAX_SERIAL_NUM_R,Direct
PKG Procedure,PKG_GRP_LOAD_STG_GRP_CLAIM_SUMMARY_R,PRC_LOAD_STG_GRP_CLAIM_SUMMARY_R,PKG_GRP_LOAD_STG_GRP_CLAIM_SUMMARY_R_PRC_LOAD_STG_GRP_CLAIM_SUMMARY_R,FCT_PROC_EXEC_STATUS_LOG_R,T_EXECUTION_END_TIMESTAMP_R,,,Constant / Expression
PKG Procedure,PKG_GRP_LOAD_STG_GRP_CLAIM_SUMMARY_R,PRC_LOAD_STG_GRP_CLAIM_SUMMARY_R,PKG_GRP_LOAD_STG_GRP_CLAIM_SUMMARY_R_PRC_LOAD_STG_GRP_CLAIM_SUMMARY_R,FCT_PROC_EXEC_STATUS_LOG_R,T_EXECUTION_TIMESTAMP_R,,,Constant / Expression
PKG Procedure,PKG_LOAD_GRP_TABLES,PRC_FULLLOAD_FCT_BENEFIT_PMNT_DET_OFFSET2_R,PKG_LOAD_GRP_TABLES_PRC_FULLLOAD_FCT_BENEFIT_PMNT_DET_OFFSET2_R,FCT_BENEFIT_PAYMENT_DETAIL_R,D_PAYMENTDATE_R,FCT_BENEFIT_PAYMENT_DETAIL_R,D_PAYMENTDATE_R,Direct
PKG Procedure,PKG_LOAD_GRP_TABLES,PRC_FULLLOAD_FCT_BENEFIT_PMNT_DET_OFFSET2_R,PKG_LOAD_GRP_TABLES_PRC_FULLLOAD_FCT_BENEFIT_PMNT_DET_OFFSET2_R,FCT_BENEFIT_PAYMENT_DETAIL_R,D_PAYPERIOD_END_R,FCT_BENEFIT_PAYMENT_DETAIL_R,D_PAYPERIOD_END_R,Direct
PKG Procedure,PKG_LOAD_GRP_TABLES,PRC_FULLLOAD_FCT_BENEFIT_PMNT_DET_OFFSET2_R,PKG_LOAD_GRP_TABLES_PRC_FULLLOAD_FCT_BENEFIT_PMNT_DET_OFFSET2_R,FCT_BENEFIT_PAYMENT_DETAIL_R,D_PAYPERIOD_START_R,FCT_BENEFIT_PAYMENT_DETAIL_R,D_PAYPERIOD_START_R,Direct
PKG Procedure,PKG_LOAD_GRP_TABLES,PRC_FULLLOAD_FCT_BENEFIT_PMNT_DET_OFFSET2_R,PKG_LOAD_GRP_TABLES_PRC_FULLLOAD_FCT_BENEFIT_PMNT_DET_OFFSET2_R,FCT_BENEFIT_PAYMENT_DETAIL_R,D_RECORD_END_DATE_R,FCT_BENEFIT_PAYMENT_DETAIL_R,D_RECORD_END_DATE_R,Direct
PKG Procedure,PKG_LOAD_GRP_TABLES,PRC_FULLLOAD_FCT_BENEFIT_PMNT_DET_OFFSET2_R,PKG_LOAD_GRP_TABLES_PRC_FULLLOAD_FCT_BENEFIT_PMNT_DET_OFFSET2_R,FCT_BENEFIT_PAYMENT_DETAIL_R,D_RECORD_START_DATE_R,FCT_BENEFIT_PAYMENT_DETAIL_R,D_RECORD_START_DATE_R,Direct
PKG Procedure,PKG_LOAD_GRP_TABLES,PRC_FULLLOAD_FCT_BENEFIT_PMNT_DET_OFFSET2_R,PKG_LOAD_GRP_TABLES_PRC_FULLLOAD_FCT_BENEFIT_PMNT_DET_OFFSET2_R,FCT_BENEFIT_PAYMENT_DETAIL_R,FIC_MIS_DATE_R,FCT_BENEFIT_PAYMENT_DETAIL_R,FIC_MIS_DATE_R,Direct
PKG Procedure,PKG_LOAD_GRP_TABLES,PRC_FULLLOAD_FCT_BENEFIT_PMNT_DET_OFFSET2_R,PKG_LOAD_GRP_TABLES_PRC_FULLLOAD_FCT_BENEFIT_PMNT_DET_OFFSET2_R,FCT_BENEFIT_PAYMENT_DETAIL_R,F_PHYSICAL_DELETE_R,FCT_BENEFIT_PAYMENT_DETAIL_R,F_PHYSICAL_DELETE_R,Direct
PKG Procedure,PKG_LOAD_GRP_TABLES,PRC_FULLLOAD_FCT_BENEFIT_PMNT_DET_OFFSET2_R,PKG_LOAD_GRP_TABLES_PRC_FULLLOAD_FCT_BENEFIT_PMNT_DET_OFFSET2_R,FCT_BENEFIT_PAYMENT_DETAIL_R,N_AMOUNT_R,FCT_BENEFIT_PAYMENT_R,N_ADJ_NET_BENEFIT_R,Direct
PKG Procedure,PKG_LOAD_GRP_TABLES,PRC_FULLLOAD_FCT_BENEFIT_PMNT_DET_OFFSET2_R,PKG_LOAD_GRP_TABLES_PRC_FULLLOAD_FCT_BENEFIT_PMNT_DET_OFFSET2_R,FCT_BENEFIT_PAYMENT_DETAIL_R,N_BATCH_ID_R,FCT_BENEFIT_PAYMENT_DETAIL_R,N_BATCH_ID_R,Direct
PKG Procedure,PKG_LOAD_GRP_TABLES,PRC_FULLLOAD_FCT_BENEFIT_PMNT_DET_OFFSET2_R,PKG_LOAD_GRP_TABLES_PRC_FULLLOAD_FCT_BENEFIT_PMNT_DET_OFFSET2_R,FCT_BENEFIT_PAYMENT_DETAIL_R,N_CLAIM_COVERAGE_GROUP_SK_R,FCT_BENEFIT_PAYMENT_DETAIL_R,N_CLAIM_COVERAGE_GROUP_SK_R,Direct
PKG Procedure,PKG_LOAD_GRP_TABLES,PRC_FULLLOAD_FCT_BENEFIT_PMNT_DET_OFFSET2_R,PKG_LOAD_GRP_TABLES_PRC_FULLLOAD_FCT_BENEFIT_PMNT_DET_OFFSET2_R,FCT_BENEFIT_PAYMENT_DETAIL_R,N_CLAIM_COVERAGE_SK_R,FCT_BENEFIT_PAYMENT_DETAIL_R,N_CLAIM_COVERAGE_SK_R,Direct
PKG Procedure,PKG_LOAD_GRP_TABLES,PRC_FULLLOAD_FCT_BENEFIT_PMNT_DET_OFFSET2_R,PKG_LOAD_GRP_TABLES_PRC_FULLLOAD_FCT_BENEFIT_PMNT_DET_OFFSET2_R,FCT_BENEFIT_PAYMENT_DETAIL_R,N_CLAIM_SK_R,FCT_BENEFIT_PAYMENT_DETAIL_R,N_CLAIM_SK_R,Direct
PKG Procedure,PKG_LOAD_GRP_TABLES,PRC_FULLLOAD_FCT_BENEFIT_PMNT_DET_OFFSET2_R,PKG_LOAD_GRP_TABLES_PRC_FULLLOAD_FCT_BENEFIT_PMNT_DET_OFFSET2_R,FCT_BENEFIT_PAYMENT_DETAIL_R,N_CREDITAMOUNT_R,,,Constant / Expression
PKG Procedure,PKG_LOAD_GRP_TABLES,PRC_FULLLOAD_FCT_BENEFIT_PMNT_DET_OFFSET2_R,PKG_LOAD_GRP_TABLES_PRC_FULLLOAD_FCT_BENEFIT_PMNT_DET_OFFSET2_R,FCT_BENEFIT_PAYMENT_DETAIL_R,N_DEBITAMOUNT_R,,,Constant / Expression
PKG Procedure,PKG_LOAD_GRP_TABLES,PRC_FULLLOAD_FCT_BENEFIT_PMNT_DET_OFFSET2_R,PKG_LOAD_GRP_TABLES_PRC_FULLLOAD_FCT_BENEFIT_PMNT_DET_OFFSET2_R,FCT_BENEFIT_PAYMENT_DETAIL_R,N_EMPLOYEE_MED_WITHHELD_AMT_R,,,Constant / Expression
PKG Procedure,PKG_LOAD_GRP_TABLES,PRC_FULLLOAD_FCT_BENEFIT_PMNT_DET_OFFSET2_R,PKG_LOAD_GRP_TABLES_PRC_FULLLOAD_FCT_BENEFIT_PMNT_DET_OFFSET2_R,FCT_BENEFIT_PAYMENT_DETAIL_R,N_EMPLOYEE_SS_WITHHELD_AMT_R,,,Constant / Expression
PKG Procedure,PKG_LOAD_GRP_TABLES,PRC_FULLLOAD_FCT_BENEFIT_PMNT_DET_OFFSET2_R,PKG_LOAD_GRP_TABLES_PRC_FULLLOAD_FCT_BENEFIT_PMNT_DET_OFFSET2_R,FCT_BENEFIT_PAYMENT_DETAIL_R,N_EMPLOYER_MED_WITHHELD_AMT_R,,,Constant / Expression
PKG Procedure,PKG_LOAD_GRP_TABLES,PRC_FULLLOAD_FCT_BENEFIT_PMNT_DET_OFFSET2_R,PKG_LOAD_GRP_TABLES_PRC_FULLLOAD_FCT_BENEFIT_PMNT_DET_OFFSET2_R,FCT_BENEFIT_PAYMENT_DETAIL_R,N_EMPLOYER_SS_WITHHELD_AMT_R,,,Constant / Expression
PKG Procedure,PKG_LOAD_GRP_TABLES,PRC_FULLLOAD_FCT_BENEFIT_PMNT_DET_OFFSET2_R,PKG_LOAD_GRP_TABLES_PRC_FULLLOAD_FCT_BENEFIT_PMNT_DET_OFFSET2_R,FCT_BENEFIT_PAYMENT_DETAIL_R,N_FEDERAL_TAX_WITHHELD_AMT_R,,,Constant / Expression
PKG Procedure,PKG_LOAD_GRP_TABLES,PRC_FULLLOAD_FCT_BENEFIT_PMNT_DET_OFFSET2_R,PKG_LOAD_GRP_TABLES_PRC_FULLLOAD_FCT_BENEFIT_PMNT_DET_OFFSET2_R,FCT_BENEFIT_PAYMENT_DETAIL_R,N_GROUP_SEQ_R,FCT_BENEFIT_PAYMENT_DETAIL_R,N_GROUP_SEQ_R,Direct
PKG Procedure,PKG_LOAD_GRP_TABLES,PRC_FULLLOAD_FCT_BENEFIT_PMNT_DET_OFFSET2_R,PKG_LOAD_GRP_TABLES_PRC_FULLLOAD_FCT_BENEFIT_PMNT_DET_OFFSET2_R,FCT_BENEFIT_PAYMENT_DETAIL_R,N_LEGAL_EXPENSE_DIRECT_AMT_R,,,Constant / Expression
PKG Procedure,PKG_LOAD_GRP_TABLES,PRC_FULLLOAD_FCT_BENEFIT_PMNT_DET_OFFSET2_R,PKG_LOAD_GRP_TABLES_PRC_FULLLOAD_FCT_BENEFIT_PMNT_DET_OFFSET2_R,FCT_BENEFIT_PAYMENT_DETAIL_R,N_LOAD_RUN_ID_R,,,Constant / Expression
PKG Procedure,PKG_LOAD_GRP_TABLES,PRC_FULLLOAD_FCT_BENEFIT_PMNT_DET_OFFSET2_R,PKG_LOAD_GRP_TABLES_PRC_FULLLOAD_FCT_BENEFIT_PMNT_DET_OFFSET2_R,FCT_BENEFIT_PAYMENT_DETAIL_R,N_OTHER_EXPENSE_DIRECT_AMT_R,,,Constant / Expression
PKG Procedure,PKG_LOAD_GRP_TABLES,PRC_FULLLOAD_FCT_BENEFIT_PMNT_DET_OFFSET2_R,PKG_LOAD_GRP_TABLES_PRC_FULLLOAD_FCT_BENEFIT_PMNT_DET_OFFSET2_R,FCT_BENEFIT_PAYMENT_DETAIL_R,N_PAID_CLAIM_BENEFITS_R,FCT_BENEFIT_PAYMENT_R,N_ADJ_NET_BENEFIT_R,Direct
PKG Procedure,PKG_LOAD_GRP_TABLES,PRC_FULLLOAD_FCT_BENEFIT_PMNT_DET_OFFSET2_R,PKG_LOAD_GRP_TABLES_PRC_FULLLOAD_FCT_BENEFIT_PMNT_DET_OFFSET2_R,FCT_BENEFIT_PAYMENT_DETAIL_R,N_PARTY_SK_R,FCT_BENEFIT_PAYMENT_DETAIL_R,N_PARTY_SK_R,Direct
PKG Procedure,PKG_LOAD_GRP_TABLES,PRC_FULLLOAD_FCT_BENEFIT_PMNT_DET_OFFSET2_R,PKG_LOAD_GRP_TABLES_PRC_FULLLOAD_FCT_BENEFIT_PMNT_DET_OFFSET2_R,FCT_BENEFIT_PAYMENT_DETAIL_R,N_PAY_DTL_SOURCE_SYSTEM_KEY_R,FCT_BENEFIT_PAYMENT_DETAIL_R,N_PAY_DTL_SOURCE_SYSTEM_KEY_R,Direct
PKG Procedure,PKG_LOAD_GRP_TABLES,PRC_FULLLOAD_FCT_BENEFIT_PMNT_DET_OFFSET2_R,PKG_LOAD_GRP_TABLES_PRC_FULLLOAD_FCT_BENEFIT_PMNT_DET_OFFSET2_R,FCT_BENEFIT_PAYMENT_DETAIL_R,N_POLICY_SK_R,FCT_BENEFIT_PAYMENT_DETAIL_R,N_POLICY_SK_R,Direct
PKG Procedure,PKG_LOAD_GRP_TABLES,PRC_FULLLOAD_FCT_BENEFIT_PMNT_DET_OFFSET2_R,PKG_LOAD_GRP_TABLES_PRC_FULLLOAD_FCT_BENEFIT_PMNT_DET_OFFSET2_R,FCT_BENEFIT_PAYMENT_DETAIL_R,N_SEQUENCE_NUMBER_R,,,Constant / Expression
PKG Procedure,PKG_LOAD_GRP_TABLES,PRC_FULLLOAD_FCT_BENEFIT_PMNT_DET_OFFSET2_R,PKG_LOAD_GRP_TABLES_PRC_FULLLOAD_FCT_BENEFIT_PMNT_DET_OFFSET2_R,FCT_BENEFIT_PAYMENT_DETAIL_R,N_SEQ_R,,,Constant / Expression
PKG Procedure,PKG_LOAD_GRP_TABLES,PRC_FULLLOAD_FCT_BENEFIT_PMNT_DET_OFFSET2_R,PKG_LOAD_GRP_TABLES_PRC_FULLLOAD_FCT_BENEFIT_PMNT_DET_OFFSET2_R,FCT_BENEFIT_PAYMENT_DETAIL_R,N_SOURCE_VERSION_SEQ_NUMBER_R,FCT_BENEFIT_PAYMENT_DETAIL_R,N_SOURCE_VERSION_SEQ_NUMBER_R,Direct
PKG Procedure,PKG_LOAD_GRP_TABLES,PRC_FULLLOAD_FCT_BENEFIT_PMNT_DET_OFFSET2_R,PKG_LOAD_GRP_TABLES_PRC_FULLLOAD_FCT_BENEFIT_PMNT_DET_OFFSET2_R,FCT_BENEFIT_PAYMENT_DETAIL_R,N_STATE_TAX_WITHHELD_AMT_R,,,Constant / Expression
PKG Procedure,PKG_LOAD_GRP_TABLES,PRC_FULLLOAD_FCT_BENEFIT_PMNT_DET_OFFSET2_R,PKG_LOAD_GRP_TABLES_PRC_FULLLOAD_FCT_BENEFIT_PMNT_DET_OFFSET2_R,FCT_BENEFIT_PAYMENT_DETAIL_R,N_TAXABLE_BENEFIT_AMT_R,,,Constant / Expression
PKG Procedure,PKG_LOAD_GRP_TABLES,PRC_FULLLOAD_FCT_BENEFIT_PMNT_DET_OFFSET2_R,PKG_LOAD_GRP_TABLES_PRC_FULLLOAD_FCT_BENEFIT_PMNT_DET_OFFSET2_R,FCT_BENEFIT_PAYMENT_DETAIL_R,N_VERSION_NUMBER_R,FCT_BENEFIT_PAYMENT_DETAIL_R,N_VERSION_NUMBER_R,Direct
PKG Procedure,PKG_LOAD_GRP_TABLES,PRC_FULLLOAD_FCT_BENEFIT_PMNT_DET_OFFSET2_R,PKG_LOAD_GRP_TABLES_PRC_FULLLOAD_FCT_BENEFIT_PMNT_DET_OFFSET2_R,FCT_BENEFIT_PAYMENT_DETAIL_R,T_CREATION_DATE_R,,,Constant / Expression
PKG Procedure,PKG_LOAD_GRP_TABLES,PRC_FULLLOAD_FCT_BENEFIT_PMNT_DET_OFFSET2_R,PKG_LOAD_GRP_TABLES_PRC_FULLLOAD_FCT_BENEFIT_PMNT_DET_OFFSET2_R,FCT_BENEFIT_PAYMENT_DETAIL_R,T_EVENT_TIMESTAMP_R,FCT_BENEFIT_PAYMENT_DETAIL_R,T_EVENT_TIMESTAMP_R,Direct
PKG Procedure,PKG_LOAD_GRP_TABLES,PRC_FULLLOAD_FCT_BENEFIT_PMNT_DET_OFFSET2_R,PKG_LOAD_GRP_TABLES_PRC_FULLLOAD_FCT_BENEFIT_PMNT_DET_OFFSET2_R,FCT_BENEFIT_PAYMENT_DETAIL_R,T_LAST_MODIFIED_DATE_R,,,Constant / Expression
PKG Procedure,PKG_LOAD_GRP_TABLES,PRC_FULLLOAD_FCT_BENEFIT_PMNT_DET_OFFSET2_R,PKG_LOAD_GRP_TABLES_PRC_FULLLOAD_FCT_BENEFIT_PMNT_DET_OFFSET2_R,FCT_BENEFIT_PAYMENT_DETAIL_R,V_AMOUNT_TYPE_CATEGORY_DESC_R,,,Constant / Expression
PKG Procedure,PKG_LOAD_GRP_TABLES,PRC_FULLLOAD_FCT_BENEFIT_PMNT_DET_OFFSET2_R,PKG_LOAD_GRP_TABLES_PRC_FULLLOAD_FCT_BENEFIT_PMNT_DET_OFFSET2_R,FCT_BENEFIT_PAYMENT_DETAIL_R,V_AMOUNT_TYPE_CATEGORY_R,,,Constant / Expression
PKG Procedure,PKG_LOAD_GRP_TABLES,PRC_FULLLOAD_FCT_BENEFIT_PMNT_DET_OFFSET2_R,PKG_LOAD_GRP_TABLES_PRC_FULLLOAD_FCT_BENEFIT_PMNT_DET_OFFSET2_R,FCT_BENEFIT_PAYMENT_DETAIL_R,V_AMOUNT_TYPE_CODE_R,,,Constant / Expression
PKG Procedure,PKG_LOAD_GRP_TABLES,PRC_FULLLOAD_FCT_BENEFIT_PMNT_DET_OFFSET2_R,PKG_LOAD_GRP_TABLES_PRC_FULLLOAD_FCT_BENEFIT_PMNT_DET_OFFSET2_R,FCT_BENEFIT_PAYMENT_DETAIL_R,V_AMOUNT_TYPE_NAME_R,,,Constant / Expression
PKG Procedure,PKG_LOAD_GRP_TABLES,PRC_FULLLOAD_FCT_BENEFIT_PMNT_DET_OFFSET2_R,PKG_LOAD_GRP_TABLES_PRC_FULLLOAD_FCT_BENEFIT_PMNT_DET_OFFSET2_R,FCT_BENEFIT_PAYMENT_DETAIL_R,V_AMOUNT_TYPE_SUB_CATEGORY_R,,,Constant / Expression
PKG Procedure,PKG_LOAD_GRP_TABLES,PRC_FULLLOAD_FCT_BENEFIT_PMNT_DET_OFFSET2_R,PKG_LOAD_GRP_TABLES_PRC_FULLLOAD_FCT_BENEFIT_PMNT_DET_OFFSET2_R,FCT_BENEFIT_PAYMENT_DETAIL_R,V_AMOUNT_TYPE_SUB_CODE_R,,,Constant / Expression
PKG Procedure,PKG_LOAD_GRP_TABLES,PRC_FULLLOAD_FCT_BENEFIT_PMNT_DET_OFFSET2_R,PKG_LOAD_GRP_TABLES_PRC_FULLLOAD_FCT_BENEFIT_PMNT_DET_OFFSET2_R,FCT_BENEFIT_PAYMENT_DETAIL_R,V_AMOUNT_TYPE_SUB_NAME_R,,,Constant / Expression
PKG Procedure,PKG_LOAD_GRP_TABLES,PRC_FULLLOAD_FCT_BENEFIT_PMNT_DET_OFFSET2_R,PKG_LOAD_GRP_TABLES_PRC_FULLLOAD_FCT_BENEFIT_PMNT_DET_OFFSET2_R,FCT_BENEFIT_PAYMENT_DETAIL_R,V_AMT_TYPE_SUB_CATEGORY_DESC_R,,,Constant / Expression
PKG Procedure,PKG_LOAD_GRP_TABLES,PRC_FULLLOAD_FCT_BENEFIT_PMNT_DET_OFFSET2_R,PKG_LOAD_GRP_TABLES_PRC_FULLLOAD_FCT_BENEFIT_PMNT_DET_OFFSET2_R,FCT_BENEFIT_PAYMENT_DETAIL_R,V_BENEFIT_CODE_R,,,Constant / Expression
PKG Procedure,PKG_LOAD_GRP_TABLES,PRC_FULLLOAD_FCT_BENEFIT_PMNT_DET_OFFSET2_R,PKG_LOAD_GRP_TABLES_PRC_FULLLOAD_FCT_BENEFIT_PMNT_DET_OFFSET2_R,FCT_BENEFIT_PAYMENT_DETAIL_R,V_BENEFIT_DESC_R,,,Constant / Expression
PKG Procedure,PKG_LOAD_GRP_TABLES,PRC_FULLLOAD_FCT_BENEFIT_PMNT_DET_OFFSET2_R,PKG_LOAD_GRP_TABLES_PRC_FULLLOAD_FCT_BENEFIT_PMNT_DET_OFFSET2_R,FCT_BENEFIT_PAYMENT_DETAIL_R,V_CHANGE_REASON_R,FCT_BENEFIT_PAYMENT_DETAIL_R,V_CHANGE_REASON_R,Direct
PKG Procedure,PKG_LOAD_GRP_TABLES,PRC_FULLLOAD_FCT_BENEFIT_PMNT_DET_OFFSET2_R,PKG_LOAD_GRP_TABLES_PRC_FULLLOAD_FCT_BENEFIT_PMNT_DET_OFFSET2_R,FCT_BENEFIT_PAYMENT_DETAIL_R,V_CLAIM_TYPE_R,FCT_BENEFIT_PAYMENT_DETAIL_R,V_CLAIM_TYPE_R,Direct
PKG Procedure,PKG_LOAD_GRP_TABLES,PRC_FULLLOAD_FCT_BENEFIT_PMNT_DET_OFFSET2_R,PKG_LOAD_GRP_TABLES_PRC_FULLLOAD_FCT_BENEFIT_PMNT_DET_OFFSET2_R,FCT_BENEFIT_PAYMENT_DETAIL_R,V_CREATED_BY_R,,,Constant / Expression
PKG Procedure,PKG_LOAD_GRP_TABLES,PRC_FULLLOAD_FCT_BENEFIT_PMNT_DET_OFFSET2_R,PKG_LOAD_GRP_TABLES_PRC_FULLLOAD_FCT_BENEFIT_PMNT_DET_OFFSET2_R,FCT_BENEFIT_PAYMENT_DETAIL_R,V_LAST_MODIFIED_BY_R,,,Constant / Expression
PKG Procedure,PKG_LOAD_GRP_TABLES,PRC_FULLLOAD_FCT_BENEFIT_PMNT_DET_OFFSET2_R,PKG_LOAD_GRP_TABLES_PRC_FULLLOAD_FCT_BENEFIT_PMNT_DET_OFFSET2_R,FCT_BENEFIT_PAYMENT_DETAIL_R,V_PRIVACY_INDICATOR_R,FCT_BENEFIT_PAYMENT_DETAIL_R,V_PRIVACY_INDICATOR_R,Direct
PKG Procedure,PKG_LOAD_GRP_TABLES,PRC_FULLLOAD_FCT_BENEFIT_PMNT_DET_OFFSET2_R,PKG_LOAD_GRP_TABLES_PRC_FULLLOAD_FCT_BENEFIT_PMNT_DET_OFFSET2_R,FCT_BENEFIT_PAYMENT_DETAIL_R,V_TYPE_R,,,Constant / Expression
PKG Procedure,PKG_LOAD_GRP_TABLES,PRC_FULLLOAD_FCT_BENEFIT_PMNT_DET_OFFSET3_R,PKG_LOAD_GRP_TABLES_PRC_FULLLOAD_FCT_BENEFIT_PMNT_DET_OFFSET3_R,FCT_BENEFIT_PAYMENT_DETAIL_R,D_PAYMENTDATE_R,FCT_BENEFIT_PAYMENT_DETAIL_R,D_PAYMENTDATE_R,Direct
PKG Procedure,PKG_LOAD_GRP_TABLES,PRC_FULLLOAD_FCT_BENEFIT_PMNT_DET_OFFSET3_R,PKG_LOAD_GRP_TABLES_PRC_FULLLOAD_FCT_BENEFIT_PMNT_DET_OFFSET3_R,FCT_BENEFIT_PAYMENT_DETAIL_R,D_PAYPERIOD_END_R,FCT_BENEFIT_PAYMENT_DETAIL_R,D_PAYPERIOD_END_R,Direct
PKG Procedure,PKG_LOAD_GRP_TABLES,PRC_FULLLOAD_FCT_BENEFIT_PMNT_DET_OFFSET3_R,PKG_LOAD_GRP_TABLES_PRC_FULLLOAD_FCT_BENEFIT_PMNT_DET_OFFSET3_R,FCT_BENEFIT_PAYMENT_DETAIL_R,D_PAYPERIOD_START_R,FCT_BENEFIT_PAYMENT_DETAIL_R,D_PAYPERIOD_START_R,Direct
PKG Procedure,PKG_LOAD_GRP_TABLES,PRC_FULLLOAD_FCT_BENEFIT_PMNT_DET_OFFSET3_R,PKG_LOAD_GRP_TABLES_PRC_FULLLOAD_FCT_BENEFIT_PMNT_DET_OFFSET3_R,FCT_BENEFIT_PAYMENT_DETAIL_R,D_RECORD_END_DATE_R,FCT_BENEFIT_PAYMENT_DETAIL_R,D_RECORD_END_DATE_R,Direct
PKG Procedure,PKG_LOAD_GRP_TABLES,PRC_FULLLOAD_FCT_BENEFIT_PMNT_DET_OFFSET3_R,PKG_LOAD_GRP_TABLES_PRC_FULLLOAD_FCT_BENEFIT_PMNT_DET_OFFSET3_R,FCT_BENEFIT_PAYMENT_DETAIL_R,D_RECORD_START_DATE_R,FCT_BENEFIT_PAYMENT_DETAIL_R,D_RECORD_START_DATE_R,Direct
PKG Procedure,PKG_LOAD_GRP_TABLES,PRC_FULLLOAD_FCT_BENEFIT_PMNT_DET_OFFSET3_R,PKG_LOAD_GRP_TABLES_PRC_FULLLOAD_FCT_BENEFIT_PMNT_DET_OFFSET3_R,FCT_BENEFIT_PAYMENT_DETAIL_R,FIC_MIS_DATE_R,FCT_BENEFIT_PAYMENT_DETAIL_R,FIC_MIS_DATE_R,Direct
PKG Procedure,PKG_LOAD_GRP_TABLES,PRC_FULLLOAD_FCT_BENEFIT_PMNT_DET_OFFSET3_R,PKG_LOAD_GRP_TABLES_PRC_FULLLOAD_FCT_BENEFIT_PMNT_DET_OFFSET3_R,FCT_BENEFIT_PAYMENT_DETAIL_R,F_PHYSICAL_DELETE_R,FCT_BENEFIT_PAYMENT_DETAIL_R,F_PHYSICAL_DELETE_R,Direct
PKG Procedure,PKG_LOAD_GRP_TABLES,PRC_FULLLOAD_FCT_BENEFIT_PMNT_DET_OFFSET3_R,PKG_LOAD_GRP_TABLES_PRC_FULLLOAD_FCT_BENEFIT_PMNT_DET_OFFSET3_R,FCT_BENEFIT_PAYMENT_DETAIL_R,N_AMOUNT_R,FCT_BENEFIT_PAYMENT_DETAIL_R,N_AMOUNT_R,case-when -> nvl -> Sum
PKG Procedure,PKG_LOAD_GRP_TABLES,PRC_FULLLOAD_FCT_BENEFIT_PMNT_DET_OFFSET3_R,PKG_LOAD_GRP_TABLES_PRC_FULLLOAD_FCT_BENEFIT_PMNT_DET_OFFSET3_R,FCT_BENEFIT_PAYMENT_DETAIL_R,N_AMOUNT_R,FCT_BENEFIT_PAYMENT_R,N_ADJ_GROSS_BENEFIT_R,case-when -> NVL
PKG Procedure,PKG_LOAD_GRP_TABLES,PRC_FULLLOAD_FCT_BENEFIT_PMNT_DET_OFFSET3_R,PKG_LOAD_GRP_TABLES_PRC_FULLLOAD_FCT_BENEFIT_PMNT_DET_OFFSET3_R,FCT_BENEFIT_PAYMENT_DETAIL_R,N_AMOUNT_R,FCT_GRP_WORKSHEET,n_gross_benefit_r,case-when -> NVL
PKG Procedure,PKG_LOAD_GRP_TABLES,PRC_FULLLOAD_FCT_BENEFIT_PMNT_DET_OFFSET3_R,PKG_LOAD_GRP_TABLES_PRC_FULLLOAD_FCT_BENEFIT_PMNT_DET_OFFSET3_R,FCT_BENEFIT_PAYMENT_DETAIL_R,N_AMOUNT_R,FCT_GRP_WORKSHEET,n_spec_benefit_adjust_r,case-when -> NVL
PKG Procedure,PKG_LOAD_GRP_TABLES,PRC_FULLLOAD_FCT_BENEFIT_PMNT_DET_OFFSET3_R,PKG_LOAD_GRP_TABLES_PRC_FULLLOAD_FCT_BENEFIT_PMNT_DET_OFFSET3_R,FCT_BENEFIT_PAYMENT_DETAIL_R,N_BATCH_ID_R,FCT_BENEFIT_PAYMENT_DETAIL_R,N_BATCH_ID_R,Direct
PKG Procedure,PKG_LOAD_GRP_TABLES,PRC_FULLLOAD_FCT_BENEFIT_PMNT_DET_OFFSET3_R,PKG_LOAD_GRP_TABLES_PRC_FULLLOAD_FCT_BENEFIT_PMNT_DET_OFFSET3_R,FCT_BENEFIT_PAYMENT_DETAIL_R,N_CLAIM_COVERAGE_GROUP_SK_R,FCT_BENEFIT_PAYMENT_DETAIL_R,N_CLAIM_COVERAGE_GROUP_SK_R,Direct
PKG Procedure,PKG_LOAD_GRP_TABLES,PRC_FULLLOAD_FCT_BENEFIT_PMNT_DET_OFFSET3_R,PKG_LOAD_GRP_TABLES_PRC_FULLLOAD_FCT_BENEFIT_PMNT_DET_OFFSET3_R,FCT_BENEFIT_PAYMENT_DETAIL_R,N_CLAIM_COVERAGE_SK_R,FCT_BENEFIT_PAYMENT_DETAIL_R,N_CLAIM_COVERAGE_SK_R,Direct
PKG Procedure,PKG_LOAD_GRP_TABLES,PRC_FULLLOAD_FCT_BENEFIT_PMNT_DET_OFFSET3_R,PKG_LOAD_GRP_TABLES_PRC_FULLLOAD_FCT_BENEFIT_PMNT_DET_OFFSET3_R,FCT_BENEFIT_PAYMENT_DETAIL_R,N_CLAIM_SK_R,FCT_BENEFIT_PAYMENT_DETAIL_R,N_CLAIM_SK_R,Direct
PKG Procedure,PKG_LOAD_GRP_TABLES,PRC_FULLLOAD_FCT_BENEFIT_PMNT_DET_OFFSET3_R,PKG_LOAD_GRP_TABLES_PRC_FULLLOAD_FCT_BENEFIT_PMNT_DET_OFFSET3_R,FCT_BENEFIT_PAYMENT_DETAIL_R,N_CREDITAMOUNT_R,,,Constant / Expression
PKG Procedure,PKG_LOAD_GRP_TABLES,PRC_FULLLOAD_FCT_BENEFIT_PMNT_DET_OFFSET3_R,PKG_LOAD_GRP_TABLES_PRC_FULLLOAD_FCT_BENEFIT_PMNT_DET_OFFSET3_R,FCT_BENEFIT_PAYMENT_DETAIL_R,N_DEBITAMOUNT_R,,,Constant / Expression
PKG Procedure,PKG_LOAD_GRP_TABLES,PRC_FULLLOAD_FCT_BENEFIT_PMNT_DET_OFFSET3_R,PKG_LOAD_GRP_TABLES_PRC_FULLLOAD_FCT_BENEFIT_PMNT_DET_OFFSET3_R,FCT_BENEFIT_PAYMENT_DETAIL_R,N_EMPLOYEE_MED_WITHHELD_AMT_R,,,Constant / Expression
PKG Procedure,PKG_LOAD_GRP_TABLES,PRC_FULLLOAD_FCT_BENEFIT_PMNT_DET_OFFSET3_R,PKG_LOAD_GRP_TABLES_PRC_FULLLOAD_FCT_BENEFIT_PMNT_DET_OFFSET3_R,FCT_BENEFIT_PAYMENT_DETAIL_R,N_EMPLOYEE_SS_WITHHELD_AMT_R,,,Constant / Expression
PKG Procedure,PKG_LOAD_GRP_TABLES,PRC_FULLLOAD_FCT_BENEFIT_PMNT_DET_OFFSET3_R,PKG_LOAD_GRP_TABLES_PRC_FULLLOAD_FCT_BENEFIT_PMNT_DET_OFFSET3_R,FCT_BENEFIT_PAYMENT_DETAIL_R,N_EMPLOYER_MED_WITHHELD_AMT_R,,,Constant / Expression
PKG Procedure,PKG_LOAD_GRP_TABLES,PRC_FULLLOAD_FCT_BENEFIT_PMNT_DET_OFFSET3_R,PKG_LOAD_GRP_TABLES_PRC_FULLLOAD_FCT_BENEFIT_PMNT_DET_OFFSET3_R,FCT_BENEFIT_PAYMENT_DETAIL_R,N_EMPLOYER_SS_WITHHELD_AMT_R,,,Constant / Expression
PKG Procedure,PKG_LOAD_GRP_TABLES,PRC_FULLLOAD_FCT_BENEFIT_PMNT_DET_OFFSET3_R,PKG_LOAD_GRP_TABLES_PRC_FULLLOAD_FCT_BENEFIT_PMNT_DET_OFFSET3_R,FCT_BENEFIT_PAYMENT_DETAIL_R,N_FEDERAL_TAX_WITHHELD_AMT_R,,,Constant / Expression
PKG Procedure,PKG_LOAD_GRP_TABLES,PRC_FULLLOAD_FCT_BENEFIT_PMNT_DET_OFFSET3_R,PKG_LOAD_GRP_TABLES_PRC_FULLLOAD_FCT_BENEFIT_PMNT_DET_OFFSET3_R,FCT_BENEFIT_PAYMENT_DETAIL_R,N_GROUP_SEQ_R,FCT_BENEFIT_PAYMENT_DETAIL_R,N_GROUP_SEQ_R,Direct
PKG Procedure,PKG_LOAD_GRP_TABLES,PRC_FULLLOAD_FCT_BENEFIT_PMNT_DET_OFFSET3_R,PKG_LOAD_GRP_TABLES_PRC_FULLLOAD_FCT_BENEFIT_PMNT_DET_OFFSET3_R,FCT_BENEFIT_PAYMENT_DETAIL_R,N_LEGAL_EXPENSE_DIRECT_AMT_R,,,Constant / Expression
PKG Procedure,PKG_LOAD_GRP_TABLES,PRC_FULLLOAD_FCT_BENEFIT_PMNT_DET_OFFSET3_R,PKG_LOAD_GRP_TABLES_PRC_FULLLOAD_FCT_BENEFIT_PMNT_DET_OFFSET3_R,FCT_BENEFIT_PAYMENT_DETAIL_R,N_LOAD_RUN_ID_R,,,Constant / Expression
PKG Procedure,PKG_LOAD_GRP_TABLES,PRC_FULLLOAD_FCT_BENEFIT_PMNT_DET_OFFSET3_R,PKG_LOAD_GRP_TABLES_PRC_FULLLOAD_FCT_BENEFIT_PMNT_DET_OFFSET3_R,FCT_BENEFIT_PAYMENT_DETAIL_R,N_OTHER_EXPENSE_DIRECT_AMT_R,,,Constant / Expression
PKG Procedure,PKG_LOAD_GRP_TABLES,PRC_FULLLOAD_FCT_BENEFIT_PMNT_DET_OFFSET3_R,PKG_LOAD_GRP_TABLES_PRC_FULLLOAD_FCT_BENEFIT_PMNT_DET_OFFSET3_R,FCT_BENEFIT_PAYMENT_DETAIL_R,N_PAID_CLAIM_BENEFITS_R,FCT_BENEFIT_PAYMENT_DETAIL_R,N_AMOUNT_R,case-when -> nvl -> Sum
PKG Procedure,PKG_LOAD_GRP_TABLES,PRC_FULLLOAD_FCT_BENEFIT_PMNT_DET_OFFSET3_R,PKG_LOAD_GRP_TABLES_PRC_FULLLOAD_FCT_BENEFIT_PMNT_DET_OFFSET3_R,FCT_BENEFIT_PAYMENT_DETAIL_R,N_PAID_CLAIM_BENEFITS_R,FCT_BENEFIT_PAYMENT_R,N_ADJ_GROSS_BENEFIT_R,case-when -> NVL
PKG Procedure,PKG_LOAD_GRP_TABLES,PRC_FULLLOAD_FCT_BENEFIT_PMNT_DET_OFFSET3_R,PKG_LOAD_GRP_TABLES_PRC_FULLLOAD_FCT_BENEFIT_PMNT_DET_OFFSET3_R,FCT_BENEFIT_PAYMENT_DETAIL_R,N_PAID_CLAIM_BENEFITS_R,FCT_GRP_WORKSHEET,n_gross_benefit_r,case-when -> NVL
PKG Procedure,PKG_LOAD_GRP_TABLES,PRC_FULLLOAD_FCT_BENEFIT_PMNT_DET_OFFSET3_R,PKG_LOAD_GRP_TABLES_PRC_FULLLOAD_FCT_BENEFIT_PMNT_DET_OFFSET3_R,FCT_BENEFIT_PAYMENT_DETAIL_R,N_PAID_CLAIM_BENEFITS_R,FCT_GRP_WORKSHEET,n_spec_benefit_adjust_r,case-when -> NVL
PKG Procedure,PKG_LOAD_GRP_TABLES,PRC_FULLLOAD_FCT_BENEFIT_PMNT_DET_OFFSET3_R,PKG_LOAD_GRP_TABLES_PRC_FULLLOAD_FCT_BENEFIT_PMNT_DET_OFFSET3_R,FCT_BENEFIT_PAYMENT_DETAIL_R,N_PARTY_SK_R,FCT_BENEFIT_PAYMENT_DETAIL_R,N_PARTY_SK_R,Direct
PKG Procedure,PKG_LOAD_GRP_TABLES,PRC_FULLLOAD_FCT_BENEFIT_PMNT_DET_OFFSET3_R,PKG_LOAD_GRP_TABLES_PRC_FULLLOAD_FCT_BENEFIT_PMNT_DET_OFFSET3_R,FCT_BENEFIT_PAYMENT_DETAIL_R,N_PAY_DTL_SOURCE_SYSTEM_KEY_R,FCT_BENEFIT_PAYMENT_DETAIL_R,N_PAY_DTL_SOURCE_SYSTEM_KEY_R,Direct
PKG Procedure,PKG_LOAD_GRP_TABLES,PRC_FULLLOAD_FCT_BENEFIT_PMNT_DET_OFFSET3_R,PKG_LOAD_GRP_TABLES_PRC_FULLLOAD_FCT_BENEFIT_PMNT_DET_OFFSET3_R,FCT_BENEFIT_PAYMENT_DETAIL_R,N_POLICY_SK_R,FCT_BENEFIT_PAYMENT_DETAIL_R,N_POLICY_SK_R,Direct
PKG Procedure,PKG_LOAD_GRP_TABLES,PRC_FULLLOAD_FCT_BENEFIT_PMNT_DET_OFFSET3_R,PKG_LOAD_GRP_TABLES_PRC_FULLLOAD_FCT_BENEFIT_PMNT_DET_OFFSET3_R,FCT_BENEFIT_PAYMENT_DETAIL_R,N_SEQUENCE_NUMBER_R,,,Constant / Expression
PKG Procedure,PKG_LOAD_GRP_TABLES,PRC_FULLLOAD_FCT_BENEFIT_PMNT_DET_OFFSET3_R,PKG_LOAD_GRP_TABLES_PRC_FULLLOAD_FCT_BENEFIT_PMNT_DET_OFFSET3_R,FCT_BENEFIT_PAYMENT_DETAIL_R,N_SEQ_R,,,Constant / Expression
PKG Procedure,PKG_LOAD_GRP_TABLES,PRC_FULLLOAD_FCT_BENEFIT_PMNT_DET_OFFSET3_R,PKG_LOAD_GRP_TABLES_PRC_FULLLOAD_FCT_BENEFIT_PMNT_DET_OFFSET3_R,FCT_BENEFIT_PAYMENT_DETAIL_R,N_SOURCE_VERSION_SEQ_NUMBER_R,FCT_BENEFIT_PAYMENT_DETAIL_R,N_SOURCE_VERSION_SEQ_NUMBER_R,Direct
PKG Procedure,PKG_LOAD_GRP_TABLES,PRC_FULLLOAD_FCT_BENEFIT_PMNT_DET_OFFSET3_R,PKG_LOAD_GRP_TABLES_PRC_FULLLOAD_FCT_BENEFIT_PMNT_DET_OFFSET3_R,FCT_BENEFIT_PAYMENT_DETAIL_R,N_STATE_TAX_WITHHELD_AMT_R,,,Constant / Expression
PKG Procedure,PKG_LOAD_GRP_TABLES,PRC_FULLLOAD_FCT_BENEFIT_PMNT_DET_OFFSET3_R,PKG_LOAD_GRP_TABLES_PRC_FULLLOAD_FCT_BENEFIT_PMNT_DET_OFFSET3_R,FCT_BENEFIT_PAYMENT_DETAIL_R,N_TAXABLE_BENEFIT_AMT_R,,,Constant / Expression
PKG Procedure,PKG_LOAD_GRP_TABLES,PRC_FULLLOAD_FCT_BENEFIT_PMNT_DET_OFFSET3_R,PKG_LOAD_GRP_TABLES_PRC_FULLLOAD_FCT_BENEFIT_PMNT_DET_OFFSET3_R,FCT_BENEFIT_PAYMENT_DETAIL_R,N_VERSION_NUMBER_R,FCT_BENEFIT_PAYMENT_DETAIL_R,N_VERSION_NUMBER_R,Direct
PKG Procedure,PKG_LOAD_GRP_TABLES,PRC_FULLLOAD_FCT_BENEFIT_PMNT_DET_OFFSET3_R,PKG_LOAD_GRP_TABLES_PRC_FULLLOAD_FCT_BENEFIT_PMNT_DET_OFFSET3_R,FCT_BENEFIT_PAYMENT_DETAIL_R,T_CREATION_DATE_R,,,Constant / Expression
PKG Procedure,PKG_LOAD_GRP_TABLES,PRC_FULLLOAD_FCT_BENEFIT_PMNT_DET_OFFSET3_R,PKG_LOAD_GRP_TABLES_PRC_FULLLOAD_FCT_BENEFIT_PMNT_DET_OFFSET3_R,FCT_BENEFIT_PAYMENT_DETAIL_R,T_EVENT_TIMESTAMP_R,FCT_BENEFIT_PAYMENT_DETAIL_R,T_EVENT_TIMESTAMP_R,Direct
PKG Procedure,PKG_LOAD_GRP_TABLES,PRC_FULLLOAD_FCT_BENEFIT_PMNT_DET_OFFSET3_R,PKG_LOAD_GRP_TABLES_PRC_FULLLOAD_FCT_BENEFIT_PMNT_DET_OFFSET3_R,FCT_BENEFIT_PAYMENT_DETAIL_R,T_LAST_MODIFIED_DATE_R,,,Constant / Expression
PKG Procedure,PKG_LOAD_GRP_TABLES,PRC_FULLLOAD_FCT_BENEFIT_PMNT_DET_OFFSET3_R,PKG_LOAD_GRP_TABLES_PRC_FULLLOAD_FCT_BENEFIT_PMNT_DET_OFFSET3_R,FCT_BENEFIT_PAYMENT_DETAIL_R,V_AMOUNT_TYPE_CATEGORY_DESC_R,,,Constant / Expression
PKG Procedure,PKG_LOAD_GRP_TABLES,PRC_FULLLOAD_FCT_BENEFIT_PMNT_DET_OFFSET3_R,PKG_LOAD_GRP_TABLES_PRC_FULLLOAD_FCT_BENEFIT_PMNT_DET_OFFSET3_R,FCT_BENEFIT_PAYMENT_DETAIL_R,V_AMOUNT_TYPE_CATEGORY_R,,,Constant / Expression
PKG Procedure,PKG_LOAD_GRP_TABLES,PRC_FULLLOAD_FCT_BENEFIT_PMNT_DET_OFFSET3_R,PKG_LOAD_GRP_TABLES_PRC_FULLLOAD_FCT_BENEFIT_PMNT_DET_OFFSET3_R,FCT_BENEFIT_PAYMENT_DETAIL_R,V_AMOUNT_TYPE_CODE_R,,,Constant / Expression
PKG Procedure,PKG_LOAD_GRP_TABLES,PRC_FULLLOAD_FCT_BENEFIT_PMNT_DET_OFFSET3_R,PKG_LOAD_GRP_TABLES_PRC_FULLLOAD_FCT_BENEFIT_PMNT_DET_OFFSET3_R,FCT_BENEFIT_PAYMENT_DETAIL_R,V_AMOUNT_TYPE_NAME_R,,,Constant / Expression
PKG Procedure,PKG_LOAD_GRP_TABLES,PRC_FULLLOAD_FCT_BENEFIT_PMNT_DET_OFFSET3_R,PKG_LOAD_GRP_TABLES_PRC_FULLLOAD_FCT_BENEFIT_PMNT_DET_OFFSET3_R,FCT_BENEFIT_PAYMENT_DETAIL_R,V_AMOUNT_TYPE_SUB_CATEGORY_R,,,Constant / Expression
PKG Procedure,PKG_LOAD_GRP_TABLES,PRC_FULLLOAD_FCT_BENEFIT_PMNT_DET_OFFSET3_R,PKG_LOAD_GRP_TABLES_PRC_FULLLOAD_FCT_BENEFIT_PMNT_DET_OFFSET3_R,FCT_BENEFIT_PAYMENT_DETAIL_R,V_AMOUNT_TYPE_SUB_CODE_R,,,Constant / Expression
PKG Procedure,PKG_LOAD_GRP_TABLES,PRC_FULLLOAD_FCT_BENEFIT_PMNT_DET_OFFSET3_R,PKG_LOAD_GRP_TABLES_PRC_FULLLOAD_FCT_BENEFIT_PMNT_DET_OFFSET3_R,FCT_BENEFIT_PAYMENT_DETAIL_R,V_AMOUNT_TYPE_SUB_NAME_R,,,Constant / Expression
PKG Procedure,PKG_LOAD_GRP_TABLES,PRC_FULLLOAD_FCT_BENEFIT_PMNT_DET_OFFSET3_R,PKG_LOAD_GRP_TABLES_PRC_FULLLOAD_FCT_BENEFIT_PMNT_DET_OFFSET3_R,FCT_BENEFIT_PAYMENT_DETAIL_R,V_AMT_TYPE_SUB_CATEGORY_DESC_R,,,Constant / Expression
PKG Procedure,PKG_LOAD_GRP_TABLES,PRC_FULLLOAD_FCT_BENEFIT_PMNT_DET_OFFSET3_R,PKG_LOAD_GRP_TABLES_PRC_FULLLOAD_FCT_BENEFIT_PMNT_DET_OFFSET3_R,FCT_BENEFIT_PAYMENT_DETAIL_R,V_BENEFIT_CODE_R,,,Constant / Expression
PKG Procedure,PKG_LOAD_GRP_TABLES,PRC_FULLLOAD_FCT_BENEFIT_PMNT_DET_OFFSET3_R,PKG_LOAD_GRP_TABLES_PRC_FULLLOAD_FCT_BENEFIT_PMNT_DET_OFFSET3_R,FCT_BENEFIT_PAYMENT_DETAIL_R,V_BENEFIT_DESC_R,,,Constant / Expression
PKG Procedure,PKG_LOAD_GRP_TABLES,PRC_FULLLOAD_FCT_BENEFIT_PMNT_DET_OFFSET3_R,PKG_LOAD_GRP_TABLES_PRC_FULLLOAD_FCT_BENEFIT_PMNT_DET_OFFSET3_R,FCT_BENEFIT_PAYMENT_DETAIL_R,V_CHANGE_REASON_R,FCT_BENEFIT_PAYMENT_DETAIL_R,V_CHANGE_REASON_R,Direct
PKG Procedure,PKG_LOAD_GRP_TABLES,PRC_FULLLOAD_FCT_BENEFIT_PMNT_DET_OFFSET3_R,PKG_LOAD_GRP_TABLES_PRC_FULLLOAD_FCT_BENEFIT_PMNT_DET_OFFSET3_R,FCT_BENEFIT_PAYMENT_DETAIL_R,V_CLAIM_TYPE_R,FCT_BENEFIT_PAYMENT_DETAIL_R,V_CLAIM_TYPE_R,Direct
PKG Procedure,PKG_LOAD_GRP_TABLES,PRC_FULLLOAD_FCT_BENEFIT_PMNT_DET_OFFSET3_R,PKG_LOAD_GRP_TABLES_PRC_FULLLOAD_FCT_BENEFIT_PMNT_DET_OFFSET3_R,FCT_BENEFIT_PAYMENT_DETAIL_R,V_CREATED_BY_R,,,Constant / Expression
PKG Procedure,PKG_LOAD_GRP_TABLES,PRC_FULLLOAD_FCT_BENEFIT_PMNT_DET_OFFSET3_R,PKG_LOAD_GRP_TABLES_PRC_FULLLOAD_FCT_BENEFIT_PMNT_DET_OFFSET3_R,FCT_BENEFIT_PAYMENT_DETAIL_R,V_LAST_MODIFIED_BY_R,,,Constant / Expression
PKG Procedure,PKG_LOAD_GRP_TABLES,PRC_FULLLOAD_FCT_BENEFIT_PMNT_DET_OFFSET3_R,PKG_LOAD_GRP_TABLES_PRC_FULLLOAD_FCT_BENEFIT_PMNT_DET_OFFSET3_R,FCT_BENEFIT_PAYMENT_DETAIL_R,V_PRIVACY_INDICATOR_R,FCT_BENEFIT_PAYMENT_DETAIL_R,V_PRIVACY_INDICATOR_R,Direct
PKG Procedure,PKG_LOAD_GRP_TABLES,PRC_FULLLOAD_FCT_BENEFIT_PMNT_DET_OFFSET3_R,PKG_LOAD_GRP_TABLES_PRC_FULLLOAD_FCT_BENEFIT_PMNT_DET_OFFSET3_R,FCT_BENEFIT_PAYMENT_DETAIL_R,V_TYPE_R,,,Constant / Expression
PKG Procedure,PKG_LOAD_GRP_TABLES,PRC_LOAD_DIM_GRP_CLAIM_DETAIL_SUBGROUP_LOOKUP,PKG_LOAD_GRP_TABLES_PRC_LOAD_DIM_GRP_CLAIM_DETAIL_SUBGROUP_LOOKUP,DIM_GRP_CLAIM_DETAIL_SUBGROUP_LOOKUP,N_BATCH_ID_R,,,Constant / Expression
PKG Procedure,PKG_LOAD_GRP_TABLES,PRC_LOAD_DIM_GRP_CLAIM_DETAIL_SUBGROUP_LOOKUP,PKG_LOAD_GRP_TABLES_PRC_LOAD_DIM_GRP_CLAIM_DETAIL_SUBGROUP_LOOKUP,DIM_GRP_CLAIM_DETAIL_SUBGROUP_LOOKUP,N_PARTY_SK_R,DIM_GRP_PARTY_DIR_R,N_PARTY_SK_R,Direct
PKG Procedure,PKG_LOAD_GRP_TABLES,PRC_LOAD_DIM_GRP_CLAIM_DETAIL_SUBGROUP_LOOKUP,PKG_LOAD_GRP_TABLES_PRC_LOAD_DIM_GRP_CLAIM_DETAIL_SUBGROUP_LOOKUP,DIM_GRP_CLAIM_DETAIL_SUBGROUP_LOOKUP,N_POLICY_SK_R,DIM_GRP_CLAIM_DIR_R,N_POLICY_SK_R,Direct
PKG Procedure,PKG_LOAD_GRP_TABLES,PRC_LOAD_DIM_GRP_CLAIM_DETAIL_SUBGROUP_LOOKUP,PKG_LOAD_GRP_TABLES_PRC_LOAD_DIM_GRP_CLAIM_DETAIL_SUBGROUP_LOOKUP,DIM_GRP_CLAIM_DETAIL_SUBGROUP_LOOKUP,N_SEQUENCE_NUMBER_R,,,Constant / Expression
PKG Procedure,PKG_LOAD_GRP_TABLES,PRC_LOAD_DIM_GRP_CLAIM_DETAIL_SUBGROUP_LOOKUP,PKG_LOAD_GRP_TABLES_PRC_LOAD_DIM_GRP_CLAIM_DETAIL_SUBGROUP_LOOKUP,DIM_GRP_CLAIM_DETAIL_SUBGROUP_LOOKUP,N_SOURCE_SYSTEM_KEY_R,DIM_GRP_PARTY_DIR_R,N_SOURCE_SYSTEM_KEY_R,Direct
PKG Procedure,PKG_LOAD_GRP_TABLES,PRC_LOAD_DIM_GRP_CLAIM_DETAIL_SUBGROUP_LOOKUP,PKG_LOAD_GRP_TABLES_PRC_LOAD_DIM_GRP_CLAIM_DETAIL_SUBGROUP_LOOKUP,DIM_GRP_CLAIM_DETAIL_SUBGROUP_LOOKUP,N_SOURCE_VERSION_NUMBER_R,DIM_GRP_PARTY_DIR_R,N_SOURCE_VERSION_NUMBER_R,Direct
PKG Procedure,PKG_LOAD_GRP_TABLES,PRC_LOAD_DIM_GRP_CLAIM_DETAIL_SUBGROUP_LOOKUP,PKG_LOAD_GRP_TABLES_PRC_LOAD_DIM_GRP_CLAIM_DETAIL_SUBGROUP_LOOKUP,DIM_GRP_CLAIM_DETAIL_SUBGROUP_LOOKUP,T_CREATION_DATE_R,,,Constant / Expression
PKG Procedure,PKG_LOAD_GRP_TABLES,PRC_LOAD_DIM_GRP_CLAIM_DETAIL_SUBGROUP_LOOKUP,PKG_LOAD_GRP_TABLES_PRC_LOAD_DIM_GRP_CLAIM_DETAIL_SUBGROUP_LOOKUP,DIM_GRP_CLAIM_DETAIL_SUBGROUP_LOOKUP,T_LAST_MODIFIED_DATE_R,,,Constant / Expression
PKG Procedure,PKG_LOAD_GRP_TABLES,PRC_LOAD_DIM_GRP_CLAIM_DETAIL_SUBGROUP_LOOKUP,PKG_LOAD_GRP_TABLES_PRC_LOAD_DIM_GRP_CLAIM_DETAIL_SUBGROUP_LOOKUP,DIM_GRP_CLAIM_DETAIL_SUBGROUP_LOOKUP,V_CLAIM_NUMBER_R,DIM_GRP_CLAIM_DIR_R,V_CLAIM_NUMBER_R,Direct
PKG Procedure,PKG_LOAD_GRP_TABLES,PRC_LOAD_DIM_GRP_CLAIM_DETAIL_SUBGROUP_LOOKUP,PKG_LOAD_GRP_TABLES_PRC_LOAD_DIM_GRP_CLAIM_DETAIL_SUBGROUP_LOOKUP,DIM_GRP_CLAIM_DETAIL_SUBGROUP_LOOKUP,V_CORRESPONDENT_NAME_R,DIM_GRP_CUST_ENTITYSUBGROUP_R,v_correspondent_name_r,NVL
PKG Procedure,PKG_LOAD_GRP_TABLES,PRC_LOAD_DIM_GRP_CLAIM_DETAIL_SUBGROUP_LOOKUP,PKG_LOAD_GRP_TABLES_PRC_LOAD_DIM_GRP_CLAIM_DETAIL_SUBGROUP_LOOKUP,DIM_GRP_CLAIM_DETAIL_SUBGROUP_LOOKUP,V_CORRESPONDENT_NAME_R,DIM_GRP_ENTITYLOCATION_R,V_SUBGROUP_NAME_R,NVL
PKG Procedure,PKG_LOAD_GRP_TABLES,PRC_LOAD_DIM_GRP_CLAIM_DETAIL_SUBGROUP_LOOKUP,PKG_LOAD_GRP_TABLES_PRC_LOAD_DIM_GRP_CLAIM_DETAIL_SUBGROUP_LOOKUP,DIM_GRP_CLAIM_DETAIL_SUBGROUP_LOOKUP,V_CREATED_BY_R,,,Constant / Expression
PKG Procedure,PKG_LOAD_GRP_TABLES,PRC_LOAD_DIM_GRP_CLAIM_DETAIL_SUBGROUP_LOOKUP,PKG_LOAD_GRP_TABLES_PRC_LOAD_DIM_GRP_CLAIM_DETAIL_SUBGROUP_LOOKUP,DIM_GRP_CLAIM_DETAIL_SUBGROUP_LOOKUP,V_LAST_MODIFIED_BY_R,,,Constant / Expression
PKG Procedure,PKG_LOAD_GRP_TABLES,PRC_LOAD_DIM_GRP_CLAIM_DETAIL_SUBGROUP_LOOKUP,PKG_LOAD_GRP_TABLES_PRC_LOAD_DIM_GRP_CLAIM_DETAIL_SUBGROUP_LOOKUP,DIM_GRP_CLAIM_DETAIL_SUBGROUP_LOOKUP,V_SOURCE_SYSTEM_NAME_R,DIM_GRP_CLAIM_DIR_R,V_SOURCE_SYSTEM_NAME_R,Direct
PKG Procedure,PKG_LOAD_GRP_TABLES,PRC_LOAD_DIM_GRP_CLAIM_DETAIL_SUBGROUP_LOOKUP,PKG_LOAD_GRP_TABLES_PRC_LOAD_DIM_GRP_CLAIM_DETAIL_SUBGROUP_LOOKUP,DIM_GRP_CLAIM_DETAIL_SUBGROUP_LOOKUP,V_SUBGROUP_ADDRESSLINE1_R,DIM_GRP_CUST_ENTITYSUBGROUP_R,v_subgroup_addressline1_r,NVL
PKG Procedure,PKG_LOAD_GRP_TABLES,PRC_LOAD_DIM_GRP_CLAIM_DETAIL_SUBGROUP_LOOKUP,PKG_LOAD_GRP_TABLES_PRC_LOAD_DIM_GRP_CLAIM_DETAIL_SUBGROUP_LOOKUP,DIM_GRP_CLAIM_DETAIL_SUBGROUP_LOOKUP,V_SUBGROUP_ADDRESSLINE1_R,DIM_GRP_ENTITYLOCATION_R,V_SUBGROUP_ADDRESSLINE1_R,NVL
PKG Procedure,PKG_LOAD_GRP_TABLES,PRC_LOAD_DIM_GRP_CLAIM_DETAIL_SUBGROUP_LOOKUP,PKG_LOAD_GRP_TABLES_PRC_LOAD_DIM_GRP_CLAIM_DETAIL_SUBGROUP_LOOKUP,DIM_GRP_CLAIM_DETAIL_SUBGROUP_LOOKUP,V_SUBGROUP_ADDRESSLINE2_R,DIM_GRP_CUST_ENTITYSUBGROUP_R,v_subgroup_addressline2_r,NVL
PKG Procedure,PKG_LOAD_GRP_TABLES,PRC_LOAD_DIM_GRP_CLAIM_DETAIL_SUBGROUP_LOOKUP,PKG_LOAD_GRP_TABLES_PRC_LOAD_DIM_GRP_CLAIM_DETAIL_SUBGROUP_LOOKUP,DIM_GRP_CLAIM_DETAIL_SUBGROUP_LOOKUP,V_SUBGROUP_ADDRESSLINE2_R,DIM_GRP_ENTITYLOCATION_R,V_SUBGROUP_ADDRESSLINE2_R,NVL
PKG Procedure,PKG_LOAD_GRP_TABLES,PRC_LOAD_DIM_GRP_CLAIM_DETAIL_SUBGROUP_LOOKUP,PKG_LOAD_GRP_TABLES_PRC_LOAD_DIM_GRP_CLAIM_DETAIL_SUBGROUP_LOOKUP,DIM_GRP_CLAIM_DETAIL_SUBGROUP_LOOKUP,V_SUBGROUP_CITY_R,DIM_GRP_CUST_ENTITYSUBGROUP_R,v_subgroup_city_r,NVL
PKG Procedure,PKG_LOAD_GRP_TABLES,PRC_LOAD_DIM_GRP_CLAIM_DETAIL_SUBGROUP_LOOKUP,PKG_LOAD_GRP_TABLES_PRC_LOAD_DIM_GRP_CLAIM_DETAIL_SUBGROUP_LOOKUP,DIM_GRP_CLAIM_DETAIL_SUBGROUP_LOOKUP,V_SUBGROUP_CITY_R,DIM_GRP_ENTITYLOCATION_R,V_SUBGROUP_CITY_R,NVL
PKG Procedure,PKG_LOAD_GRP_TABLES,PRC_LOAD_DIM_GRP_CLAIM_DETAIL_SUBGROUP_LOOKUP,PKG_LOAD_GRP_TABLES_PRC_LOAD_DIM_GRP_CLAIM_DETAIL_SUBGROUP_LOOKUP,DIM_GRP_CLAIM_DETAIL_SUBGROUP_LOOKUP,V_SUBGROUP_ID_R,DIM_GRP_CUST_ENTITYSUBGROUP_R,v_subgroup_id_r,NVL
PKG Procedure,PKG_LOAD_GRP_TABLES,PRC_LOAD_DIM_GRP_CLAIM_DETAIL_SUBGROUP_LOOKUP,PKG_LOAD_GRP_TABLES_PRC_LOAD_DIM_GRP_CLAIM_DETAIL_SUBGROUP_LOOKUP,DIM_GRP_CLAIM_DETAIL_SUBGROUP_LOOKUP,V_SUBGROUP_ID_R,DIM_GRP_ENTITYLOCATION_R,V_SUBGROUP_ID_R,NVL
PKG Procedure,PKG_LOAD_GRP_TABLES,PRC_LOAD_DIM_GRP_CLAIM_DETAIL_SUBGROUP_LOOKUP,PKG_LOAD_GRP_TABLES_PRC_LOAD_DIM_GRP_CLAIM_DETAIL_SUBGROUP_LOOKUP,DIM_GRP_CLAIM_DETAIL_SUBGROUP_LOOKUP,V_SUBGROUP_NAME_R,DIM_GRP_CUST_ENTITYSUBGROUP_R,v_subgroup_name_r,NVL
PKG Procedure,PKG_LOAD_GRP_TABLES,PRC_LOAD_DIM_GRP_CLAIM_DETAIL_SUBGROUP_LOOKUP,PKG_LOAD_GRP_TABLES_PRC_LOAD_DIM_GRP_CLAIM_DETAIL_SUBGROUP_LOOKUP,DIM_GRP_CLAIM_DETAIL_SUBGROUP_LOOKUP,V_SUBGROUP_NAME_R,DIM_GRP_ENTITYLOCATION_R,V_SUBGROUP_NAME_R,NVL
PKG Procedure,PKG_LOAD_GRP_TABLES,PRC_LOAD_DIM_GRP_CLAIM_DETAIL_SUBGROUP_LOOKUP,PKG_LOAD_GRP_TABLES_PRC_LOAD_DIM_GRP_CLAIM_DETAIL_SUBGROUP_LOOKUP,DIM_GRP_CLAIM_DETAIL_SUBGROUP_LOOKUP,V_SUBGROUP_NAME_R,dim_GRP_CLAIM_SUBSIDIARY_R,V_OVERRIDE_NAME_R,NVL
PKG Procedure,PKG_LOAD_GRP_TABLES,PRC_LOAD_DIM_GRP_CLAIM_DETAIL_SUBGROUP_LOOKUP,PKG_LOAD_GRP_TABLES_PRC_LOAD_DIM_GRP_CLAIM_DETAIL_SUBGROUP_LOOKUP,DIM_GRP_CLAIM_DETAIL_SUBGROUP_LOOKUP,V_SUBGROUP_NAME_R,dim_grp_party_r,V_INDIVIDUAL_LAST_NAME_R,NVL
PKG Procedure,PKG_LOAD_GRP_TABLES,PRC_LOAD_DIM_GRP_CLAIM_DETAIL_SUBGROUP_LOOKUP,PKG_LOAD_GRP_TABLES_PRC_LOAD_DIM_GRP_CLAIM_DETAIL_SUBGROUP_LOOKUP,DIM_GRP_CLAIM_DETAIL_SUBGROUP_LOOKUP,V_SUBGROUP_POSTALZIP_R,DIM_GRP_CUST_ENTITYSUBGROUP_R,v_subgroup_postalzip_r,NVL
PKG Procedure,PKG_LOAD_GRP_TABLES,PRC_LOAD_DIM_GRP_CLAIM_DETAIL_SUBGROUP_LOOKUP,PKG_LOAD_GRP_TABLES_PRC_LOAD_DIM_GRP_CLAIM_DETAIL_SUBGROUP_LOOKUP,DIM_GRP_CLAIM_DETAIL_SUBGROUP_LOOKUP,V_SUBGROUP_POSTALZIP_R,DIM_GRP_ENTITYLOCATION_R,V_SUBGROUP_POSTALZIP_R,NVL
PKG Procedure,PKG_LOAD_GRP_TABLES,PRC_LOAD_DIM_GRP_CLAIM_DETAIL_SUBGROUP_LOOKUP,PKG_LOAD_GRP_TABLES_PRC_LOAD_DIM_GRP_CLAIM_DETAIL_SUBGROUP_LOOKUP,DIM_GRP_CLAIM_DETAIL_SUBGROUP_LOOKUP,V_SUBGROUP_PROVSTATE_R,DIM_GRP_CUST_ENTITYSUBGROUP_R,v_subgroup_provstate_r,NVL
PKG Procedure,PKG_LOAD_GRP_TABLES,PRC_LOAD_DIM_GRP_CLAIM_DETAIL_SUBGROUP_LOOKUP,PKG_LOAD_GRP_TABLES_PRC_LOAD_DIM_GRP_CLAIM_DETAIL_SUBGROUP_LOOKUP,DIM_GRP_CLAIM_DETAIL_SUBGROUP_LOOKUP,V_SUBGROUP_PROVSTATE_R,DIM_GRP_ENTITYLOCATION_R,V_SUBGROUP_PROVSTATE_R,NVL
PKG Procedure,PKG_LOAD_GRP_TABLES,PRC_LOAD_DIM_GRP_CLAIM_DETAIL_SUBGROUP_LOOKUP_CV,PKG_LOAD_GRP_TABLES_PRC_LOAD_DIM_GRP_CLAIM_DETAIL_SUBGROUP_LOOKUP_CV,DIM_GRP_CLAIM_DETAIL_SUBGROUP_LOOKUP,N_BATCH_ID_R,,,Constant / Expression
PKG Procedure,PKG_LOAD_GRP_TABLES,PRC_LOAD_DIM_GRP_CLAIM_DETAIL_SUBGROUP_LOOKUP_CV,PKG_LOAD_GRP_TABLES_PRC_LOAD_DIM_GRP_CLAIM_DETAIL_SUBGROUP_LOOKUP_CV,DIM_GRP_CLAIM_DETAIL_SUBGROUP_LOOKUP,N_PARTY_SK_R,DIM_GRP_CLAIM_DETAIL_R,N_INSRD_PARTY_SK_R,Direct
PKG Procedure,PKG_LOAD_GRP_TABLES,PRC_LOAD_DIM_GRP_CLAIM_DETAIL_SUBGROUP_LOOKUP_CV,PKG_LOAD_GRP_TABLES_PRC_LOAD_DIM_GRP_CLAIM_DETAIL_SUBGROUP_LOOKUP_CV,DIM_GRP_CLAIM_DETAIL_SUBGROUP_LOOKUP,N_POLICY_SK_R,DIM_GRP_CLAIM_DIR_R,N_POLICY_SK_R,Direct
PKG Procedure,PKG_LOAD_GRP_TABLES,PRC_LOAD_DIM_GRP_CLAIM_DETAIL_SUBGROUP_LOOKUP_CV,PKG_LOAD_GRP_TABLES_PRC_LOAD_DIM_GRP_CLAIM_DETAIL_SUBGROUP_LOOKUP_CV,DIM_GRP_CLAIM_DETAIL_SUBGROUP_LOOKUP,N_SEQUENCE_NUMBER_R,,,Constant / Expression
PKG Procedure,PKG_LOAD_GRP_TABLES,PRC_LOAD_DIM_GRP_CLAIM_DETAIL_SUBGROUP_LOOKUP_CV,PKG_LOAD_GRP_TABLES_PRC_LOAD_DIM_GRP_CLAIM_DETAIL_SUBGROUP_LOOKUP_CV,DIM_GRP_CLAIM_DETAIL_SUBGROUP_LOOKUP,N_SOURCE_SYSTEM_KEY_R,DIM_GRP_CLAIM_DIR_R,N_SOURCE_SYSTEM_KEY_R,Direct
PKG Procedure,PKG_LOAD_GRP_TABLES,PRC_LOAD_DIM_GRP_CLAIM_DETAIL_SUBGROUP_LOOKUP_CV,PKG_LOAD_GRP_TABLES_PRC_LOAD_DIM_GRP_CLAIM_DETAIL_SUBGROUP_LOOKUP_CV,DIM_GRP_CLAIM_DETAIL_SUBGROUP_LOOKUP,N_SOURCE_VERSION_NUMBER_R,DIM_GRP_CLAIM_DIR_R,N_SOURCE_VERSION_NUMBER_R,Direct
PKG Procedure,PKG_LOAD_GRP_TABLES,PRC_LOAD_DIM_GRP_CLAIM_DETAIL_SUBGROUP_LOOKUP_CV,PKG_LOAD_GRP_TABLES_PRC_LOAD_DIM_GRP_CLAIM_DETAIL_SUBGROUP_LOOKUP_CV,DIM_GRP_CLAIM_DETAIL_SUBGROUP_LOOKUP,T_CREATION_DATE_R,,,Constant / Expression
PKG Procedure,PKG_LOAD_GRP_TABLES,PRC_LOAD_DIM_GRP_CLAIM_DETAIL_SUBGROUP_LOOKUP_CV,PKG_LOAD_GRP_TABLES_PRC_LOAD_DIM_GRP_CLAIM_DETAIL_SUBGROUP_LOOKUP_CV,DIM_GRP_CLAIM_DETAIL_SUBGROUP_LOOKUP,T_LAST_MODIFIED_DATE_R,,,Constant / Expression
PKG Procedure,PKG_LOAD_GRP_TABLES,PRC_LOAD_DIM_GRP_CLAIM_DETAIL_SUBGROUP_LOOKUP_CV,PKG_LOAD_GRP_TABLES_PRC_LOAD_DIM_GRP_CLAIM_DETAIL_SUBGROUP_LOOKUP_CV,DIM_GRP_CLAIM_DETAIL_SUBGROUP_LOOKUP,V_CLAIM_NUMBER_R,DIM_GRP_CLAIM_DIR_R,V_CLAIM_NUMBER_R,Direct
PKG Procedure,PKG_LOAD_GRP_TABLES,PRC_LOAD_DIM_GRP_CLAIM_DETAIL_SUBGROUP_LOOKUP_CV,PKG_LOAD_GRP_TABLES_PRC_LOAD_DIM_GRP_CLAIM_DETAIL_SUBGROUP_LOOKUP_CV,DIM_GRP_CLAIM_DETAIL_SUBGROUP_LOOKUP,V_CORRESPONDENT_NAME_R,DIM_GRP_CLAIM_DETAIL_R,V_CORRESPONDENT_NAME_R,Direct
PKG Procedure,PKG_LOAD_GRP_TABLES,PRC_LOAD_DIM_GRP_CLAIM_DETAIL_SUBGROUP_LOOKUP_CV,PKG_LOAD_GRP_TABLES_PRC_LOAD_DIM_GRP_CLAIM_DETAIL_SUBGROUP_LOOKUP_CV,DIM_GRP_CLAIM_DETAIL_SUBGROUP_LOOKUP,V_CREATED_BY_R,,,Constant / Expression
PKG Procedure,PKG_LOAD_GRP_TABLES,PRC_LOAD_DIM_GRP_CLAIM_DETAIL_SUBGROUP_LOOKUP_CV,PKG_LOAD_GRP_TABLES_PRC_LOAD_DIM_GRP_CLAIM_DETAIL_SUBGROUP_LOOKUP_CV,DIM_GRP_CLAIM_DETAIL_SUBGROUP_LOOKUP,V_LAST_MODIFIED_BY_R,,,Constant / Expression
PKG Procedure,PKG_LOAD_GRP_TABLES,PRC_LOAD_DIM_GRP_CLAIM_DETAIL_SUBGROUP_LOOKUP_CV,PKG_LOAD_GRP_TABLES_PRC_LOAD_DIM_GRP_CLAIM_DETAIL_SUBGROUP_LOOKUP_CV,DIM_GRP_CLAIM_DETAIL_SUBGROUP_LOOKUP,V_SOURCE_SYSTEM_NAME_R,DIM_GRP_CLAIM_DIR_R,V_SOURCE_SYSTEM_NAME_R,Direct
PKG Procedure,PKG_LOAD_GRP_TABLES,PRC_LOAD_DIM_GRP_CLAIM_DETAIL_SUBGROUP_LOOKUP_CV,PKG_LOAD_GRP_TABLES_PRC_LOAD_DIM_GRP_CLAIM_DETAIL_SUBGROUP_LOOKUP_CV,DIM_GRP_CLAIM_DETAIL_SUBGROUP_LOOKUP,V_SUBGROUP_ADDRESSLINE1_R,DIM_GRP_CLAIM_DETAIL_R,V_SUBGROUP_ADDRESSLINE1_R,Direct
PKG Procedure,PKG_LOAD_GRP_TABLES,PRC_LOAD_DIM_GRP_CLAIM_DETAIL_SUBGROUP_LOOKUP_CV,PKG_LOAD_GRP_TABLES_PRC_LOAD_DIM_GRP_CLAIM_DETAIL_SUBGROUP_LOOKUP_CV,DIM_GRP_CLAIM_DETAIL_SUBGROUP_LOOKUP,V_SUBGROUP_ADDRESSLINE2_R,DIM_GRP_CLAIM_DETAIL_R,V_SUBGROUP_ADDRESSLINE2_R,Direct
PKG Procedure,PKG_LOAD_GRP_TABLES,PRC_LOAD_DIM_GRP_CLAIM_DETAIL_SUBGROUP_LOOKUP_CV,PKG_LOAD_GRP_TABLES_PRC_LOAD_DIM_GRP_CLAIM_DETAIL_SUBGROUP_LOOKUP_CV,DIM_GRP_CLAIM_DETAIL_SUBGROUP_LOOKUP,V_SUBGROUP_CITY_R,DIM_GRP_CLAIM_DETAIL_R,V_SUBGROUP_CITY_R,Direct
PKG Procedure,PKG_LOAD_GRP_TABLES,PRC_LOAD_DIM_GRP_CLAIM_DETAIL_SUBGROUP_LOOKUP_CV,PKG_LOAD_GRP_TABLES_PRC_LOAD_DIM_GRP_CLAIM_DETAIL_SUBGROUP_LOOKUP_CV,DIM_GRP_CLAIM_DETAIL_SUBGROUP_LOOKUP,V_SUBGROUP_ID_R,DIM_GRP_CLAIM_DETAIL_R,V_SUBGROUP_ID_R,Direct
PKG Procedure,PKG_LOAD_GRP_TABLES,PRC_LOAD_DIM_GRP_CLAIM_DETAIL_SUBGROUP_LOOKUP_CV,PKG_LOAD_GRP_TABLES_PRC_LOAD_DIM_GRP_CLAIM_DETAIL_SUBGROUP_LOOKUP_CV,DIM_GRP_CLAIM_DETAIL_SUBGROUP_LOOKUP,V_SUBGROUP_NAME_R,DIM_GRP_CLAIM_DETAIL_R,V_SUBGROUP_NAME_R,Direct
PKG Procedure,PKG_LOAD_GRP_TABLES,PRC_LOAD_DIM_GRP_CLAIM_DETAIL_SUBGROUP_LOOKUP_CV,PKG_LOAD_GRP_TABLES_PRC_LOAD_DIM_GRP_CLAIM_DETAIL_SUBGROUP_LOOKUP_CV,DIM_GRP_CLAIM_DETAIL_SUBGROUP_LOOKUP,V_SUBGROUP_POSTALZIP_R,DIM_GRP_CLAIM_DETAIL_R,V_SUBGROUP_POSTALZIP_R,Direct
PKG Procedure,PKG_LOAD_GRP_TABLES,PRC_LOAD_DIM_GRP_CLAIM_DETAIL_SUBGROUP_LOOKUP_CV,PKG_LOAD_GRP_TABLES_PRC_LOAD_DIM_GRP_CLAIM_DETAIL_SUBGROUP_LOOKUP_CV,DIM_GRP_CLAIM_DETAIL_SUBGROUP_LOOKUP,V_SUBGROUP_PROVSTATE_R,DIM_GRP_CLAIM_DETAIL_R,V_SUBGROUP_PROVSTATE_R,Direct
PKG Procedure,PKG_LOAD_GRP_TABLES,PRC_LOAD_FCT_BENEFIT_PMNT_DET_OFFSET2_R,PKG_LOAD_GRP_TABLES_PRC_LOAD_FCT_BENEFIT_PMNT_DET_OFFSET2_R,FCT_BENEFIT_PAYMENT_DETAIL_R,D_PAYMENTDATE_R,FCT_BENEFIT_PAYMENT_DETAIL_R,D_PAYMENTDATE_R,Direct
PKG Procedure,PKG_LOAD_GRP_TABLES,PRC_LOAD_FCT_BENEFIT_PMNT_DET_OFFSET2_R,PKG_LOAD_GRP_TABLES_PRC_LOAD_FCT_BENEFIT_PMNT_DET_OFFSET2_R,FCT_BENEFIT_PAYMENT_DETAIL_R,D_PAYPERIOD_END_R,FCT_BENEFIT_PAYMENT_DETAIL_R,D_PAYPERIOD_END_R,Direct
PKG Procedure,PKG_LOAD_GRP_TABLES,PRC_LOAD_FCT_BENEFIT_PMNT_DET_OFFSET2_R,PKG_LOAD_GRP_TABLES_PRC_LOAD_FCT_BENEFIT_PMNT_DET_OFFSET2_R,FCT_BENEFIT_PAYMENT_DETAIL_R,D_PAYPERIOD_START_R,FCT_BENEFIT_PAYMENT_DETAIL_R,D_PAYPERIOD_START_R,Direct
PKG Procedure,PKG_LOAD_GRP_TABLES,PRC_LOAD_FCT_BENEFIT_PMNT_DET_OFFSET2_R,PKG_LOAD_GRP_TABLES_PRC_LOAD_FCT_BENEFIT_PMNT_DET_OFFSET2_R,FCT_BENEFIT_PAYMENT_DETAIL_R,D_RECORD_END_DATE_R,FCT_BENEFIT_PAYMENT_DETAIL_R,D_RECORD_END_DATE_R,Direct
PKG Procedure,PKG_LOAD_GRP_TABLES,PRC_LOAD_FCT_BENEFIT_PMNT_DET_OFFSET2_R,PKG_LOAD_GRP_TABLES_PRC_LOAD_FCT_BENEFIT_PMNT_DET_OFFSET2_R,FCT_BENEFIT_PAYMENT_DETAIL_R,D_RECORD_START_DATE_R,FCT_BENEFIT_PAYMENT_DETAIL_R,D_RECORD_START_DATE_R,Direct
PKG Procedure,PKG_LOAD_GRP_TABLES,PRC_LOAD_FCT_BENEFIT_PMNT_DET_OFFSET2_R,PKG_LOAD_GRP_TABLES_PRC_LOAD_FCT_BENEFIT_PMNT_DET_OFFSET2_R,FCT_BENEFIT_PAYMENT_DETAIL_R,FIC_MIS_DATE_R,FCT_BENEFIT_PAYMENT_DETAIL_R,FIC_MIS_DATE_R,Direct
PKG Procedure,PKG_LOAD_GRP_TABLES,PRC_LOAD_FCT_BENEFIT_PMNT_DET_OFFSET2_R,PKG_LOAD_GRP_TABLES_PRC_LOAD_FCT_BENEFIT_PMNT_DET_OFFSET2_R,FCT_BENEFIT_PAYMENT_DETAIL_R,F_PHYSICAL_DELETE_R,FCT_BENEFIT_PAYMENT_DETAIL_R,F_PHYSICAL_DELETE_R,Direct
PKG Procedure,PKG_LOAD_GRP_TABLES,PRC_LOAD_FCT_BENEFIT_PMNT_DET_OFFSET2_R,PKG_LOAD_GRP_TABLES_PRC_LOAD_FCT_BENEFIT_PMNT_DET_OFFSET2_R,FCT_BENEFIT_PAYMENT_DETAIL_R,N_AMOUNT_R,FCT_BENEFIT_PAYMENT_R,N_ADJ_NET_BENEFIT_R,Direct
PKG Procedure,PKG_LOAD_GRP_TABLES,PRC_LOAD_FCT_BENEFIT_PMNT_DET_OFFSET2_R,PKG_LOAD_GRP_TABLES_PRC_LOAD_FCT_BENEFIT_PMNT_DET_OFFSET2_R,FCT_BENEFIT_PAYMENT_DETAIL_R,N_BATCH_ID_R,,,Constant / Expression
PKG Procedure,PKG_LOAD_GRP_TABLES,PRC_LOAD_FCT_BENEFIT_PMNT_DET_OFFSET2_R,PKG_LOAD_GRP_TABLES_PRC_LOAD_FCT_BENEFIT_PMNT_DET_OFFSET2_R,FCT_BENEFIT_PAYMENT_DETAIL_R,N_CLAIM_COVERAGE_GROUP_SK_R,FCT_BENEFIT_PAYMENT_DETAIL_R,N_CLAIM_COVERAGE_GROUP_SK_R,Direct
PKG Procedure,PKG_LOAD_GRP_TABLES,PRC_LOAD_FCT_BENEFIT_PMNT_DET_OFFSET2_R,PKG_LOAD_GRP_TABLES_PRC_LOAD_FCT_BENEFIT_PMNT_DET_OFFSET2_R,FCT_BENEFIT_PAYMENT_DETAIL_R,N_CLAIM_COVERAGE_SK_R,FCT_BENEFIT_PAYMENT_DETAIL_R,N_CLAIM_COVERAGE_SK_R,Direct
PKG Procedure,PKG_LOAD_GRP_TABLES,PRC_LOAD_FCT_BENEFIT_PMNT_DET_OFFSET2_R,PKG_LOAD_GRP_TABLES_PRC_LOAD_FCT_BENEFIT_PMNT_DET_OFFSET2_R,FCT_BENEFIT_PAYMENT_DETAIL_R,N_CLAIM_SK_R,FCT_BENEFIT_PAYMENT_DETAIL_R,N_CLAIM_SK_R,Direct
PKG Procedure,PKG_LOAD_GRP_TABLES,PRC_LOAD_FCT_BENEFIT_PMNT_DET_OFFSET2_R,PKG_LOAD_GRP_TABLES_PRC_LOAD_FCT_BENEFIT_PMNT_DET_OFFSET2_R,FCT_BENEFIT_PAYMENT_DETAIL_R,N_CREDITAMOUNT_R,,,Constant / Expression
PKG Procedure,PKG_LOAD_GRP_TABLES,PRC_LOAD_FCT_BENEFIT_PMNT_DET_OFFSET2_R,PKG_LOAD_GRP_TABLES_PRC_LOAD_FCT_BENEFIT_PMNT_DET_OFFSET2_R,FCT_BENEFIT_PAYMENT_DETAIL_R,N_DEBITAMOUNT_R,,,Constant / Expression
PKG Procedure,PKG_LOAD_GRP_TABLES,PRC_LOAD_FCT_BENEFIT_PMNT_DET_OFFSET2_R,PKG_LOAD_GRP_TABLES_PRC_LOAD_FCT_BENEFIT_PMNT_DET_OFFSET2_R,FCT_BENEFIT_PAYMENT_DETAIL_R,N_EMPLOYEE_MED_WITHHELD_AMT_R,,,Constant / Expression
PKG Procedure,PKG_LOAD_GRP_TABLES,PRC_LOAD_FCT_BENEFIT_PMNT_DET_OFFSET2_R,PKG_LOAD_GRP_TABLES_PRC_LOAD_FCT_BENEFIT_PMNT_DET_OFFSET2_R,FCT_BENEFIT_PAYMENT_DETAIL_R,N_EMPLOYEE_SS_WITHHELD_AMT_R,,,Constant / Expression
PKG Procedure,PKG_LOAD_GRP_TABLES,PRC_LOAD_FCT_BENEFIT_PMNT_DET_OFFSET2_R,PKG_LOAD_GRP_TABLES_PRC_LOAD_FCT_BENEFIT_PMNT_DET_OFFSET2_R,FCT_BENEFIT_PAYMENT_DETAIL_R,N_EMPLOYER_MED_WITHHELD_AMT_R,,,Constant / Expression
PKG Procedure,PKG_LOAD_GRP_TABLES,PRC_LOAD_FCT_BENEFIT_PMNT_DET_OFFSET2_R,PKG_LOAD_GRP_TABLES_PRC_LOAD_FCT_BENEFIT_PMNT_DET_OFFSET2_R,FCT_BENEFIT_PAYMENT_DETAIL_R,N_EMPLOYER_SS_WITHHELD_AMT_R,,,Constant / Expression
PKG Procedure,PKG_LOAD_GRP_TABLES,PRC_LOAD_FCT_BENEFIT_PMNT_DET_OFFSET2_R,PKG_LOAD_GRP_TABLES_PRC_LOAD_FCT_BENEFIT_PMNT_DET_OFFSET2_R,FCT_BENEFIT_PAYMENT_DETAIL_R,N_FEDERAL_TAX_WITHHELD_AMT_R,,,Constant / Expression
PKG Procedure,PKG_LOAD_GRP_TABLES,PRC_LOAD_FCT_BENEFIT_PMNT_DET_OFFSET2_R,PKG_LOAD_GRP_TABLES_PRC_LOAD_FCT_BENEFIT_PMNT_DET_OFFSET2_R,FCT_BENEFIT_PAYMENT_DETAIL_R,N_GROUP_SEQ_R,FCT_BENEFIT_PAYMENT_DETAIL_R,N_GROUP_SEQ_R,Direct
PKG Procedure,PKG_LOAD_GRP_TABLES,PRC_LOAD_FCT_BENEFIT_PMNT_DET_OFFSET2_R,PKG_LOAD_GRP_TABLES_PRC_LOAD_FCT_BENEFIT_PMNT_DET_OFFSET2_R,FCT_BENEFIT_PAYMENT_DETAIL_R,N_LEGAL_EXPENSE_DIRECT_AMT_R,,,Constant / Expression
PKG Procedure,PKG_LOAD_GRP_TABLES,PRC_LOAD_FCT_BENEFIT_PMNT_DET_OFFSET2_R,PKG_LOAD_GRP_TABLES_PRC_LOAD_FCT_BENEFIT_PMNT_DET_OFFSET2_R,FCT_BENEFIT_PAYMENT_DETAIL_R,N_LOAD_RUN_ID_R,,,Constant / Expression
PKG Procedure,PKG_LOAD_GRP_TABLES,PRC_LOAD_FCT_BENEFIT_PMNT_DET_OFFSET2_R,PKG_LOAD_GRP_TABLES_PRC_LOAD_FCT_BENEFIT_PMNT_DET_OFFSET2_R,FCT_BENEFIT_PAYMENT_DETAIL_R,N_OTHER_EXPENSE_DIRECT_AMT_R,,,Constant / Expression
PKG Procedure,PKG_LOAD_GRP_TABLES,PRC_LOAD_FCT_BENEFIT_PMNT_DET_OFFSET2_R,PKG_LOAD_GRP_TABLES_PRC_LOAD_FCT_BENEFIT_PMNT_DET_OFFSET2_R,FCT_BENEFIT_PAYMENT_DETAIL_R,N_PAID_CLAIM_BENEFITS_R,FCT_BENEFIT_PAYMENT_R,N_ADJ_NET_BENEFIT_R,Direct
PKG Procedure,PKG_LOAD_GRP_TABLES,PRC_LOAD_FCT_BENEFIT_PMNT_DET_OFFSET2_R,PKG_LOAD_GRP_TABLES_PRC_LOAD_FCT_BENEFIT_PMNT_DET_OFFSET2_R,FCT_BENEFIT_PAYMENT_DETAIL_R,N_PARTY_SK_R,FCT_BENEFIT_PAYMENT_DETAIL_R,N_PARTY_SK_R,Direct
PKG Procedure,PKG_LOAD_GRP_TABLES,PRC_LOAD_FCT_BENEFIT_PMNT_DET_OFFSET2_R,PKG_LOAD_GRP_TABLES_PRC_LOAD_FCT_BENEFIT_PMNT_DET_OFFSET2_R,FCT_BENEFIT_PAYMENT_DETAIL_R,N_PAY_DTL_SOURCE_SYSTEM_KEY_R,FCT_BENEFIT_PAYMENT_DETAIL_R,N_PAY_DTL_SOURCE_SYSTEM_KEY_R,Direct
PKG Procedure,PKG_LOAD_GRP_TABLES,PRC_LOAD_FCT_BENEFIT_PMNT_DET_OFFSET2_R,PKG_LOAD_GRP_TABLES_PRC_LOAD_FCT_BENEFIT_PMNT_DET_OFFSET2_R,FCT_BENEFIT_PAYMENT_DETAIL_R,N_POLICY_SK_R,FCT_BENEFIT_PAYMENT_DETAIL_R,N_POLICY_SK_R,Direct
PKG Procedure,PKG_LOAD_GRP_TABLES,PRC_LOAD_FCT_BENEFIT_PMNT_DET_OFFSET2_R,PKG_LOAD_GRP_TABLES_PRC_LOAD_FCT_BENEFIT_PMNT_DET_OFFSET2_R,FCT_BENEFIT_PAYMENT_DETAIL_R,N_SEQUENCE_NUMBER_R,,,Constant / Expression
PKG Procedure,PKG_LOAD_GRP_TABLES,PRC_LOAD_FCT_BENEFIT_PMNT_DET_OFFSET2_R,PKG_LOAD_GRP_TABLES_PRC_LOAD_FCT_BENEFIT_PMNT_DET_OFFSET2_R,FCT_BENEFIT_PAYMENT_DETAIL_R,N_SEQ_R,,,Constant / Expression
PKG Procedure,PKG_LOAD_GRP_TABLES,PRC_LOAD_FCT_BENEFIT_PMNT_DET_OFFSET2_R,PKG_LOAD_GRP_TABLES_PRC_LOAD_FCT_BENEFIT_PMNT_DET_OFFSET2_R,FCT_BENEFIT_PAYMENT_DETAIL_R,N_SOURCE_VERSION_SEQ_NUMBER_R,FCT_BENEFIT_PAYMENT_DETAIL_R,N_SOURCE_VERSION_SEQ_NUMBER_R,Direct
PKG Procedure,PKG_LOAD_GRP_TABLES,PRC_LOAD_FCT_BENEFIT_PMNT_DET_OFFSET2_R,PKG_LOAD_GRP_TABLES_PRC_LOAD_FCT_BENEFIT_PMNT_DET_OFFSET2_R,FCT_BENEFIT_PAYMENT_DETAIL_R,N_STATE_TAX_WITHHELD_AMT_R,,,Constant / Expression
PKG Procedure,PKG_LOAD_GRP_TABLES,PRC_LOAD_FCT_BENEFIT_PMNT_DET_OFFSET2_R,PKG_LOAD_GRP_TABLES_PRC_LOAD_FCT_BENEFIT_PMNT_DET_OFFSET2_R,FCT_BENEFIT_PAYMENT_DETAIL_R,N_TAXABLE_BENEFIT_AMT_R,,,Constant / Expression
PKG Procedure,PKG_LOAD_GRP_TABLES,PRC_LOAD_FCT_BENEFIT_PMNT_DET_OFFSET2_R,PKG_LOAD_GRP_TABLES_PRC_LOAD_FCT_BENEFIT_PMNT_DET_OFFSET2_R,FCT_BENEFIT_PAYMENT_DETAIL_R,N_VERSION_NUMBER_R,FCT_BENEFIT_PAYMENT_DETAIL_R,N_VERSION_NUMBER_R,Direct
PKG Procedure,PKG_LOAD_GRP_TABLES,PRC_LOAD_FCT_BENEFIT_PMNT_DET_OFFSET2_R,PKG_LOAD_GRP_TABLES_PRC_LOAD_FCT_BENEFIT_PMNT_DET_OFFSET2_R,FCT_BENEFIT_PAYMENT_DETAIL_R,T_CREATION_DATE_R,,,Constant / Expression
PKG Procedure,PKG_LOAD_GRP_TABLES,PRC_LOAD_FCT_BENEFIT_PMNT_DET_OFFSET2_R,PKG_LOAD_GRP_TABLES_PRC_LOAD_FCT_BENEFIT_PMNT_DET_OFFSET2_R,FCT_BENEFIT_PAYMENT_DETAIL_R,T_EVENT_TIMESTAMP_R,FCT_BENEFIT_PAYMENT_DETAIL_R,T_EVENT_TIMESTAMP_R,Direct
PKG Procedure,PKG_LOAD_GRP_TABLES,PRC_LOAD_FCT_BENEFIT_PMNT_DET_OFFSET2_R,PKG_LOAD_GRP_TABLES_PRC_LOAD_FCT_BENEFIT_PMNT_DET_OFFSET2_R,FCT_BENEFIT_PAYMENT_DETAIL_R,T_LAST_MODIFIED_DATE_R,,,Constant / Expression
PKG Procedure,PKG_LOAD_GRP_TABLES,PRC_LOAD_FCT_BENEFIT_PMNT_DET_OFFSET2_R,PKG_LOAD_GRP_TABLES_PRC_LOAD_FCT_BENEFIT_PMNT_DET_OFFSET2_R,FCT_BENEFIT_PAYMENT_DETAIL_R,V_AMOUNT_TYPE_CATEGORY_DESC_R,,,Constant / Expression
PKG Procedure,PKG_LOAD_GRP_TABLES,PRC_LOAD_FCT_BENEFIT_PMNT_DET_OFFSET2_R,PKG_LOAD_GRP_TABLES_PRC_LOAD_FCT_BENEFIT_PMNT_DET_OFFSET2_R,FCT_BENEFIT_PAYMENT_DETAIL_R,V_AMOUNT_TYPE_CATEGORY_R,,,Constant / Expression
PKG Procedure,PKG_LOAD_GRP_TABLES,PRC_LOAD_FCT_BENEFIT_PMNT_DET_OFFSET2_R,PKG_LOAD_GRP_TABLES_PRC_LOAD_FCT_BENEFIT_PMNT_DET_OFFSET2_R,FCT_BENEFIT_PAYMENT_DETAIL_R,V_AMOUNT_TYPE_CODE_R,,,Constant / Expression
PKG Procedure,PKG_LOAD_GRP_TABLES,PRC_LOAD_FCT_BENEFIT_PMNT_DET_OFFSET2_R,PKG_LOAD_GRP_TABLES_PRC_LOAD_FCT_BENEFIT_PMNT_DET_OFFSET2_R,FCT_BENEFIT_PAYMENT_DETAIL_R,V_AMOUNT_TYPE_NAME_R,,,Constant / Expression
PKG Procedure,PKG_LOAD_GRP_TABLES,PRC_LOAD_FCT_BENEFIT_PMNT_DET_OFFSET2_R,PKG_LOAD_GRP_TABLES_PRC_LOAD_FCT_BENEFIT_PMNT_DET_OFFSET2_R,FCT_BENEFIT_PAYMENT_DETAIL_R,V_AMOUNT_TYPE_SUB_CATEGORY_R,,,Constant / Expression
PKG Procedure,PKG_LOAD_GRP_TABLES,PRC_LOAD_FCT_BENEFIT_PMNT_DET_OFFSET2_R,PKG_LOAD_GRP_TABLES_PRC_LOAD_FCT_BENEFIT_PMNT_DET_OFFSET2_R,FCT_BENEFIT_PAYMENT_DETAIL_R,V_AMOUNT_TYPE_SUB_CODE_R,,,Constant / Expression
PKG Procedure,PKG_LOAD_GRP_TABLES,PRC_LOAD_FCT_BENEFIT_PMNT_DET_OFFSET2_R,PKG_LOAD_GRP_TABLES_PRC_LOAD_FCT_BENEFIT_PMNT_DET_OFFSET2_R,FCT_BENEFIT_PAYMENT_DETAIL_R,V_AMOUNT_TYPE_SUB_NAME_R,,,Constant / Expression
PKG Procedure,PKG_LOAD_GRP_TABLES,PRC_LOAD_FCT_BENEFIT_PMNT_DET_OFFSET2_R,PKG_LOAD_GRP_TABLES_PRC_LOAD_FCT_BENEFIT_PMNT_DET_OFFSET2_R,FCT_BENEFIT_PAYMENT_DETAIL_R,V_AMT_TYPE_SUB_CATEGORY_DESC_R,,,Constant / Expression
PKG Procedure,PKG_LOAD_GRP_TABLES,PRC_LOAD_FCT_BENEFIT_PMNT_DET_OFFSET2_R,PKG_LOAD_GRP_TABLES_PRC_LOAD_FCT_BENEFIT_PMNT_DET_OFFSET2_R,FCT_BENEFIT_PAYMENT_DETAIL_R,V_BENEFIT_CODE_R,,,Constant / Expression
PKG Procedure,PKG_LOAD_GRP_TABLES,PRC_LOAD_FCT_BENEFIT_PMNT_DET_OFFSET2_R,PKG_LOAD_GRP_TABLES_PRC_LOAD_FCT_BENEFIT_PMNT_DET_OFFSET2_R,FCT_BENEFIT_PAYMENT_DETAIL_R,V_BENEFIT_DESC_R,,,Constant / Expression
PKG Procedure,PKG_LOAD_GRP_TABLES,PRC_LOAD_FCT_BENEFIT_PMNT_DET_OFFSET2_R,PKG_LOAD_GRP_TABLES_PRC_LOAD_FCT_BENEFIT_PMNT_DET_OFFSET2_R,FCT_BENEFIT_PAYMENT_DETAIL_R,V_CHANGE_REASON_R,FCT_BENEFIT_PAYMENT_DETAIL_R,V_CHANGE_REASON_R,Direct
PKG Procedure,PKG_LOAD_GRP_TABLES,PRC_LOAD_FCT_BENEFIT_PMNT_DET_OFFSET2_R,PKG_LOAD_GRP_TABLES_PRC_LOAD_FCT_BENEFIT_PMNT_DET_OFFSET2_R,FCT_BENEFIT_PAYMENT_DETAIL_R,V_CLAIM_TYPE_R,FCT_BENEFIT_PAYMENT_DETAIL_R,V_CLAIM_TYPE_R,Direct
PKG Procedure,PKG_LOAD_GRP_TABLES,PRC_LOAD_FCT_BENEFIT_PMNT_DET_OFFSET2_R,PKG_LOAD_GRP_TABLES_PRC_LOAD_FCT_BENEFIT_PMNT_DET_OFFSET2_R,FCT_BENEFIT_PAYMENT_DETAIL_R,V_CREATED_BY_R,,,Constant / Expression
PKG Procedure,PKG_LOAD_GRP_TABLES,PRC_LOAD_FCT_BENEFIT_PMNT_DET_OFFSET2_R,PKG_LOAD_GRP_TABLES_PRC_LOAD_FCT_BENEFIT_PMNT_DET_OFFSET2_R,FCT_BENEFIT_PAYMENT_DETAIL_R,V_LAST_MODIFIED_BY_R,,,Constant / Expression
PKG Procedure,PKG_LOAD_GRP_TABLES,PRC_LOAD_FCT_BENEFIT_PMNT_DET_OFFSET2_R,PKG_LOAD_GRP_TABLES_PRC_LOAD_FCT_BENEFIT_PMNT_DET_OFFSET2_R,FCT_BENEFIT_PAYMENT_DETAIL_R,V_PRIVACY_INDICATOR_R,FCT_BENEFIT_PAYMENT_DETAIL_R,V_PRIVACY_INDICATOR_R,Direct
PKG Procedure,PKG_LOAD_GRP_TABLES,PRC_LOAD_FCT_BENEFIT_PMNT_DET_OFFSET2_R,PKG_LOAD_GRP_TABLES_PRC_LOAD_FCT_BENEFIT_PMNT_DET_OFFSET2_R,FCT_BENEFIT_PAYMENT_DETAIL_R,V_TYPE_R,,,Constant / Expression
PKG Procedure,PKG_LOAD_GRP_TABLES,PRC_LOAD_FCT_GRP_POLICY_R_PBC_TEAM_LOOKUP,PKG_LOAD_GRP_TABLES_PRC_LOAD_FCT_GRP_POLICY_R_PBC_TEAM_LOOKUP,FCT_GRP_POLICY_R_PBC_TEAM_LOOKUP,N_BATCH_ID_R,,,Constant / Expression
PKG Procedure,PKG_LOAD_GRP_TABLES,PRC_LOAD_FCT_GRP_POLICY_R_PBC_TEAM_LOOKUP,PKG_LOAD_GRP_TABLES_PRC_LOAD_FCT_GRP_POLICY_R_PBC_TEAM_LOOKUP,FCT_GRP_POLICY_R_PBC_TEAM_LOOKUP,N_POLICY_SK_R,DIM_GRP_POLICY_DIR_R,N_POLICY_SK_R,Direct
PKG Procedure,PKG_LOAD_GRP_TABLES,PRC_LOAD_FCT_GRP_POLICY_R_PBC_TEAM_LOOKUP,PKG_LOAD_GRP_TABLES_PRC_LOAD_FCT_GRP_POLICY_R_PBC_TEAM_LOOKUP,FCT_GRP_POLICY_R_PBC_TEAM_LOOKUP,N_SEQUENCE_NUMBER_R,,,Constant / Expression
PKG Procedure,PKG_LOAD_GRP_TABLES,PRC_LOAD_FCT_GRP_POLICY_R_PBC_TEAM_LOOKUP,PKG_LOAD_GRP_TABLES_PRC_LOAD_FCT_GRP_POLICY_R_PBC_TEAM_LOOKUP,FCT_GRP_POLICY_R_PBC_TEAM_LOOKUP,N_VERSION_NUMBER_R,FCT_GRP_POLICY_R,N_VERSION_NUMBER_R,Direct
PKG Procedure,PKG_LOAD_GRP_TABLES,PRC_LOAD_FCT_GRP_POLICY_R_PBC_TEAM_LOOKUP,PKG_LOAD_GRP_TABLES_PRC_LOAD_FCT_GRP_POLICY_R_PBC_TEAM_LOOKUP,FCT_GRP_POLICY_R_PBC_TEAM_LOOKUP,T_CREATION_DATE_R,,,Constant / Expression
PKG Procedure,PKG_LOAD_GRP_TABLES,PRC_LOAD_FCT_GRP_POLICY_R_PBC_TEAM_LOOKUP,PKG_LOAD_GRP_TABLES_PRC_LOAD_FCT_GRP_POLICY_R_PBC_TEAM_LOOKUP,FCT_GRP_POLICY_R_PBC_TEAM_LOOKUP,T_LAST_MODIFIED_DATE_R,,,Constant / Expression
PKG Procedure,PKG_LOAD_GRP_TABLES,PRC_LOAD_FCT_GRP_POLICY_R_PBC_TEAM_LOOKUP,PKG_LOAD_GRP_TABLES_PRC_LOAD_FCT_GRP_POLICY_R_PBC_TEAM_LOOKUP,FCT_GRP_POLICY_R_PBC_TEAM_LOOKUP,V_CREATED_BY_R,,,Constant / Expression
PKG Procedure,PKG_LOAD_GRP_TABLES,PRC_LOAD_FCT_GRP_POLICY_R_PBC_TEAM_LOOKUP,PKG_LOAD_GRP_TABLES_PRC_LOAD_FCT_GRP_POLICY_R_PBC_TEAM_LOOKUP,FCT_GRP_POLICY_R_PBC_TEAM_LOOKUP,V_LAST_MODIFIED_BY_R,,,Constant / Expression
PKG Procedure,PKG_LOAD_GRP_TABLES,PRC_LOAD_FCT_GRP_POLICY_R_PBC_TEAM_LOOKUP,PKG_LOAD_GRP_TABLES_PRC_LOAD_FCT_GRP_POLICY_R_PBC_TEAM_LOOKUP,FCT_GRP_POLICY_R_PBC_TEAM_LOOKUP,V_NEW_BUSINESS_INDICATOR_R,,,Constant / Expression
PKG Procedure,PKG_LOAD_GRP_TABLES,PRC_LOAD_FCT_GRP_POLICY_R_PBC_TEAM_LOOKUP,PKG_LOAD_GRP_TABLES_PRC_LOAD_FCT_GRP_POLICY_R_PBC_TEAM_LOOKUP,FCT_GRP_POLICY_R_PBC_TEAM_LOOKUP,V_PBC_SUB_TEAM_R,STG_PBC_RSO_TEAM_R,V_PBC_SUB_TEAM_R,case-when -> NVL
PKG Procedure,PKG_LOAD_GRP_TABLES,PRC_LOAD_FCT_GRP_POLICY_R_PBC_TEAM_LOOKUP,PKG_LOAD_GRP_TABLES_PRC_LOAD_FCT_GRP_POLICY_R_PBC_TEAM_LOOKUP,FCT_GRP_POLICY_R_PBC_TEAM_LOOKUP,V_PBC_TEAM_NAME_R,STG_PBC_RSO_TEAM_R,V_PBC_TEAM_NAME_R,case-when
PKG Procedure,PKG_LOAD_GRP_TABLES,PRC_LOAD_FCT_GRP_POLICY_R_PBC_TEAM_LOOKUP,PKG_LOAD_GRP_TABLES_PRC_LOAD_FCT_GRP_POLICY_R_PBC_TEAM_LOOKUP,FCT_GRP_POLICY_R_PBC_TEAM_LOOKUP,V_POLICY_NUMBER_R,DIM_GRP_POLICY_DIR_R,V_POLICY_NUMBER_R,Direct
PKG Procedure,PKG_LOAD_GRP_TABLES,PRC_LOAD_FCT_GRP_POLICY_R_UW_NEEDED,PKG_LOAD_GRP_TABLES_PRC_LOAD_FCT_GRP_POLICY_R_UW_NEEDED,FCT_GRP_POLICY_R_UW_NEEDED,D_UW_CYCLE_DATE_R,,,Constant / Expression
PKG Procedure,PKG_LOAD_GRP_TABLES,PRC_LOAD_FCT_GRP_POLICY_R_UW_NEEDED,PKG_LOAD_GRP_TABLES_PRC_LOAD_FCT_GRP_POLICY_R_UW_NEEDED,FCT_GRP_POLICY_R_UW_NEEDED,D_UW_NEXT_RENEWAL_DATE_R,stg_uw_needed_r,D_UW_NEXT_RENEWAL_DATE_R,NVL
PKG Procedure,PKG_LOAD_GRP_TABLES,PRC_LOAD_FCT_GRP_POLICY_R_UW_NEEDED,PKG_LOAD_GRP_TABLES_PRC_LOAD_FCT_GRP_POLICY_R_UW_NEEDED,FCT_GRP_POLICY_R_UW_NEEDED,D_UW_TRK_NEXT_RENEWAL_DATE_R,stg_uw_needed_r,D_UW_NEXT_RENEWAL_DATE_R,case-when
PKG Procedure,PKG_LOAD_GRP_TABLES,PRC_LOAD_FCT_GRP_POLICY_R_UW_NEEDED,PKG_LOAD_GRP_TABLES_PRC_LOAD_FCT_GRP_POLICY_R_UW_NEEDED,FCT_GRP_POLICY_R_UW_NEEDED,D_UW_WORK_MONTH_R,stg_uw_needed_r,D_UW_WORK_MONTH_R,NVL
PKG Procedure,PKG_LOAD_GRP_TABLES,PRC_LOAD_FCT_GRP_POLICY_R_UW_NEEDED,PKG_LOAD_GRP_TABLES_PRC_LOAD_FCT_GRP_POLICY_R_UW_NEEDED,FCT_GRP_POLICY_R_UW_NEEDED,N_BATCH_ID_R,,,Constant / Expression
PKG Procedure,PKG_LOAD_GRP_TABLES,PRC_LOAD_FCT_GRP_POLICY_R_UW_NEEDED,PKG_LOAD_GRP_TABLES_PRC_LOAD_FCT_GRP_POLICY_R_UW_NEEDED,FCT_GRP_POLICY_R_UW_NEEDED,N_POLICY_SK_R,fct_grp_policy_r,N_POLICY_SK_R,Direct
PKG Procedure,PKG_LOAD_GRP_TABLES,PRC_LOAD_FCT_GRP_POLICY_R_UW_NEEDED,PKG_LOAD_GRP_TABLES_PRC_LOAD_FCT_GRP_POLICY_R_UW_NEEDED,FCT_GRP_POLICY_R_UW_NEEDED,N_SEQUENCE_NUMBER_R,,,Constant / Expression
PKG Procedure,PKG_LOAD_GRP_TABLES,PRC_LOAD_FCT_GRP_POLICY_R_UW_NEEDED,PKG_LOAD_GRP_TABLES_PRC_LOAD_FCT_GRP_POLICY_R_UW_NEEDED,FCT_GRP_POLICY_R_UW_NEEDED,N_UW_NEEDED_PERCENT_R,stg_uw_needed_r,N_UW_NEEDED_PERCENT_R,NVL
PKG Procedure,PKG_LOAD_GRP_TABLES,PRC_LOAD_FCT_GRP_POLICY_R_UW_NEEDED,PKG_LOAD_GRP_TABLES_PRC_LOAD_FCT_GRP_POLICY_R_UW_NEEDED,FCT_GRP_POLICY_R_UW_NEEDED,N_UW_REQUESTED_PERCENT_R,stg_uw_needed_r,N_UW_REQUESTED_PERCENT_R,NVL
PKG Procedure,PKG_LOAD_GRP_TABLES,PRC_LOAD_FCT_GRP_POLICY_R_UW_NEEDED,PKG_LOAD_GRP_TABLES_PRC_LOAD_FCT_GRP_POLICY_R_UW_NEEDED,FCT_GRP_POLICY_R_UW_NEEDED,N_UW_TRK_NEEDED_PERCENT_R,stg_uw_needed_r,N_UW_NEEDED_PERCENT_R,case-when
PKG Procedure,PKG_LOAD_GRP_TABLES,PRC_LOAD_FCT_GRP_POLICY_R_UW_NEEDED,PKG_LOAD_GRP_TABLES_PRC_LOAD_FCT_GRP_POLICY_R_UW_NEEDED,FCT_GRP_POLICY_R_UW_NEEDED,N_UW_TRK_REQUESTED_PERCENT_R,stg_uw_needed_r,N_UW_REQUESTED_PERCENT_R,case-when
PKG Procedure,PKG_LOAD_GRP_TABLES,PRC_LOAD_FCT_GRP_POLICY_R_UW_NEEDED,PKG_LOAD_GRP_TABLES_PRC_LOAD_FCT_GRP_POLICY_R_UW_NEEDED,FCT_GRP_POLICY_R_UW_NEEDED,N_VERSION_NUMBER_R,fct_grp_policy_r,n_version_number_r,Direct
PKG Procedure,PKG_LOAD_GRP_TABLES,PRC_LOAD_FCT_GRP_POLICY_R_UW_NEEDED,PKG_LOAD_GRP_TABLES_PRC_LOAD_FCT_GRP_POLICY_R_UW_NEEDED,FCT_GRP_POLICY_R_UW_NEEDED,T_CREATION_DATE_R,,,Constant / Expression
PKG Procedure,PKG_LOAD_GRP_TABLES,PRC_LOAD_FCT_GRP_POLICY_R_UW_NEEDED,PKG_LOAD_GRP_TABLES_PRC_LOAD_FCT_GRP_POLICY_R_UW_NEEDED,FCT_GRP_POLICY_R_UW_NEEDED,T_LAST_MODIFIED_DATE_R,,,Constant / Expression
PKG Procedure,PKG_LOAD_GRP_TABLES,PRC_LOAD_FCT_GRP_POLICY_R_UW_NEEDED,PKG_LOAD_GRP_TABLES_PRC_LOAD_FCT_GRP_POLICY_R_UW_NEEDED,FCT_GRP_POLICY_R_UW_NEEDED,V_CREATED_BY_R,,,Constant / Expression
PKG Procedure,PKG_LOAD_GRP_TABLES,PRC_LOAD_FCT_GRP_POLICY_R_UW_NEEDED,PKG_LOAD_GRP_TABLES_PRC_LOAD_FCT_GRP_POLICY_R_UW_NEEDED,FCT_GRP_POLICY_R_UW_NEEDED,V_LAST_MODIFIED_BY_R,,,Constant / Expression
PKG Procedure,PKG_LOAD_GRP_TABLES,PRC_LOAD_FCT_GRP_POLICY_R_UW_NEEDED,PKG_LOAD_GRP_TABLES_PRC_LOAD_FCT_GRP_POLICY_R_UW_NEEDED,FCT_GRP_POLICY_R_UW_NEEDED,V_POLICY_NUMBER_R,fct_grp_policy_r,V_POLICY_NUMBER_R,Direct
PKG Procedure,PKG_LOAD_GRP_TABLES,PRC_LOAD_FCT_GRP_POLICY_R_UW_NEEDED,PKG_LOAD_GRP_TABLES_PRC_LOAD_FCT_GRP_POLICY_R_UW_NEEDED,FCT_GRP_POLICY_R_UW_NEEDED,V_UW_NEEDED_COMMENTS_R,stg_uw_needed_r,V_UW_NEEDED_COMMENTS_R,NVL
PKG Procedure,PKG_LOAD_GRP_TABLES,PRC_LOAD_FCT_GRP_POLICY_R_UW_NEEDED,PKG_LOAD_GRP_TABLES_PRC_LOAD_FCT_GRP_POLICY_R_UW_NEEDED,FCT_GRP_POLICY_R_UW_NEEDED,V_UW_NEEDED_RENEWAL_STATUS_R,stg_uw_needed_r,V_UW_NEEDED_RENEWAL_STATUS_R,NVL
PKG Procedure,PKG_LOAD_GRP_TABLES,PRC_LOAD_FCT_GRP_POLICY_R_UW_NEEDED,PKG_LOAD_GRP_TABLES_PRC_LOAD_FCT_GRP_POLICY_R_UW_NEEDED,FCT_GRP_POLICY_R_UW_NEEDED,V_UW_NEEDED_UNDERWRITER_NAME_R,stg_uw_needed_r,V_UW_NEEDED_UNDERWRITER_NAME_R,NVL
PKG Procedure,PKG_LOAD_GRP_TABLES,PRC_LOAD_FCT_GRP_POLICY_R_UW_NEEDED,PKG_LOAD_GRP_TABLES_PRC_LOAD_FCT_GRP_POLICY_R_UW_NEEDED,FCT_GRP_POLICY_R_UW_NEEDED,V_UW_TRK_NEEDED_COMMENTS_R,stg_uw_needed_r,V_UW_NEEDED_COMMENTS_R,case-when
PKG Procedure,PKG_LOAD_GRP_TABLES,PRC_LOAD_FCT_GRP_POLICY_R_UW_NEEDED,PKG_LOAD_GRP_TABLES_PRC_LOAD_FCT_GRP_POLICY_R_UW_NEEDED,FCT_GRP_POLICY_R_UW_NEEDED,V_UW_TRK_NEEDED_RENEW_STATUS_R,stg_uw_needed_r,V_UW_NEEDED_RENEWAL_STATUS_R,case-when
PKG Procedure,PKG_LOAD_GRP_TABLES,PRC_LOAD_FCT_GRP_POLICY_R_UW_NEEDED,PKG_LOAD_GRP_TABLES_PRC_LOAD_FCT_GRP_POLICY_R_UW_NEEDED,FCT_GRP_POLICY_R_UW_NEEDED,V_UW_TRK_NEEDED_UW_NAME_R,stg_uw_needed_r,V_UW_NEEDED_UNDERWRITER_NAME_R,case-when
PKG Procedure,PKG_LOAD_GRP_TABLES,PRC_LOAD_FCT_GRP_POLICY_R_UW_NEEDED,PKG_LOAD_GRP_TABLES_PRC_LOAD_FCT_GRP_POLICY_R_UW_NEEDED,FCT_GRP_POLICY_R_UW_NEEDED,d_cycle_Date_r,,,Constant / Expression
Standalone Procedure,,PRC_GRP_LOAD_FCT_GRP_PROCESS_CUSTOM_R_MGIS,PRC_GRP_LOAD_FCT_GRP_PROCESS_CUSTOM_R_MGIS,FCT_GRP_PROCESS_CUSTOM_R,v_distribution_channel_r,fct_grp_policy_r,v_distribution_channel_r,Direct
Standalone Procedure,,PRC_GRP_LOAD_FCT_LG_RESERVE_DETAILS_R,PRC_GRP_LOAD_FCT_LG_RESERVE_DETAILS_R,PRCS_GRP_TBL_LOAD_DEBUG_TRC,N_BATCH_ID_R,PRCS_GRP_TBL_LOAD_DEBUG_TRC,ln_N_BATCH_ID_R,Direct
Standalone Procedure,,PRC_GRP_LOAD_FCT_LG_RESERVE_DETAILS_R,PRC_GRP_LOAD_FCT_LG_RESERVE_DETAILS_R,PRCS_GRP_TBL_LOAD_DEBUG_TRC,V_TRC_MSG_R,PRCS_GRP_TBL_LOAD_DEBUG_TRC,lc_trcmsg,Direct
Standalone Procedure,,PRC_GRP_LOAD_FCT_LG_RESERVE_DETAILS_R_INCR_IBNR,PRC_GRP_LOAD_FCT_LG_RESERVE_DETAILS_R_INCR_IBNR,PRCS_GRP_TBL_LOAD_DEBUG_TRC,N_BATCH_ID_R,PRCS_GRP_TBL_LOAD_DEBUG_TRC,LN_N_BATCH_ID_R,Direct
Standalone Procedure,,PRC_GRP_LOAD_FCT_LG_RESERVE_DETAILS_R_INCR_IBNR,PRC_GRP_LOAD_FCT_LG_RESERVE_DETAILS_R_INCR_IBNR,PRCS_GRP_TBL_LOAD_DEBUG_TRC,V_TRC_MSG_R,PRCS_GRP_TBL_LOAD_DEBUG_TRC,LC_SQLCODE,Direct
Standalone Procedure,,PRC_GRP_LOAD_FCT_LG_RESERVE_DETAILS_R_INCR_IBNR,PRC_GRP_LOAD_FCT_LG_RESERVE_DETAILS_R_INCR_IBNR,PRCS_GRP_TBL_LOAD_DEBUG_TRC,V_TRC_MSG_R,PRCS_GRP_TBL_LOAD_DEBUG_TRC,LC_SQLERRM,Direct
Standalone Procedure,,PRC_GRP_LOAD_FCT_LG_RESERVE_DETAILS_R_INCR_IBNR,PRC_GRP_LOAD_FCT_LG_RESERVE_DETAILS_R_INCR_IBNR,PRCS_GRP_TBL_LOAD_DEBUG_TRC,V_TRC_MSG_R,PRCS_GRP_TBL_LOAD_DEBUG_TRC,LC_TRCMSG,Direct
Standalone Procedure,,PRC_GRP_LOAD_FCT_LG_RESERVE_DETAILS_R_INCR_WAIVER,PRC_GRP_LOAD_FCT_LG_RESERVE_DETAILS_R_INCR_WAIVER,PRCS_GRP_TBL_LOAD_DEBUG_TRC,N_BATCH_ID_R,PRCS_GRP_TBL_LOAD_DEBUG_TRC,LN_N_BATCH_ID_R,Direct
Standalone Procedure,,PRC_GRP_LOAD_FCT_LG_RESERVE_DETAILS_R_INCR_WAIVER,PRC_GRP_LOAD_FCT_LG_RESERVE_DETAILS_R_INCR_WAIVER,PRCS_GRP_TBL_LOAD_DEBUG_TRC,V_TRC_MSG_R,PRCS_GRP_TBL_LOAD_DEBUG_TRC,LC_SQLCODE,Direct
Standalone Procedure,,PRC_GRP_LOAD_FCT_LG_RESERVE_DETAILS_R_INCR_WAIVER,PRC_GRP_LOAD_FCT_LG_RESERVE_DETAILS_R_INCR_WAIVER,PRCS_GRP_TBL_LOAD_DEBUG_TRC,V_TRC_MSG_R,PRCS_GRP_TBL_LOAD_DEBUG_TRC,LC_SQLERRM,Direct
Standalone Procedure,,PRC_GRP_LOAD_FCT_LG_RESERVE_DETAILS_R_INCR_WAIVER,PRC_GRP_LOAD_FCT_LG_RESERVE_DETAILS_R_INCR_WAIVER,PRCS_GRP_TBL_LOAD_DEBUG_TRC,V_TRC_MSG_R,PRCS_GRP_TBL_LOAD_DEBUG_TRC,LC_TRCMSG,Direct
Standalone Procedure,,PRC_GRP_LOAD_MERGE_UPDATE_FCT_CLAIM_PAYMENT_REINS_R,PRC_GRP_LOAD_MERGE_UPDATE_FCT_CLAIM_PAYMENT_REINS_R,FCT_BENEFIT_PAYMENT_DETAIL_OFFSET_MV_TBL,N_PRIMARY_REINSURER_REINSURANCE_PCT_R,,,Constant / Expression
Standalone Procedure,,PRC_GRP_LOAD_MERGE_UPDATE_FCT_CLAIM_PAYMENT_REINS_R,PRC_GRP_LOAD_MERGE_UPDATE_FCT_CLAIM_PAYMENT_REINS_R,FCT_BENEFIT_PAYMENT_DETAIL_OFFSET_MV_TBL,N_PRIMARY_REINSURER_REINS_SHARE_PCT_R,,,Constant / Expression
Standalone Procedure,,PRC_GRP_LOAD_MERGE_UPDATE_FCT_CLAIM_PAYMENT_REINS_R,PRC_GRP_LOAD_MERGE_UPDATE_FCT_CLAIM_PAYMENT_REINS_R,FCT_BENEFIT_PAYMENT_DETAIL_OFFSET_MV_TBL,N_SECONDARY_REINSURER_REINSURANCE_PCT_R,,,Constant / Expression
Standalone Procedure,,PRC_GRP_LOAD_MERGE_UPDATE_FCT_CLAIM_PAYMENT_REINS_R,PRC_GRP_LOAD_MERGE_UPDATE_FCT_CLAIM_PAYMENT_REINS_R,FCT_BENEFIT_PAYMENT_DETAIL_OFFSET_MV_TBL,N_SECONDARY_REINSURER_REINS_SHARE_PCT_R,,,Constant / Expression
Standalone Procedure,,PRC_GRP_LOAD_MERGE_UPDATE_FCT_CLAIM_PAYMENT_REINS_R,PRC_GRP_LOAD_MERGE_UPDATE_FCT_CLAIM_PAYMENT_REINS_R,FCT_BENEFIT_PAYMENT_DETAIL_OFFSET_MV_TBL,N_TERNARY_REINSURER_REINSURANCE_PCT_R,,,Constant / Expression
Standalone Procedure,,PRC_GRP_LOAD_MERGE_UPDATE_FCT_CLAIM_PAYMENT_REINS_R,PRC_GRP_LOAD_MERGE_UPDATE_FCT_CLAIM_PAYMENT_REINS_R,FCT_BENEFIT_PAYMENT_DETAIL_OFFSET_MV_TBL,N_TERNARY_REINSURER_REINS_SHARE_PCT_R,,,Constant / Expression
Standalone Procedure,,PRC_GRP_LOAD_MERGE_UPDATE_FCT_CLAIM_PAYMENT_REINS_R,PRC_GRP_LOAD_MERGE_UPDATE_FCT_CLAIM_PAYMENT_REINS_R,FCT_BENEFIT_PAYMENT_DETAIL_OFFSET_MV_TBL,N_TOTAL_REINSURANCE_PCT_R,,,Constant / Expression
Standalone Procedure,,PRC_GRP_LOAD_MERGE_UPDATE_FCT_CLAIM_PAYMENT_REINS_R,PRC_GRP_LOAD_MERGE_UPDATE_FCT_CLAIM_PAYMENT_REINS_R,FCT_BENEFIT_PAYMENT_DETAIL_OFFSET_MV_TBL,V_PRIMARY_REINSURER_R,,,Constant / Expression
Standalone Procedure,,PRC_GRP_LOAD_MERGE_UPDATE_FCT_CLAIM_PAYMENT_REINS_R,PRC_GRP_LOAD_MERGE_UPDATE_FCT_CLAIM_PAYMENT_REINS_R,FCT_BENEFIT_PAYMENT_DETAIL_OFFSET_MV_TBL,V_SECONDARY_REINSURER_R,,,Constant / Expression
Standalone Procedure,,PRC_GRP_LOAD_MERGE_UPDATE_FCT_CLAIM_PAYMENT_REINS_R,PRC_GRP_LOAD_MERGE_UPDATE_FCT_CLAIM_PAYMENT_REINS_R,FCT_BENEFIT_PAYMENT_DETAIL_OFFSET_MV_TBL,V_TERNARY_REINSURER_R,,,Constant / Expression
Standalone Procedure,,PRC_GRP_LOAD_MERGE_UPDATE_FCT_CLAIM_PAYMENT_REINS_R,PRC_GRP_LOAD_MERGE_UPDATE_FCT_CLAIM_PAYMENT_REINS_R,FCT_CLAIM_PAYMENT_DETAIL_ADJUSTMENT_R,N_PRIMARY_REINSURER_REINSURANCE_PCT_R,STG_GRP_REINSURER_CLAIM_PCT_R,N_PRIMARY_REINSURER_REINS_PCT_R,N_PRIMARY_REINSURER_REINSURANCE_PCT_R -> N_PRIMARY_REINSURER_REINS_PCT_R
Standalone Procedure,,PRC_GRP_LOAD_MERGE_UPDATE_FCT_CLAIM_PAYMENT_REINS_R,PRC_GRP_LOAD_MERGE_UPDATE_FCT_CLAIM_PAYMENT_REINS_R,FCT_CLAIM_PAYMENT_DETAIL_ADJUSTMENT_R,N_PRIMARY_REINSURER_REINS_SHARE_PCT_R,STG_GRP_REINSURER_CLAIM_PCT_R,N_PRIMARY_REINSURER_REINS_SHARE_PCT_R,N_PRIMARY_REINSURER_REINS_SHARE_PCT_R
Standalone Procedure,,PRC_GRP_LOAD_MERGE_UPDATE_FCT_CLAIM_PAYMENT_REINS_R,PRC_GRP_LOAD_MERGE_UPDATE_FCT_CLAIM_PAYMENT_REINS_R,FCT_CLAIM_PAYMENT_DETAIL_ADJUSTMENT_R,N_SECONDARY_REINSURER_REINS_SHARE_PCT_R,STG_GRP_REINSURER_CLAIM_PCT_R,N_SECONDARY_REINSURER_REINS_SHARE_PCT_R,N_SECONDARY_REINSURER_REINS_SHARE_PCT_R -> case-when
Standalone Procedure,,PRC_GRP_LOAD_MERGE_UPDATE_FCT_CLAIM_PAYMENT_REINS_R,PRC_GRP_LOAD_MERGE_UPDATE_FCT_CLAIM_PAYMENT_REINS_R,FCT_CLAIM_PAYMENT_DETAIL_ADJUSTMENT_R,N_TERNARY_REINSURER_REINS_SHARE_PCT_R,STG_GRP_REINSURER_CLAIM_PCT_R,N_TERNARY_REINSURER_REINS_SHARE_PCT_R,N_TERNARY_REINSURER_REINS_SHARE_PCT_R -> case-when
Standalone Procedure,,PRC_GRP_LOAD_MERGE_UPDATE_FCT_CLAIM_PAYMENT_REINS_R,PRC_GRP_LOAD_MERGE_UPDATE_FCT_CLAIM_PAYMENT_REINS_R,FCT_CLAIM_PAYMENT_DETAIL_ADJUSTMENT_R,N_TOTAL_REINSURANCE_PCT_R,STG_GRP_REINSURER_CLAIM_PCT_R,N_PRIMARY_REINSURER_REINS_PCT_R,N_TOTAL_REINSURANCE_PCT_R -> N_TOTAL_REINSURER_REINS_PCT -> case-when
Standalone Procedure,,PRC_GRP_LOAD_MERGE_UPDATE_FCT_CLAIM_PAYMENT_REINS_R,PRC_GRP_LOAD_MERGE_UPDATE_FCT_CLAIM_PAYMENT_REINS_R,FCT_CLAIM_PAYMENT_DETAIL_ADJUSTMENT_R,N_TOTAL_REINSURANCE_PCT_R,STG_GRP_REINSURER_CLAIM_PCT_R,N_SECONDARY_REINSURER_REINS_PCT_R,N_TOTAL_REINSURANCE_PCT_R -> N_TOTAL_REINSURER_REINS_PCT -> case-when
Standalone Procedure,,PRC_GRP_LOAD_MERGE_UPDATE_FCT_CLAIM_PAYMENT_REINS_R,PRC_GRP_LOAD_MERGE_UPDATE_FCT_CLAIM_PAYMENT_REINS_R,FCT_CLAIM_PAYMENT_DETAIL_ADJUSTMENT_R,N_TOTAL_REINSURANCE_PCT_R,STG_GRP_REINSURER_CLAIM_PCT_R,N_TOTAL_REINSURER_REINS_PCT,N_TOTAL_REINSURANCE_PCT_R -> N_TOTAL_REINSURER_REINS_PCT -> case-when
Standalone Procedure,,PRC_GRP_LOAD_MERGE_UPDATE_FCT_CLAIM_PAYMENT_REINS_R,PRC_GRP_LOAD_MERGE_UPDATE_FCT_CLAIM_PAYMENT_REINS_R,FCT_CLAIM_PAYMENT_DETAIL_ADJUSTMENT_R,n_secondary_reinsurer_reinsurance_pct_r,STG_GRP_REINSURER_CLAIM_PCT_R,N_SECONDARY_REINSURER_REINS_PCT_R,n_secondary_reinsurer_reinsurance_pct_r -> N_SECONDARY_REINSURER_REINS_PCT_R -> case-when
Standalone Procedure,,PRC_GRP_LOAD_MERGE_UPDATE_FCT_CLAIM_PAYMENT_REINS_R,PRC_GRP_LOAD_MERGE_UPDATE_FCT_CLAIM_PAYMENT_REINS_R,FCT_CLAIM_PAYMENT_DETAIL_ADJUSTMENT_R,n_ternary_reinsurer_reinsurance_pct_r,STG_GRP_REINSURER_CLAIM_PCT_R,N_TERNARY_REINSURER_REINS_PCT_R,n_ternary_reinsurer_reinsurance_pct_r -> N_TERNARY_REINSURER_REINS_PCT_R -> case-when
Standalone Procedure,,PRC_GRP_LOAD_MERGE_UPDATE_FCT_CLAIM_PAYMENT_REINS_R,PRC_GRP_LOAD_MERGE_UPDATE_FCT_CLAIM_PAYMENT_REINS_R,FCT_CLAIM_PAYMENT_DETAIL_ADJUSTMENT_R,v_primary_reinsurer_r,STG_GRP_REINSURER_CLAIM_PCT_R,V_PRIMARY_REINSURER_R,v_primary_reinsurer_r
Standalone Procedure,,PRC_GRP_LOAD_MERGE_UPDATE_FCT_CLAIM_PAYMENT_REINS_R,PRC_GRP_LOAD_MERGE_UPDATE_FCT_CLAIM_PAYMENT_REINS_R,FCT_CLAIM_PAYMENT_DETAIL_ADJUSTMENT_R,v_secondary_reinsurer_r,STG_GRP_REINSURER_CLAIM_PCT_R,V_SECONDARY_REINSURER_R,v_secondary_reinsurer_r -> case-when
Standalone Procedure,,PRC_GRP_LOAD_MERGE_UPDATE_FCT_CLAIM_PAYMENT_REINS_R,PRC_GRP_LOAD_MERGE_UPDATE_FCT_CLAIM_PAYMENT_REINS_R,FCT_CLAIM_PAYMENT_DETAIL_ADJUSTMENT_R,v_ternary_reinsurer_r,STG_GRP_REINSURER_CLAIM_PCT_R,V_TERNARY_REINSURER_R,v_ternary_reinsurer_r -> case-when
Standalone Procedure,,PRC_GRP_LOAD_MERGE_UPDATE_FCT_CLAIM_PAYMENT_REINS_R,PRC_GRP_LOAD_MERGE_UPDATE_FCT_CLAIM_PAYMENT_REINS_R,FCT_CLAIM_PAYMENT_DETAIL_BENEFIT_PAYMENT_R,N_PRIMARY_REINSURER_REINSURANCE_PCT_R,STG_GRP_REINSURER_CLAIM_PCT_R,N_PRIMARY_REINSURER_REINS_PCT_R,N_PRIMARY_REINSURER_REINSURANCE_PCT_R -> N_PRIMARY_REINSURER_REINS_PCT_R
Standalone Procedure,,PRC_GRP_LOAD_MERGE_UPDATE_FCT_CLAIM_PAYMENT_REINS_R,PRC_GRP_LOAD_MERGE_UPDATE_FCT_CLAIM_PAYMENT_REINS_R,FCT_CLAIM_PAYMENT_DETAIL_BENEFIT_PAYMENT_R,N_PRIMARY_REINSURER_REINS_SHARE_PCT_R,STG_GRP_REINSURER_CLAIM_PCT_R,N_PRIMARY_REINSURER_REINS_SHARE_PCT_R,N_PRIMARY_REINSURER_REINS_SHARE_PCT_R
Standalone Procedure,,PRC_GRP_LOAD_MERGE_UPDATE_FCT_CLAIM_PAYMENT_REINS_R,PRC_GRP_LOAD_MERGE_UPDATE_FCT_CLAIM_PAYMENT_REINS_R,FCT_CLAIM_PAYMENT_DETAIL_BENEFIT_PAYMENT_R,N_SECONDARY_REINSURER_REINS_SHARE_PCT_R,STG_GRP_REINSURER_CLAIM_PCT_R,N_SECONDARY_REINSURER_REINS_SHARE_PCT_R,N_SECONDARY_REINSURER_REINS_SHARE_PCT_R -> case-when
Standalone Procedure,,PRC_GRP_LOAD_MERGE_UPDATE_FCT_CLAIM_PAYMENT_REINS_R,PRC_GRP_LOAD_MERGE_UPDATE_FCT_CLAIM_PAYMENT_REINS_R,FCT_CLAIM_PAYMENT_DETAIL_BENEFIT_PAYMENT_R,N_TERNARY_REINSURER_REINS_SHARE_PCT_R,STG_GRP_REINSURER_CLAIM_PCT_R,N_TERNARY_REINSURER_REINS_SHARE_PCT_R,N_TERNARY_REINSURER_REINS_SHARE_PCT_R -> case-when
Standalone Procedure,,PRC_GRP_LOAD_MERGE_UPDATE_FCT_CLAIM_PAYMENT_REINS_R,PRC_GRP_LOAD_MERGE_UPDATE_FCT_CLAIM_PAYMENT_REINS_R,FCT_CLAIM_PAYMENT_DETAIL_BENEFIT_PAYMENT_R,N_TOTAL_REINSURANCE_PCT_R,STG_GRP_REINSURER_CLAIM_PCT_R,N_PRIMARY_REINSURER_REINS_PCT_R,N_TOTAL_REINSURANCE_PCT_R -> N_TOTAL_REINSURER_REINS_PCT -> case-when
Standalone Procedure,,PRC_GRP_LOAD_MERGE_UPDATE_FCT_CLAIM_PAYMENT_REINS_R,PRC_GRP_LOAD_MERGE_UPDATE_FCT_CLAIM_PAYMENT_REINS_R,FCT_CLAIM_PAYMENT_DETAIL_BENEFIT_PAYMENT_R,N_TOTAL_REINSURANCE_PCT_R,STG_GRP_REINSURER_CLAIM_PCT_R,N_SECONDARY_REINSURER_REINS_PCT_R,N_TOTAL_REINSURANCE_PCT_R -> N_TOTAL_REINSURER_REINS_PCT -> case-when
Standalone Procedure,,PRC_GRP_LOAD_MERGE_UPDATE_FCT_CLAIM_PAYMENT_REINS_R,PRC_GRP_LOAD_MERGE_UPDATE_FCT_CLAIM_PAYMENT_REINS_R,FCT_CLAIM_PAYMENT_DETAIL_BENEFIT_PAYMENT_R,N_TOTAL_REINSURANCE_PCT_R,STG_GRP_REINSURER_CLAIM_PCT_R,N_TOTAL_REINSURER_REINS_PCT,N_TOTAL_REINSURANCE_PCT_R -> N_TOTAL_REINSURER_REINS_PCT -> case-when
Standalone Procedure,,PRC_GRP_LOAD_MERGE_UPDATE_FCT_CLAIM_PAYMENT_REINS_R,PRC_GRP_LOAD_MERGE_UPDATE_FCT_CLAIM_PAYMENT_REINS_R,FCT_CLAIM_PAYMENT_DETAIL_BENEFIT_PAYMENT_R,n_secondary_reinsurer_reinsurance_pct_r,STG_GRP_REINSURER_CLAIM_PCT_R,N_SECONDARY_REINSURER_REINS_PCT_R,n_secondary_reinsurer_reinsurance_pct_r -> N_SECONDARY_REINSURER_REINS_PCT_R -> case-when
Standalone Procedure,,PRC_GRP_LOAD_MERGE_UPDATE_FCT_CLAIM_PAYMENT_REINS_R,PRC_GRP_LOAD_MERGE_UPDATE_FCT_CLAIM_PAYMENT_REINS_R,FCT_CLAIM_PAYMENT_DETAIL_BENEFIT_PAYMENT_R,n_ternary_reinsurer_reinsurance_pct_r,STG_GRP_REINSURER_CLAIM_PCT_R,N_TERNARY_REINSURER_REINS_PCT_R,n_ternary_reinsurer_reinsurance_pct_r -> N_TERNARY_REINSURER_REINS_PCT_R -> case-when
Standalone Procedure,,PRC_GRP_LOAD_MERGE_UPDATE_FCT_CLAIM_PAYMENT_REINS_R,PRC_GRP_LOAD_MERGE_UPDATE_FCT_CLAIM_PAYMENT_REINS_R,FCT_CLAIM_PAYMENT_DETAIL_BENEFIT_PAYMENT_R,v_primary_reinsurer_r,STG_GRP_REINSURER_CLAIM_PCT_R,V_PRIMARY_REINSURER_R,v_primary_reinsurer_r
Standalone Procedure,,PRC_GRP_LOAD_MERGE_UPDATE_FCT_CLAIM_PAYMENT_REINS_R,PRC_GRP_LOAD_MERGE_UPDATE_FCT_CLAIM_PAYMENT_REINS_R,FCT_CLAIM_PAYMENT_DETAIL_BENEFIT_PAYMENT_R,v_secondary_reinsurer_r,STG_GRP_REINSURER_CLAIM_PCT_R,V_SECONDARY_REINSURER_R,v_secondary_reinsurer_r -> case-when
Standalone Procedure,,PRC_GRP_LOAD_MERGE_UPDATE_FCT_CLAIM_PAYMENT_REINS_R,PRC_GRP_LOAD_MERGE_UPDATE_FCT_CLAIM_PAYMENT_REINS_R,FCT_CLAIM_PAYMENT_DETAIL_BENEFIT_PAYMENT_R,v_ternary_reinsurer_r,STG_GRP_REINSURER_CLAIM_PCT_R,V_TERNARY_REINSURER_R,v_ternary_reinsurer_r -> case-when
Standalone Procedure,,PRC_GRP_LOAD_MERGE_UPDATE_FCT_CLAIM_PAYMENT_REINS_R,PRC_GRP_LOAD_MERGE_UPDATE_FCT_CLAIM_PAYMENT_REINS_R,FCT_CLAIM_PAYMENT_DETAIL_DISBURSEMENT_R,N_PRIMARY_REINSURER_REINSURANCE_PCT_R,STG_GRP_REINSURER_CLAIM_PCT_R,N_PRIMARY_REINSURER_REINS_PCT_R,N_PRIMARY_REINSURER_REINSURANCE_PCT_R -> N_PRIMARY_REINSURER_REINS_PCT_R
Standalone Procedure,,PRC_GRP_LOAD_MERGE_UPDATE_FCT_CLAIM_PAYMENT_REINS_R,PRC_GRP_LOAD_MERGE_UPDATE_FCT_CLAIM_PAYMENT_REINS_R,FCT_CLAIM_PAYMENT_DETAIL_DISBURSEMENT_R,N_PRIMARY_REINSURER_REINS_SHARE_PCT_R,STG_GRP_REINSURER_CLAIM_PCT_R,N_PRIMARY_REINSURER_REINS_SHARE_PCT_R,N_PRIMARY_REINSURER_REINS_SHARE_PCT_R
Standalone Procedure,,PRC_GRP_LOAD_MERGE_UPDATE_FCT_CLAIM_PAYMENT_REINS_R,PRC_GRP_LOAD_MERGE_UPDATE_FCT_CLAIM_PAYMENT_REINS_R,FCT_CLAIM_PAYMENT_DETAIL_DISBURSEMENT_R,N_SECONDARY_REINSURER_REINS_SHARE_PCT_R,STG_GRP_REINSURER_CLAIM_PCT_R,N_SECONDARY_REINSURER_REINS_SHARE_PCT_R,N_SECONDARY_REINSURER_REINS_SHARE_PCT_R -> case-when
Standalone Procedure,,PRC_GRP_LOAD_MERGE_UPDATE_FCT_CLAIM_PAYMENT_REINS_R,PRC_GRP_LOAD_MERGE_UPDATE_FCT_CLAIM_PAYMENT_REINS_R,FCT_CLAIM_PAYMENT_DETAIL_DISBURSEMENT_R,N_TERNARY_REINSURER_REINS_SHARE_PCT_R,STG_GRP_REINSURER_CLAIM_PCT_R,N_TERNARY_REINSURER_REINS_SHARE_PCT_R,N_TERNARY_REINSURER_REINS_SHARE_PCT_R -> case-when
Standalone Procedure,,PRC_GRP_LOAD_MERGE_UPDATE_FCT_CLAIM_PAYMENT_REINS_R,PRC_GRP_LOAD_MERGE_UPDATE_FCT_CLAIM_PAYMENT_REINS_R,FCT_CLAIM_PAYMENT_DETAIL_DISBURSEMENT_R,N_TOTAL_REINSURANCE_PCT_R,STG_GRP_REINSURER_CLAIM_PCT_R,N_PRIMARY_REINSURER_REINS_PCT_R,N_TOTAL_REINSURANCE_PCT_R -> N_TOTAL_REINSURER_REINS_PCT -> case-when
Standalone Procedure,,PRC_GRP_LOAD_MERGE_UPDATE_FCT_CLAIM_PAYMENT_REINS_R,PRC_GRP_LOAD_MERGE_UPDATE_FCT_CLAIM_PAYMENT_REINS_R,FCT_CLAIM_PAYMENT_DETAIL_DISBURSEMENT_R,N_TOTAL_REINSURANCE_PCT_R,STG_GRP_REINSURER_CLAIM_PCT_R,N_SECONDARY_REINSURER_REINS_PCT_R,N_TOTAL_REINSURANCE_PCT_R -> N_TOTAL_REINSURER_REINS_PCT -> case-when
Standalone Procedure,,PRC_GRP_LOAD_MERGE_UPDATE_FCT_CLAIM_PAYMENT_REINS_R,PRC_GRP_LOAD_MERGE_UPDATE_FCT_CLAIM_PAYMENT_REINS_R,FCT_CLAIM_PAYMENT_DETAIL_DISBURSEMENT_R,N_TOTAL_REINSURANCE_PCT_R,STG_GRP_REINSURER_CLAIM_PCT_R,N_TOTAL_REINSURER_REINS_PCT,N_TOTAL_REINSURANCE_PCT_R -> N_TOTAL_REINSURER_REINS_PCT -> case-when
Standalone Procedure,,PRC_GRP_LOAD_MERGE_UPDATE_FCT_CLAIM_PAYMENT_REINS_R,PRC_GRP_LOAD_MERGE_UPDATE_FCT_CLAIM_PAYMENT_REINS_R,FCT_CLAIM_PAYMENT_DETAIL_DISBURSEMENT_R,n_secondary_reinsurer_reinsurance_pct_r,STG_GRP_REINSURER_CLAIM_PCT_R,N_SECONDARY_REINSURER_REINS_PCT_R,n_secondary_reinsurer_reinsurance_pct_r -> N_SECONDARY_REINSURER_REINS_PCT_R -> case-when
Standalone Procedure,,PRC_GRP_LOAD_MERGE_UPDATE_FCT_CLAIM_PAYMENT_REINS_R,PRC_GRP_LOAD_MERGE_UPDATE_FCT_CLAIM_PAYMENT_REINS_R,FCT_CLAIM_PAYMENT_DETAIL_DISBURSEMENT_R,n_ternary_reinsurer_reinsurance_pct_r,STG_GRP_REINSURER_CLAIM_PCT_R,N_TERNARY_REINSURER_REINS_PCT_R,n_ternary_reinsurer_reinsurance_pct_r -> N_TERNARY_REINSURER_REINS_PCT_R -> case-when
Standalone Procedure,,PRC_GRP_LOAD_MERGE_UPDATE_FCT_CLAIM_PAYMENT_REINS_R,PRC_GRP_LOAD_MERGE_UPDATE_FCT_CLAIM_PAYMENT_REINS_R,FCT_CLAIM_PAYMENT_DETAIL_DISBURSEMENT_R,v_primary_reinsurer_r,STG_GRP_REINSURER_CLAIM_PCT_R,V_PRIMARY_REINSURER_R,v_primary_reinsurer_r
Standalone Procedure,,PRC_GRP_LOAD_MERGE_UPDATE_FCT_CLAIM_PAYMENT_REINS_R,PRC_GRP_LOAD_MERGE_UPDATE_FCT_CLAIM_PAYMENT_REINS_R,FCT_CLAIM_PAYMENT_DETAIL_DISBURSEMENT_R,v_secondary_reinsurer_r,STG_GRP_REINSURER_CLAIM_PCT_R,V_SECONDARY_REINSURER_R,v_secondary_reinsurer_r -> case-when
Standalone Procedure,,PRC_GRP_LOAD_MERGE_UPDATE_FCT_CLAIM_PAYMENT_REINS_R,PRC_GRP_LOAD_MERGE_UPDATE_FCT_CLAIM_PAYMENT_REINS_R,FCT_CLAIM_PAYMENT_DETAIL_DISBURSEMENT_R,v_ternary_reinsurer_r,STG_GRP_REINSURER_CLAIM_PCT_R,V_TERNARY_REINSURER_R,v_ternary_reinsurer_r -> case-when
Standalone Procedure,,PRC_GRP_LOAD_MERGE_UPDATE_FCT_CLAIM_PAYMENT_REINS_R,PRC_GRP_LOAD_MERGE_UPDATE_FCT_CLAIM_PAYMENT_REINS_R,FCT_CLAIM_PAYMENT_DETAIL_EXPENSE_R,N_PRIMARY_REINSURER_REINSURANCE_PCT_R,,,Constant / Expression
Standalone Procedure,,PRC_GRP_LOAD_MERGE_UPDATE_FCT_CLAIM_PAYMENT_REINS_R,PRC_GRP_LOAD_MERGE_UPDATE_FCT_CLAIM_PAYMENT_REINS_R,FCT_CLAIM_PAYMENT_DETAIL_EXPENSE_R,N_PRIMARY_REINSURER_REINS_SHARE_PCT_R,,,Constant / Expression
Standalone Procedure,,PRC_GRP_LOAD_MERGE_UPDATE_FCT_CLAIM_PAYMENT_REINS_R,PRC_GRP_LOAD_MERGE_UPDATE_FCT_CLAIM_PAYMENT_REINS_R,FCT_CLAIM_PAYMENT_DETAIL_EXPENSE_R,N_SECONDARY_REINSURER_REINS_SHARE_PCT_R,,,Constant / Expression
Standalone Procedure,,PRC_GRP_LOAD_MERGE_UPDATE_FCT_CLAIM_PAYMENT_REINS_R,PRC_GRP_LOAD_MERGE_UPDATE_FCT_CLAIM_PAYMENT_REINS_R,FCT_CLAIM_PAYMENT_DETAIL_EXPENSE_R,N_TERNARY_REINSURER_REINS_SHARE_PCT_R,,,Constant / Expression
Standalone Procedure,,PRC_GRP_LOAD_MERGE_UPDATE_FCT_CLAIM_PAYMENT_REINS_R,PRC_GRP_LOAD_MERGE_UPDATE_FCT_CLAIM_PAYMENT_REINS_R,FCT_CLAIM_PAYMENT_DETAIL_EXPENSE_R,N_TOTAL_REINSURANCE_PCT_R,,,Constant / Expression
Standalone Procedure,,PRC_GRP_LOAD_MERGE_UPDATE_FCT_CLAIM_PAYMENT_REINS_R,PRC_GRP_LOAD_MERGE_UPDATE_FCT_CLAIM_PAYMENT_REINS_R,FCT_CLAIM_PAYMENT_DETAIL_EXPENSE_R,n_secondary_reinsurer_reinsurance_pct_r,,,Constant / Expression
Standalone Procedure,,PRC_GRP_LOAD_MERGE_UPDATE_FCT_CLAIM_PAYMENT_REINS_R,PRC_GRP_LOAD_MERGE_UPDATE_FCT_CLAIM_PAYMENT_REINS_R,FCT_CLAIM_PAYMENT_DETAIL_EXPENSE_R,n_ternary_reinsurer_reinsurance_pct_r,,,Constant / Expression
Standalone Procedure,,PRC_GRP_LOAD_MERGE_UPDATE_FCT_CLAIM_PAYMENT_REINS_R,PRC_GRP_LOAD_MERGE_UPDATE_FCT_CLAIM_PAYMENT_REINS_R,FCT_CLAIM_PAYMENT_DETAIL_EXPENSE_R,v_primary_reinsurer_r,,,Constant / Expression
Standalone Procedure,,PRC_GRP_LOAD_MERGE_UPDATE_FCT_CLAIM_PAYMENT_REINS_R,PRC_GRP_LOAD_MERGE_UPDATE_FCT_CLAIM_PAYMENT_REINS_R,FCT_CLAIM_PAYMENT_DETAIL_EXPENSE_R,v_secondary_reinsurer_r,,,Constant / Expression
Standalone Procedure,,PRC_GRP_LOAD_MERGE_UPDATE_FCT_CLAIM_PAYMENT_REINS_R,PRC_GRP_LOAD_MERGE_UPDATE_FCT_CLAIM_PAYMENT_REINS_R,FCT_CLAIM_PAYMENT_DETAIL_EXPENSE_R,v_ternary_reinsurer_r,,,Constant / Expression
Standalone Procedure,,PRC_GRP_LOAD_MERGE_UPDATE_FCT_CLAIM_PAYMENT_REINS_R,PRC_GRP_LOAD_MERGE_UPDATE_FCT_CLAIM_PAYMENT_REINS_R,FCT_CLAIM_PAYMENT_DETAIL_GROSS_BENEFIT_R,N_PRIMARY_REINSURER_REINSURANCE_PCT_R,,,Constant / Expression
Standalone Procedure,,PRC_GRP_LOAD_MERGE_UPDATE_FCT_CLAIM_PAYMENT_REINS_R,PRC_GRP_LOAD_MERGE_UPDATE_FCT_CLAIM_PAYMENT_REINS_R,FCT_CLAIM_PAYMENT_DETAIL_GROSS_BENEFIT_R,N_PRIMARY_REINSURER_REINS_SHARE_PCT_R,,,Constant / Expression
Standalone Procedure,,PRC_GRP_LOAD_MERGE_UPDATE_FCT_CLAIM_PAYMENT_REINS_R,PRC_GRP_LOAD_MERGE_UPDATE_FCT_CLAIM_PAYMENT_REINS_R,FCT_CLAIM_PAYMENT_DETAIL_GROSS_BENEFIT_R,N_SECONDARY_REINSURER_REINS_SHARE_PCT_R,,,Constant / Expression
Standalone Procedure,,PRC_GRP_LOAD_MERGE_UPDATE_FCT_CLAIM_PAYMENT_REINS_R,PRC_GRP_LOAD_MERGE_UPDATE_FCT_CLAIM_PAYMENT_REINS_R,FCT_CLAIM_PAYMENT_DETAIL_GROSS_BENEFIT_R,N_TERNARY_REINSURER_REINS_SHARE_PCT_R,,,Constant / Expression
Standalone Procedure,,PRC_GRP_LOAD_MERGE_UPDATE_FCT_CLAIM_PAYMENT_REINS_R,PRC_GRP_LOAD_MERGE_UPDATE_FCT_CLAIM_PAYMENT_REINS_R,FCT_CLAIM_PAYMENT_DETAIL_GROSS_BENEFIT_R,N_TOTAL_REINSURANCE_PCT_R,,,Constant / Expression
Standalone Procedure,,PRC_GRP_LOAD_MERGE_UPDATE_FCT_CLAIM_PAYMENT_REINS_R,PRC_GRP_LOAD_MERGE_UPDATE_FCT_CLAIM_PAYMENT_REINS_R,FCT_CLAIM_PAYMENT_DETAIL_GROSS_BENEFIT_R,n_secondary_reinsurer_reinsurance_pct_r,,,Constant / Expression
Standalone Procedure,,PRC_GRP_LOAD_MERGE_UPDATE_FCT_CLAIM_PAYMENT_REINS_R,PRC_GRP_LOAD_MERGE_UPDATE_FCT_CLAIM_PAYMENT_REINS_R,FCT_CLAIM_PAYMENT_DETAIL_GROSS_BENEFIT_R,n_ternary_reinsurer_reinsurance_pct_r,,,Constant / Expression
Standalone Procedure,,PRC_GRP_LOAD_MERGE_UPDATE_FCT_CLAIM_PAYMENT_REINS_R,PRC_GRP_LOAD_MERGE_UPDATE_FCT_CLAIM_PAYMENT_REINS_R,FCT_CLAIM_PAYMENT_DETAIL_GROSS_BENEFIT_R,v_primary_reinsurer_r,,,Constant / Expression
Standalone Procedure,,PRC_GRP_LOAD_MERGE_UPDATE_FCT_CLAIM_PAYMENT_REINS_R,PRC_GRP_LOAD_MERGE_UPDATE_FCT_CLAIM_PAYMENT_REINS_R,FCT_CLAIM_PAYMENT_DETAIL_GROSS_BENEFIT_R,v_secondary_reinsurer_r,,,Constant / Expression
Standalone Procedure,,PRC_GRP_LOAD_MERGE_UPDATE_FCT_CLAIM_PAYMENT_REINS_R,PRC_GRP_LOAD_MERGE_UPDATE_FCT_CLAIM_PAYMENT_REINS_R,FCT_CLAIM_PAYMENT_DETAIL_GROSS_BENEFIT_R,v_ternary_reinsurer_r,,,Constant / Expression
Standalone Procedure,,PRC_GRP_LOAD_MERGE_UPDATE_FCT_LG_RESERVE_DETAILS_REINS_R,PRC_GRP_LOAD_MERGE_UPDATE_FCT_LG_RESERVE_DETAILS_REINS_R,FCT_LG_RESERVE_DETAILS_R,N_PRIMARY_REINSURER_REINSURANCE_PCT_R,STG_GRP_REINSURER_CLAIM_PCT_R,N_PRIMARY_REINSURER_REINS_PCT_R,Direct
Standalone Procedure,,PRC_GRP_LOAD_MERGE_UPDATE_FCT_LG_RESERVE_DETAILS_REINS_R,PRC_GRP_LOAD_MERGE_UPDATE_FCT_LG_RESERVE_DETAILS_REINS_R,FCT_LG_RESERVE_DETAILS_R,N_PRIMARY_REINSURER_REINS_SHARE_PCT_R,STG_GRP_REINSURER_CLAIM_PCT_R,N_PRIMARY_REINSURER_REINS_SHARE_PCT_R,Direct
Standalone Procedure,,PRC_GRP_LOAD_MERGE_UPDATE_FCT_LG_RESERVE_DETAILS_REINS_R,PRC_GRP_LOAD_MERGE_UPDATE_FCT_LG_RESERVE_DETAILS_REINS_R,FCT_LG_RESERVE_DETAILS_R,N_SECONDARY_REINSURER_REINS_SHARE_PCT_R,STG_GRP_REINSURER_CLAIM_PCT_R,N_SECONDARY_REINSURER_REINS_SHARE_PCT_R,case-when
Standalone Procedure,,PRC_GRP_LOAD_MERGE_UPDATE_FCT_LG_RESERVE_DETAILS_REINS_R,PRC_GRP_LOAD_MERGE_UPDATE_FCT_LG_RESERVE_DETAILS_REINS_R,FCT_LG_RESERVE_DETAILS_R,N_TERNARY_REINSURER_REINS_SHARE_PCT_R,STG_GRP_REINSURER_CLAIM_PCT_R,N_TERNARY_REINSURER_REINS_SHARE_PCT_R,case-when
Standalone Procedure,,PRC_GRP_LOAD_MERGE_UPDATE_FCT_LG_RESERVE_DETAILS_REINS_R,PRC_GRP_LOAD_MERGE_UPDATE_FCT_LG_RESERVE_DETAILS_REINS_R,FCT_LG_RESERVE_DETAILS_R,N_TOTAL_REINSURANCE_PCT_R,STG_GRP_REINSURER_CLAIM_PCT_R,N_TOTAL_REINSURER_REINS_PCT,case-when
Standalone Procedure,,PRC_GRP_LOAD_MERGE_UPDATE_FCT_LG_RESERVE_DETAILS_REINS_R,PRC_GRP_LOAD_MERGE_UPDATE_FCT_LG_RESERVE_DETAILS_REINS_R,FCT_LG_RESERVE_DETAILS_R,n_secondary_reinsurer_reinsurance_pct_r,STG_GRP_REINSURER_CLAIM_PCT_R,N_SECONDARY_REINSURER_REINS_PCT_R,case-when
Standalone Procedure,,PRC_GRP_LOAD_MERGE_UPDATE_FCT_LG_RESERVE_DETAILS_REINS_R,PRC_GRP_LOAD_MERGE_UPDATE_FCT_LG_RESERVE_DETAILS_REINS_R,FCT_LG_RESERVE_DETAILS_R,n_ternary_reinsurer_reinsurance_pct_r,STG_GRP_REINSURER_CLAIM_PCT_R,N_TERNARY_REINSURER_REINS_PCT_R,case-when
Standalone Procedure,,PRC_GRP_LOAD_MERGE_UPDATE_FCT_LG_RESERVE_DETAILS_REINS_R,PRC_GRP_LOAD_MERGE_UPDATE_FCT_LG_RESERVE_DETAILS_REINS_R,FCT_LG_RESERVE_DETAILS_R,v_primary_reinsurer_r,STG_GRP_REINSURER_CLAIM_PCT_R,V_PRIMARY_REINSURER_R,Direct
Standalone Procedure,,PRC_GRP_LOAD_MERGE_UPDATE_FCT_LG_RESERVE_DETAILS_REINS_R,PRC_GRP_LOAD_MERGE_UPDATE_FCT_LG_RESERVE_DETAILS_REINS_R,FCT_LG_RESERVE_DETAILS_R,v_secondary_reinsurer_r,STG_GRP_REINSURER_CLAIM_PCT_R,V_SECONDARY_REINSURER_R,case-when
Standalone Procedure,,PRC_GRP_LOAD_MERGE_UPDATE_FCT_LG_RESERVE_DETAILS_REINS_R,PRC_GRP_LOAD_MERGE_UPDATE_FCT_LG_RESERVE_DETAILS_REINS_R,FCT_LG_RESERVE_DETAILS_R,v_ternary_reinsurer_r,STG_GRP_REINSURER_CLAIM_PCT_R,V_TERNARY_REINSURER_R,case-when
Standalone Procedure,,PRC_GRP_UPD_CV_PAYEE_NAME_FCT_CLAIM_PMNT_DTL_BENEFIT_PMNT_R,PRC_GRP_UPD_CV_PAYEE_NAME_FCT_CLAIM_PMNT_DTL_BENEFIT_PMNT_R,FCT_CLAIM_PAYMENT_DETAIL_BENEFIT_PAYMENT_R,V_PAYEE_FIRST_NAME_R,V_TABLE_NAME_R,V_PAYEE_FIRST_NAME_R,Direct
Standalone Procedure,,PRC_GRP_UPD_CV_PAYEE_NAME_FCT_CLAIM_PMNT_DTL_BENEFIT_PMNT_R,PRC_GRP_UPD_CV_PAYEE_NAME_FCT_CLAIM_PMNT_DTL_BENEFIT_PMNT_R,FCT_CLAIM_PAYMENT_DETAIL_BENEFIT_PAYMENT_R,V_PAYEE_LAST_NAME_R,V_TABLE_NAME_R,V_PAYEE_LAST_NAME_R,Direct
Standalone Procedure,,PRC_GRP_UPD_CV_PAYEE_NAME_FCT_CLAIM_PMNT_DTL_BENEFIT_PMNT_R,PRC_GRP_UPD_CV_PAYEE_NAME_FCT_CLAIM_PMNT_DTL_BENEFIT_PMNT_R,FCT_CLAIM_PAYMENT_DETAIL_BENEFIT_PAYMENT_R,V_PAYEE_MIDDLE_NAME_R,V_TABLE_NAME_R,V_PAYEE_MIDDLE_NAME_R,Direct
Standalone Procedure,,PRC_LOAD_CLAIM_SUMMARY_INTERMEDIATE_MV_TBL,PRC_LOAD_CLAIM_SUMMARY_INTERMEDIATE_MV_TBL,CLAIM_SUMMARY_INTERMEDIATE_MV_TBL,D_DATE_CLOSED_R,DIM_GRP_CLAIM_COVERAGE_GROUP_R,D_DATE_CLOSED_R,NVL
Standalone Procedure,,PRC_LOAD_CLAIM_SUMMARY_INTERMEDIATE_MV_TBL,PRC_LOAD_CLAIM_SUMMARY_INTERMEDIATE_MV_TBL,CLAIM_SUMMARY_INTERMEDIATE_MV_TBL,D_DATE_CLOSED_R,DIM_GRP_CLAIM_DETAIL_R,D_CLOSURE_DATE_R,NVL
Standalone Procedure,,PRC_LOAD_CLAIM_SUMMARY_INTERMEDIATE_MV_TBL,PRC_LOAD_CLAIM_SUMMARY_INTERMEDIATE_MV_TBL,CLAIM_SUMMARY_INTERMEDIATE_MV_TBL,D_SERVICE_PERIOD_FROM_R,,,Constant / Expression
Standalone Procedure,,PRC_LOAD_CLAIM_SUMMARY_INTERMEDIATE_MV_TBL,PRC_LOAD_CLAIM_SUMMARY_INTERMEDIATE_MV_TBL,CLAIM_SUMMARY_INTERMEDIATE_MV_TBL,N_NO_OF_CHECKS_R,,,Constant / Expression
Standalone Procedure,,PRC_LOAD_CLAIM_SUMMARY_INTERMEDIATE_MV_TBL,PRC_LOAD_CLAIM_SUMMARY_INTERMEDIATE_MV_TBL,CLAIM_SUMMARY_INTERMEDIATE_MV_TBL,N_NO_OF_PAYMENTS_R,,,Constant / Expression
Standalone Procedure,,PRC_LOAD_CLAIM_SUMMARY_INTERMEDIATE_MV_TBL,PRC_LOAD_CLAIM_SUMMARY_INTERMEDIATE_MV_TBL,CLAIM_SUMMARY_INTERMEDIATE_MV_TBL,N_PRIOR_N_REOPEN_CLAIM_CNT_R,FCT_RPT_CLAIM_SUMMARY_R,N_REOPEN_CLAIM_COUNT_R,SUM
Standalone Procedure,,PRC_LOAD_CLAIM_SUMMARY_INTERMEDIATE_MV_TBL,PRC_LOAD_CLAIM_SUMMARY_INTERMEDIATE_MV_TBL,CLAIM_SUMMARY_INTERMEDIATE_MV_TBL,N_TOTAL_NO_OF_PAYMENTS_R,,,Constant / Expression
Standalone Procedure,,PRC_LOAD_CLAIM_SUMMARY_INTERMEDIATE_MV_TBL,PRC_LOAD_CLAIM_SUMMARY_INTERMEDIATE_MV_TBL,CLAIM_SUMMARY_INTERMEDIATE_MV_TBL,V_CLAIM_IDENTIFIER_R,DIM_GRP_CLAIM_COVERAGE_GROUP_R,V_CLAIM_IDENTIFIER_R,Direct
Standalone Procedure,,PRC_LOAD_CLAIM_SUMMARY_INTERMEDIATE_MV_TBL,PRC_LOAD_CLAIM_SUMMARY_INTERMEDIATE_MV_TBL,CLAIM_SUMMARY_INTERMEDIATE_MV_TBL,V_COVERAGE_CODE_R,DIM_GRP_CLAIM_COVERAGE_GROUP_R,V_COVERAGE_CODE_R,Direct
Standalone Procedure,,PRC_LOAD_CLAIM_SUMMARY_INTERMEDIATE_MV_TBL,PRC_LOAD_CLAIM_SUMMARY_INTERMEDIATE_MV_TBL,CLAIM_SUMMARY_INTERMEDIATE_MV_TBL,V_LOB_TYPE_R,DIM_GRP_CLAIM_DIR_R,V_LOB_TYPE_R,Direct
Standalone Procedure,,PRC_LOAD_STG_GRP_CLAIM_SUMMARY_PAYMENT_DETAILS_R,PRC_LOAD_STG_GRP_CLAIM_SUMMARY_PAYMENT_DETAILS_R,STG_GRP_CLAIM_SUMMARY_PAYMENT_DETAILS_R,D_CURR_FISCAL_DATE,DIM_GRP_CLAIM_DETAIL_R_MV,D_CURR_FISCAL_DATE,Direct
Standalone Procedure,,PRC_LOAD_STG_GRP_CLAIM_SUMMARY_PAYMENT_DETAILS_R,PRC_LOAD_STG_GRP_CLAIM_SUMMARY_PAYMENT_DETAILS_R,STG_GRP_CLAIM_SUMMARY_PAYMENT_DETAILS_R,D_CYCLE_DATE_R,DIM_GRP_CLAIM_DETAIL_R_MV,D_CYCLE_DATE_R,Direct
Standalone Procedure,,PRC_LOAD_STG_GRP_CLAIM_SUMMARY_PAYMENT_DETAILS_R,PRC_LOAD_STG_GRP_CLAIM_SUMMARY_PAYMENT_DETAILS_R,STG_GRP_CLAIM_SUMMARY_PAYMENT_DETAILS_R,D_FIRST_PAYMENT_DATE_R,FCT_CLAIM_DISBURSEMENT_R,D_DISBURSE_DATE_R,MIN
Standalone Procedure,,PRC_LOAD_STG_GRP_CLAIM_SUMMARY_PAYMENT_DETAILS_R,PRC_LOAD_STG_GRP_CLAIM_SUMMARY_PAYMENT_DETAILS_R,STG_GRP_CLAIM_SUMMARY_PAYMENT_DETAILS_R,D_FIRST_PAYMENT_FROM_DATE_R,FCT_CLAIM_PAYMENT_DETAIL_R,D_SERVICE_PERIOD_FROM_R,MIN
Standalone Procedure,,PRC_LOAD_STG_GRP_CLAIM_SUMMARY_PAYMENT_DETAILS_R,PRC_LOAD_STG_GRP_CLAIM_SUMMARY_PAYMENT_DETAILS_R,STG_GRP_CLAIM_SUMMARY_PAYMENT_DETAILS_R,D_LAST_PAYMENT_DATE_R,FCT_CLAIM_DISBURSEMENT_R,D_DISBURSE_DATE_R,MAX
Standalone Procedure,,PRC_LOAD_STG_GRP_CLAIM_SUMMARY_PAYMENT_DETAILS_R,PRC_LOAD_STG_GRP_CLAIM_SUMMARY_PAYMENT_DETAILS_R,STG_GRP_CLAIM_SUMMARY_PAYMENT_DETAILS_R,D_LAST_PAYMENT_TO_DATE_R,FCT_CLAIM_PAYMENT_DETAIL_R,D_SERVICE_PERIOD_TO_R,MAX
Standalone Procedure,,PRC_LOAD_STG_GRP_CLAIM_SUMMARY_PAYMENT_DETAILS_R,PRC_LOAD_STG_GRP_CLAIM_SUMMARY_PAYMENT_DETAILS_R,STG_GRP_CLAIM_SUMMARY_PAYMENT_DETAILS_R,D_MAXRESERVAL_DATE_R,DIM_GRP_CLAIM_DETAIL_R_MV,D_MAXRESERVAL_DATE_R,Direct
Standalone Procedure,,PRC_LOAD_STG_GRP_CLAIM_SUMMARY_PAYMENT_DETAILS_R,PRC_LOAD_STG_GRP_CLAIM_SUMMARY_PAYMENT_DETAILS_R,STG_GRP_CLAIM_SUMMARY_PAYMENT_DETAILS_R,D_PRIOR_FISCAL_DATE,DIM_GRP_CLAIM_DETAIL_R_MV,D_PRIOR_FISCAL_DATE,Direct
Standalone Procedure,,PRC_LOAD_STG_GRP_CLAIM_SUMMARY_PAYMENT_DETAILS_R,PRC_LOAD_STG_GRP_CLAIM_SUMMARY_PAYMENT_DETAILS_R,STG_GRP_CLAIM_SUMMARY_PAYMENT_DETAILS_R,N_CHG_GAAP_WV_DIRECT_AMT_R,FCT_LG_RESERVE_DETAILS_R,N_CHG_RESERVE_DIRECT__GAAP__R,MAX
Standalone Procedure,,PRC_LOAD_STG_GRP_CLAIM_SUMMARY_PAYMENT_DETAILS_R,PRC_LOAD_STG_GRP_CLAIM_SUMMARY_PAYMENT_DETAILS_R,STG_GRP_CLAIM_SUMMARY_PAYMENT_DETAILS_R,N_CHG_STAT_WV_DIRECT_AMT_R,FCT_LG_RESERVE_DETAILS_R,N_CHG_RESERVE_DIRECT__STAT__R,MAX
Standalone Procedure,,PRC_LOAD_STG_GRP_CLAIM_SUMMARY_PAYMENT_DETAILS_R,PRC_LOAD_STG_GRP_CLAIM_SUMMARY_PAYMENT_DETAILS_R,STG_GRP_CLAIM_SUMMARY_PAYMENT_DETAILS_R,N_CLAIM_COVERAGE_GROUP_SK_R,DIM_GRP_CLAIM_DETAIL_R_MV,N_CLAIM_COVERAGE_GROUP_SK_R,Direct
Standalone Procedure,,PRC_LOAD_STG_GRP_CLAIM_SUMMARY_PAYMENT_DETAILS_R,PRC_LOAD_STG_GRP_CLAIM_SUMMARY_PAYMENT_DETAILS_R,STG_GRP_CLAIM_SUMMARY_PAYMENT_DETAILS_R,N_CLAIM_COVERAGE_SK_R,DIM_GRP_CLAIM_DETAIL_R_MV,N_CLAIM_COVERAGE_SK_R,Direct
Standalone Procedure,,PRC_LOAD_STG_GRP_CLAIM_SUMMARY_PAYMENT_DETAILS_R,PRC_LOAD_STG_GRP_CLAIM_SUMMARY_PAYMENT_DETAILS_R,STG_GRP_CLAIM_SUMMARY_PAYMENT_DETAILS_R,N_CLAIM_SK_R,DIM_GRP_CLAIM_DETAIL_R_MV,N_CLAIM_SK_R,Direct
Standalone Procedure,,PRC_LOAD_STG_GRP_CLAIM_SUMMARY_PAYMENT_DETAILS_R,PRC_LOAD_STG_GRP_CLAIM_SUMMARY_PAYMENT_DETAILS_R,STG_GRP_CLAIM_SUMMARY_PAYMENT_DETAILS_R,N_CURR_GAAP_WV_DIRECT_AMT_R,FCT_LG_RESERVE_DETAILS_R,N_RESERVE_DIRECT__GAAP__R,MAX
Standalone Procedure,,PRC_LOAD_STG_GRP_CLAIM_SUMMARY_PAYMENT_DETAILS_R,PRC_LOAD_STG_GRP_CLAIM_SUMMARY_PAYMENT_DETAILS_R,STG_GRP_CLAIM_SUMMARY_PAYMENT_DETAILS_R,N_CURR_STAT_WV_DIRECT_AMT_R,FCT_LG_RESERVE_DETAILS_R,N_RESERVE_DIRECT__STAT__R,MAX
Standalone Procedure,,PRC_LOAD_STG_GRP_CLAIM_SUMMARY_PAYMENT_DETAILS_R,PRC_LOAD_STG_GRP_CLAIM_SUMMARY_PAYMENT_DETAILS_R,STG_GRP_CLAIM_SUMMARY_PAYMENT_DETAILS_R,N_EMPLOYER_FICA_R,FCT_BENEFIT_PAYMENT_DETAIL_R,N_EMPLOYER_SS_WITHHELD_AMT_R,SUM
Standalone Procedure,,PRC_LOAD_STG_GRP_CLAIM_SUMMARY_PAYMENT_DETAILS_R,PRC_LOAD_STG_GRP_CLAIM_SUMMARY_PAYMENT_DETAILS_R,STG_GRP_CLAIM_SUMMARY_PAYMENT_DETAILS_R,N_EMPLOYER_MEDICARE_TAX_R,FCT_BENEFIT_PAYMENT_DETAIL_R,N_EMPLOYER_MED_WITHHELD_AMT_R,SUM
Standalone Procedure,,PRC_LOAD_STG_GRP_CLAIM_SUMMARY_PAYMENT_DETAILS_R,PRC_LOAD_STG_GRP_CLAIM_SUMMARY_PAYMENT_DETAILS_R,STG_GRP_CLAIM_SUMMARY_PAYMENT_DETAILS_R,N_EMP_FICA_WAGE_BASE_R,FCT_BENEFIT_PAYMENT_R,N_EMPLOYER_SS_WAGEBASE_AMT_R,SUM
Standalone Procedure,,PRC_LOAD_STG_GRP_CLAIM_SUMMARY_PAYMENT_DETAILS_R,PRC_LOAD_STG_GRP_CLAIM_SUMMARY_PAYMENT_DETAILS_R,STG_GRP_CLAIM_SUMMARY_PAYMENT_DETAILS_R,N_EMP_MEDICARE_WAGE_BASE_R,FCT_BENEFIT_PAYMENT_R,N_EMPLOYER_MED_WAGEBASE_AMT_R,SUM
Standalone Procedure,,PRC_LOAD_STG_GRP_CLAIM_SUMMARY_PAYMENT_DETAILS_R,PRC_LOAD_STG_GRP_CLAIM_SUMMARY_PAYMENT_DETAILS_R,STG_GRP_CLAIM_SUMMARY_PAYMENT_DETAILS_R,N_FICA_R,FCT_BENEFIT_PAYMENT_DETAIL_R,N_EMPLOYEE_SS_WITHHELD_AMT_R,SUM
Standalone Procedure,,PRC_LOAD_STG_GRP_CLAIM_SUMMARY_PAYMENT_DETAILS_R,PRC_LOAD_STG_GRP_CLAIM_SUMMARY_PAYMENT_DETAILS_R,STG_GRP_CLAIM_SUMMARY_PAYMENT_DETAILS_R,N_FICA_WAGE_BASE_R,FCT_BENEFIT_PAYMENT_R,N_EMPLOYEE_SS_WAGEBASE_AMT_R,SUM
Standalone Procedure,,PRC_LOAD_STG_GRP_CLAIM_SUMMARY_PAYMENT_DETAILS_R,PRC_LOAD_STG_GRP_CLAIM_SUMMARY_PAYMENT_DETAILS_R,STG_GRP_CLAIM_SUMMARY_PAYMENT_DETAILS_R,N_FIT_R,FCT_BENEFIT_PAYMENT_DETAIL_R,N_FEDERAL_TAX_WITHHELD_AMT_R,SUM
Standalone Procedure,,PRC_LOAD_STG_GRP_CLAIM_SUMMARY_PAYMENT_DETAILS_R,PRC_LOAD_STG_GRP_CLAIM_SUMMARY_PAYMENT_DETAILS_R,STG_GRP_CLAIM_SUMMARY_PAYMENT_DETAILS_R,N_FUTA_R,FCT_BENEFIT_PAYMENT_DETAIL_R,N_AMOUNT_R,SUM -> case-when
Standalone Procedure,,PRC_LOAD_STG_GRP_CLAIM_SUMMARY_PAYMENT_DETAILS_R,PRC_LOAD_STG_GRP_CLAIM_SUMMARY_PAYMENT_DETAILS_R,STG_GRP_CLAIM_SUMMARY_PAYMENT_DETAILS_R,N_MEDICARE_TAX_R,FCT_BENEFIT_PAYMENT_DETAIL_R,N_EMPLOYEE_MED_WITHHELD_AMT_R,SUM
Standalone Procedure,,PRC_LOAD_STG_GRP_CLAIM_SUMMARY_PAYMENT_DETAILS_R,PRC_LOAD_STG_GRP_CLAIM_SUMMARY_PAYMENT_DETAILS_R,STG_GRP_CLAIM_SUMMARY_PAYMENT_DETAILS_R,N_MEDICARE_WAGE_BASE_R,FCT_BENEFIT_PAYMENT_R,N_EMPLOYEE_MED_WAGEBASE_AMT_R,SUM
Standalone Procedure,,PRC_LOAD_STG_GRP_CLAIM_SUMMARY_PAYMENT_DETAILS_R,PRC_LOAD_STG_GRP_CLAIM_SUMMARY_PAYMENT_DETAILS_R,STG_GRP_CLAIM_SUMMARY_PAYMENT_DETAILS_R,N_NON_TAXABLE_BENEFITS_R,FCT_BENEFIT_PAYMENT_R,N_NONTAXABLE_BENEFIT_AMT_R,SUM
Standalone Procedure,,PRC_LOAD_STG_GRP_CLAIM_SUMMARY_PAYMENT_DETAILS_R,PRC_LOAD_STG_GRP_CLAIM_SUMMARY_PAYMENT_DETAILS_R,STG_GRP_CLAIM_SUMMARY_PAYMENT_DETAILS_R,N_NO_OF_VOID_CHECKS_R,,,Constant / Expression
Standalone Procedure,,PRC_LOAD_STG_GRP_CLAIM_SUMMARY_PAYMENT_DETAILS_R,PRC_LOAD_STG_GRP_CLAIM_SUMMARY_PAYMENT_DETAILS_R,STG_GRP_CLAIM_SUMMARY_PAYMENT_DETAILS_R,N_NO_OF_VOID_PAYMENTS_R,,,Constant / Expression
Standalone Procedure,,PRC_LOAD_STG_GRP_CLAIM_SUMMARY_PAYMENT_DETAILS_R,PRC_LOAD_STG_GRP_CLAIM_SUMMARY_PAYMENT_DETAILS_R,STG_GRP_CLAIM_SUMMARY_PAYMENT_DETAILS_R,N_PAYMENT_DIRECT_AMT_R,FCT_BENEFIT_PAYMENT_DETAIL_R,N_AMOUNT_R,SUM -> case-when
Standalone Procedure,,PRC_LOAD_STG_GRP_CLAIM_SUMMARY_PAYMENT_DETAILS_R,PRC_LOAD_STG_GRP_CLAIM_SUMMARY_PAYMENT_DETAILS_R,STG_GRP_CLAIM_SUMMARY_PAYMENT_DETAILS_R,N_PAYMENT_NONTAXABLE_BEN_R,FCT_BENEFIT_PAYMENT_R,N_TAXABLE_PERCENT_R,SUM -> case-when -> MAX
Standalone Procedure,,PRC_LOAD_STG_GRP_CLAIM_SUMMARY_PAYMENT_DETAILS_R,PRC_LOAD_STG_GRP_CLAIM_SUMMARY_PAYMENT_DETAILS_R,STG_GRP_CLAIM_SUMMARY_PAYMENT_DETAILS_R,N_PAYMENT_NONTAXABLE_BEN_R,FCT_CLAIM_PAYMENT_DETAIL_R_MV3,N_PAID_AMOUNT_R,SUM -> case-when
Standalone Procedure,,PRC_LOAD_STG_GRP_CLAIM_SUMMARY_PAYMENT_DETAILS_R,PRC_LOAD_STG_GRP_CLAIM_SUMMARY_PAYMENT_DETAILS_R,STG_GRP_CLAIM_SUMMARY_PAYMENT_DETAILS_R,N_PAYMENT_TAXABLE_BENEFITS_R,FCT_BENEFIT_PAYMENT_R,N_TAXABLE_PERCENT_R,SUM -> case-when -> MAX
Standalone Procedure,,PRC_LOAD_STG_GRP_CLAIM_SUMMARY_PAYMENT_DETAILS_R,PRC_LOAD_STG_GRP_CLAIM_SUMMARY_PAYMENT_DETAILS_R,STG_GRP_CLAIM_SUMMARY_PAYMENT_DETAILS_R,N_PAYMENT_TAXABLE_BENEFITS_R,FCT_CLAIM_PAYMENT_DETAIL_R_MV3,N_PAID_AMOUNT_R,SUM -> case-when
Standalone Procedure,,PRC_LOAD_STG_GRP_CLAIM_SUMMARY_PAYMENT_DETAILS_R,PRC_LOAD_STG_GRP_CLAIM_SUMMARY_PAYMENT_DETAILS_R,STG_GRP_CLAIM_SUMMARY_PAYMENT_DETAILS_R,N_SIT_R,FCT_BENEFIT_PAYMENT_DETAIL_R,N_STATE_TAX_WITHHELD_AMT_R,SUM
Standalone Procedure,,PRC_LOAD_STG_GRP_CLAIM_SUMMARY_PAYMENT_DETAILS_R,PRC_LOAD_STG_GRP_CLAIM_SUMMARY_PAYMENT_DETAILS_R,STG_GRP_CLAIM_SUMMARY_PAYMENT_DETAILS_R,N_TAXABLE_BENEFITS_R,FCT_BENEFIT_PAYMENT_DETAIL_R,N_TAXABLE_BENEFIT_AMT_R,SUM
Standalone Procedure,,PRC_LOAD_STG_GRP_CLAIM_SUMMARY_PAYMENT_DETAILS_R,PRC_LOAD_STG_GRP_CLAIM_SUMMARY_PAYMENT_DETAILS_R,STG_GRP_CLAIM_SUMMARY_PAYMENT_DETAILS_R,N_WAGE_BASE_R,FCT_CLAIM_PAYMENT_DETAIL_R_MV3,N_PAID_AMOUNT_R,SUM
Standalone Procedure,,PRC_LOAD_STG_GRP_CLAIM_SUMMARY_PAYMENT_DETAILS_R,PRC_LOAD_STG_GRP_CLAIM_SUMMARY_PAYMENT_DETAILS_R,STG_GRP_CLAIM_SUMMARY_PAYMENT_DETAILS_R,V_CLAIM_IDENTIFIER_R,DIM_GRP_CLAIM_DETAIL_R_MV,V_CLAIM_IDENTIFIER_R,Direct
Standalone Procedure,,PRC_LOAD_STG_GRP_CLAIM_SUMMARY_RESERVE_AMTS_R,PRC_LOAD_STG_GRP_CLAIM_SUMMARY_RESERVE_AMTS_R,STG_GRP_CLAIM_SUMMARY_RESERVE_AMTS_R,D_CURR_FISCAL_DATE,,,Constant / Expression
Standalone Procedure,,PRC_LOAD_STG_GRP_CLAIM_SUMMARY_RESERVE_AMTS_R,PRC_LOAD_STG_GRP_CLAIM_SUMMARY_RESERVE_AMTS_R,STG_GRP_CLAIM_SUMMARY_RESERVE_AMTS_R,D_CYCLE_DATE_R,,,Constant / Expression
Standalone Procedure,,PRC_LOAD_STG_GRP_CLAIM_SUMMARY_RESERVE_AMTS_R,PRC_LOAD_STG_GRP_CLAIM_SUMMARY_RESERVE_AMTS_R,STG_GRP_CLAIM_SUMMARY_RESERVE_AMTS_R,D_MAXRESERVAL_DATE_R,,,Constant / Expression
Standalone Procedure,,PRC_LOAD_STG_GRP_CLAIM_SUMMARY_RESERVE_AMTS_R,PRC_LOAD_STG_GRP_CLAIM_SUMMARY_RESERVE_AMTS_R,STG_GRP_CLAIM_SUMMARY_RESERVE_AMTS_R,D_PAYMENT_LAST_DATE_R,FCT_CLAIM_PAYMENT_DETAIL_R_MV2,D_PAID_DATE_R,Direct
Standalone Procedure,,PRC_LOAD_STG_GRP_CLAIM_SUMMARY_RESERVE_AMTS_R,PRC_LOAD_STG_GRP_CLAIM_SUMMARY_RESERVE_AMTS_R,STG_GRP_CLAIM_SUMMARY_RESERVE_AMTS_R,D_PRIOR_FISCAL_DATE,,,Constant / Expression
Standalone Procedure,,PRC_LOAD_STG_GRP_CLAIM_SUMMARY_RESERVE_AMTS_R,PRC_LOAD_STG_GRP_CLAIM_SUMMARY_RESERVE_AMTS_R,STG_GRP_CLAIM_SUMMARY_RESERVE_AMTS_R,N_CHG_BE_RESERVE_DIRECT_AMT_R,FCT_LG_RESERVE_DETAILS_R,N_CHG_RSRV_DIRECT_BEST_ESTMT_R,MAX
Standalone Procedure,,PRC_LOAD_STG_GRP_CLAIM_SUMMARY_RESERVE_AMTS_R,PRC_LOAD_STG_GRP_CLAIM_SUMMARY_RESERVE_AMTS_R,STG_GRP_CLAIM_SUMMARY_RESERVE_AMTS_R,N_CHG_FIELD_RES_DIRECT_AMT_R,FCT_LG_RESERVE_DETAILS_R,N_CHG_RESERVE_DIRECT__FIELD__R,MAX
Standalone Procedure,,PRC_LOAD_STG_GRP_CLAIM_SUMMARY_RESERVE_AMTS_R,PRC_LOAD_STG_GRP_CLAIM_SUMMARY_RESERVE_AMTS_R,STG_GRP_CLAIM_SUMMARY_RESERVE_AMTS_R,N_CHG_GAAP_OS_DIRECT_AMT_R,FCT_LG_RESERVE_DETAILS_R,N_CHG_RESERVE_DIRECT__GAAP__R,SUM
Standalone Procedure,,PRC_LOAD_STG_GRP_CLAIM_SUMMARY_RESERVE_AMTS_R,PRC_LOAD_STG_GRP_CLAIM_SUMMARY_RESERVE_AMTS_R,STG_GRP_CLAIM_SUMMARY_RESERVE_AMTS_R,N_CHG_STAT_OS_DIRECT_AMT_R,FCT_LG_RESERVE_DETAILS_R,N_CHG_RESERVE_DIRECT__STAT__R,MAX
Standalone Procedure,,PRC_LOAD_STG_GRP_CLAIM_SUMMARY_RESERVE_AMTS_R,PRC_LOAD_STG_GRP_CLAIM_SUMMARY_RESERVE_AMTS_R,STG_GRP_CLAIM_SUMMARY_RESERVE_AMTS_R,N_CLAIM_COVERAGE_GROUP_SK_R,DIM_GRP_CLAIM_DETAIL_R_MV,N_CLAIM_COVERAGE_GROUP_SK_R,Direct
Standalone Procedure,,PRC_LOAD_STG_GRP_CLAIM_SUMMARY_RESERVE_AMTS_R,PRC_LOAD_STG_GRP_CLAIM_SUMMARY_RESERVE_AMTS_R,STG_GRP_CLAIM_SUMMARY_RESERVE_AMTS_R,N_CLAIM_COVERAGE_SK_R,DIM_GRP_CLAIM_DETAIL_R_MV,N_CLAIM_COVERAGE_SK_R,Direct
Standalone Procedure,,PRC_LOAD_STG_GRP_CLAIM_SUMMARY_RESERVE_AMTS_R,PRC_LOAD_STG_GRP_CLAIM_SUMMARY_RESERVE_AMTS_R,STG_GRP_CLAIM_SUMMARY_RESERVE_AMTS_R,N_CLAIM_SK_R,DIM_GRP_CLAIM_DETAIL_R_MV,N_CLAIM_SK_R,Direct
Standalone Procedure,,PRC_LOAD_STG_GRP_CLAIM_SUMMARY_RESERVE_AMTS_R,PRC_LOAD_STG_GRP_CLAIM_SUMMARY_RESERVE_AMTS_R,STG_GRP_CLAIM_SUMMARY_RESERVE_AMTS_R,N_CURR_BE_RESERVE_DIRECT_AMT_R,FCT_LG_RESERVE_DETAILS_R,N_RESERVE_DIRECT_BEST_ESTMT_R,MAX
Standalone Procedure,,PRC_LOAD_STG_GRP_CLAIM_SUMMARY_RESERVE_AMTS_R,PRC_LOAD_STG_GRP_CLAIM_SUMMARY_RESERVE_AMTS_R,STG_GRP_CLAIM_SUMMARY_RESERVE_AMTS_R,N_CURR_FIELD_RES_DIRECT_AMT_R,FCT_LG_RESERVE_DETAILS_R,N_RESERVE_DIRECT__FIELD__R,MAX
Standalone Procedure,,PRC_LOAD_STG_GRP_CLAIM_SUMMARY_RESERVE_AMTS_R,PRC_LOAD_STG_GRP_CLAIM_SUMMARY_RESERVE_AMTS_R,STG_GRP_CLAIM_SUMMARY_RESERVE_AMTS_R,N_CURR_GAAP_RESERVE_DIRECT_R,FCT_LG_RESERVE_DETAILS_R,N_RESERVE_DIRECT__GAAP__R,SUM
Standalone Procedure,,PRC_LOAD_STG_GRP_CLAIM_SUMMARY_RESERVE_AMTS_R,PRC_LOAD_STG_GRP_CLAIM_SUMMARY_RESERVE_AMTS_R,STG_GRP_CLAIM_SUMMARY_RESERVE_AMTS_R,N_CURR_STAT_RESERVE_DIRECT_R,FCT_LG_RESERVE_DETAILS_R,N_RESERVE_DIRECT__STAT__R,MAX
Standalone Procedure,,PRC_LOAD_STG_GRP_CLAIM_SUMMARY_RESERVE_AMTS_R,PRC_LOAD_STG_GRP_CLAIM_SUMMARY_RESERVE_AMTS_R,STG_GRP_CLAIM_SUMMARY_RESERVE_AMTS_R,N_POLICY_SK_R,DIM_GRP_CLAIM_DETAIL_R_MV,N_POLICY_SK_R,Direct
Standalone Procedure,,PRC_LOAD_STG_GRP_CLAIM_SUMMARY_RESERVE_AMTS_R,PRC_LOAD_STG_GRP_CLAIM_SUMMARY_RESERVE_AMTS_R,STG_GRP_CLAIM_SUMMARY_RESERVE_AMTS_R,T_EVENT_TIMESTAMP_R_1,DIM_GRP_CLAIM_DETAIL_R_MV,T_EVENT_TIMESTAMP_R_1,Direct
Standalone Procedure,,PRC_LOAD_STG_GRP_CLAIM_SUMMARY_RESERVE_AMTS_R,PRC_LOAD_STG_GRP_CLAIM_SUMMARY_RESERVE_AMTS_R,STG_GRP_CLAIM_SUMMARY_RESERVE_AMTS_R,T_EVENT_TIMESTAMP_R_2,DIM_GRP_CLAIM_DETAIL_R_MV,T_EVENT_TIMESTAMP_R_2,Direct
Standalone Procedure,,PRC_LOAD_STG_GRP_CLAIM_SUMMARY_RESERVE_AMTS_R,PRC_LOAD_STG_GRP_CLAIM_SUMMARY_RESERVE_AMTS_R,STG_GRP_CLAIM_SUMMARY_RESERVE_AMTS_R,V_CLAIM_COVERAGE_CODE_R,DIM_GRP_CLAIM_DETAIL_R_MV,V_CLAIM_COVERAGE_CODE_R,Direct
Standalone Procedure,,PRC_LOAD_STG_GRP_CLAIM_SUMMARY_RESERVE_AMTS_R,PRC_LOAD_STG_GRP_CLAIM_SUMMARY_RESERVE_AMTS_R,STG_GRP_CLAIM_SUMMARY_RESERVE_AMTS_R,V_CLAIM_IDENTIFIER_R,DIM_GRP_CLAIM_DETAIL_R_MV,V_CLAIM_IDENTIFIER_R,Direct
Standalone Procedure,,PRC_LOAD_STG_GRP_CLAIM_SUMMARY_RESERVE_AMTS_R,PRC_LOAD_STG_GRP_CLAIM_SUMMARY_RESERVE_AMTS_R,STG_GRP_CLAIM_SUMMARY_RESERVE_AMTS_R,V_CLAIM_NUMBER_R,DIM_GRP_CLAIM_DETAIL_R_MV,V_CLAIM_NUMBER_R,Direct
Standalone Procedure,,PRC_LOAD_STG_GRP_CLAIM_SUMMARY_RESERVE_AMTS_R,PRC_LOAD_STG_GRP_CLAIM_SUMMARY_RESERVE_AMTS_R,STG_GRP_CLAIM_SUMMARY_RESERVE_AMTS_R,V_CLAIM_STATUS_REASON_CODE_R,DIM_GRP_CLAIM_DETAIL_R_MV,V_CLAIM_STATUS_REASON_CODE_R,Direct
Standalone Procedure,,PRC_LOAD_STG_GRP_CLAIM_SUMMARY_RESERVE_AMTS_R,PRC_LOAD_STG_GRP_CLAIM_SUMMARY_RESERVE_AMTS_R,STG_GRP_CLAIM_SUMMARY_RESERVE_AMTS_R,V_POLICY_NUMBER_R,DIM_GRP_CLAIM_DETAIL_R_MV,V_POLICY_NUMBER_R,Direct
Standalone Procedure,,PRC_LOAD_STG_GRP_CLAIM_SUMMARY_RESERVE_AMTS_R,PRC_LOAD_STG_GRP_CLAIM_SUMMARY_RESERVE_AMTS_R,STG_GRP_CLAIM_SUMMARY_RESERVE_AMTS_R,V_REASON_CODE_R,DIM_GRP_CLAIM_DETAIL_R_MV,V_REASON_CODE_R,Direct
Standalone Procedure,,PRC_LOAD_STG_GRP_CLAIM_SUMMARY_RESERVE_AMTS_R,PRC_LOAD_STG_GRP_CLAIM_SUMMARY_RESERVE_AMTS_R,STG_GRP_CLAIM_SUMMARY_RESERVE_AMTS_R,V_REASON_FLAG_R,,,Constant / Expression
Standalone Procedure,,PROC_REFRESH_GRP_M_VIEW_TBLS__CLAIM_ACTIVITY_DATE_MV,PROC_REFRESH_GRP_M_VIEW_TBLS__CLAIM_ACTIVITY_DATE_MV,CLAIM_ACTIVITY_DATE_MV_TBL,MOST_RECENT_ACTIVITY_DATE,fct_grp_transactions_r,V_DC_TIMESTAMP_R,MAX -> CAST -> TO_DATE -> SUBSTR
Standalone Procedure,,PROC_REFRESH_GRP_M_VIEW_TBLS__CLAIM_ACTIVITY_DATE_MV,PROC_REFRESH_GRP_M_VIEW_TBLS__CLAIM_ACTIVITY_DATE_MV,CLAIM_ACTIVITY_DATE_MV_TBL,N_CLAIM_SK_R,dim_grp_claim_dir_r,n_claim_sk_r,Direct
Standalone Procedure,,PROC_REFRESH_GRP_M_VIEW_TBLS__CLAIM_ACTIVITY_DATE_MV,PROC_REFRESH_GRP_M_VIEW_TBLS__CLAIM_ACTIVITY_DATE_MV,CLAIM_ACTIVITY_DATE_MV_TBL,V_CLAIM_NUMBER_R,dim_grp_claim_dir_r,v_claim_number_r,Direct
Standalone Procedure,,PROC_REFRESH_GRP_M_VIEW_TBLS__CLAIM_ACTIVITY_DATE_MV,PROC_REFRESH_GRP_M_VIEW_TBLS__CLAIM_ACTIVITY_DATE_MV,FCT_PROC_EXEC_STATUS_LOG_R,N_BATCH_ID_R,FCT_PROC_EXEC_STATUS_LOG_R,LN_BATCH_ID_R,Direct
Standalone Procedure,,PROC_REFRESH_GRP_M_VIEW_TBLS__CLAIM_ACTIVITY_DATE_MV,PROC_REFRESH_GRP_M_VIEW_TBLS__CLAIM_ACTIVITY_DATE_MV,FCT_PROC_EXEC_STATUS_LOG_R,N_MIS_DATE_SKEY_R,,,Constant / Expression
Standalone Procedure,,PROC_REFRESH_GRP_M_VIEW_TBLS__CLAIM_ACTIVITY_DATE_MV,PROC_REFRESH_GRP_M_VIEW_TBLS__CLAIM_ACTIVITY_DATE_MV,FCT_PROC_EXEC_STATUS_LOG_R,N_SERIAL_NUM_R,FCT_PROC_EXEC_STATUS_LOG_R,N_MAX_SERIAL_NUM_R,Direct
Standalone Procedure,,PROC_REFRESH_GRP_M_VIEW_TBLS__CLAIM_ACTIVITY_DATE_MV,PROC_REFRESH_GRP_M_VIEW_TBLS__CLAIM_ACTIVITY_DATE_MV,FCT_PROC_EXEC_STATUS_LOG_R,T_EXECUTION_END_TIMESTAMP_R,,,Constant / Expression
Standalone Procedure,,PROC_REFRESH_GRP_M_VIEW_TBLS__CLAIM_ACTIVITY_DATE_MV,PROC_REFRESH_GRP_M_VIEW_TBLS__CLAIM_ACTIVITY_DATE_MV,FCT_PROC_EXEC_STATUS_LOG_R,T_EXECUTION_TIMESTAMP_R,,,Constant / Expression
Standalone Procedure,,PROC_REFRESH_GRP_M_VIEW_TBLS__CLAIM_ACTIVITY_DATE_MV,PROC_REFRESH_GRP_M_VIEW_TBLS__CLAIM_ACTIVITY_DATE_MV,FCT_PROC_EXEC_STATUS_LOG_R,V_PLSQL_BLOCK_NAME_R,FCT_PROC_EXEC_STATUS_LOG_R,P_MV_TBL_NAME,Direct
Standalone Procedure,,PROC_REFRESH_GRP_M_VIEW_TBLS__CLAIM_ACTIVITY_DATE_MV,PROC_REFRESH_GRP_M_VIEW_TBLS__CLAIM_ACTIVITY_DATE_MV,FCT_PROC_EXEC_STATUS_LOG_R,V_STATUS_R,,,Constant / Expression
Standalone Procedure,,PROC_REFRESH_GRP_M_VIEW_TBLS__CLAIM_DETAIL_MV,PROC_REFRESH_GRP_M_VIEW_TBLS__CLAIM_DETAIL_MV,FCT_PROC_EXEC_STATUS_LOG_R,N_BATCH_ID_R,FCT_PROC_EXEC_STATUS_LOG_R,LN_BATCH_ID_R,Direct
Standalone Procedure,,PROC_REFRESH_GRP_M_VIEW_TBLS__CLAIM_DETAIL_MV,PROC_REFRESH_GRP_M_VIEW_TBLS__CLAIM_DETAIL_MV,FCT_PROC_EXEC_STATUS_LOG_R,N_MIS_DATE_SKEY_R,,,Constant / Expression
Standalone Procedure,,PROC_REFRESH_GRP_M_VIEW_TBLS__CLAIM_DETAIL_MV,PROC_REFRESH_GRP_M_VIEW_TBLS__CLAIM_DETAIL_MV,FCT_PROC_EXEC_STATUS_LOG_R,N_SERIAL_NUM_R,FCT_PROC_EXEC_STATUS_LOG_R,N_MAX_SERIAL_NUM_R,Direct
Standalone Procedure,,PROC_REFRESH_GRP_M_VIEW_TBLS__CLAIM_DETAIL_MV,PROC_REFRESH_GRP_M_VIEW_TBLS__CLAIM_DETAIL_MV,FCT_PROC_EXEC_STATUS_LOG_R,T_EXECUTION_END_TIMESTAMP_R,,,Constant / Expression
Standalone Procedure,,PROC_REFRESH_GRP_M_VIEW_TBLS__CLAIM_DETAIL_MV,PROC_REFRESH_GRP_M_VIEW_TBLS__CLAIM_DETAIL_MV,FCT_PROC_EXEC_STATUS_LOG_R,T_EXECUTION_TIMESTAMP_R,,,Constant / Expression
Standalone Procedure,,PROC_REFRESH_GRP_M_VIEW_TBLS__CLAIM_DETAIL_MV,PROC_REFRESH_GRP_M_VIEW_TBLS__CLAIM_DETAIL_MV,FCT_PROC_EXEC_STATUS_LOG_R,V_PLSQL_BLOCK_NAME_R,FCT_PROC_EXEC_STATUS_LOG_R,P_MV_TBL_NAME,Direct
Standalone Procedure,,PROC_REFRESH_GRP_M_VIEW_TBLS__CLAIM_NOTE_TIER_MV,PROC_REFRESH_GRP_M_VIEW_TBLS__CLAIM_NOTE_TIER_MV,CLAIM_NOTE_TIER_MV_TBL,D_CREATED_DATE_R,FCT_GRP_CLAIM_NOTE_R,D_CREATED_DATE_R,Direct
Standalone Procedure,,PROC_REFRESH_GRP_M_VIEW_TBLS__CLAIM_NOTE_TIER_MV,PROC_REFRESH_GRP_M_VIEW_TBLS__CLAIM_NOTE_TIER_MV,CLAIM_NOTE_TIER_MV_TBL,N_CLAIM_SK_R,FCT_GRP_CLAIM_NOTE_R,N_CLAIM_SK_R,Direct
Standalone Procedure,,PROC_REFRESH_GRP_M_VIEW_TBLS__CLAIM_NOTE_TIER_MV,PROC_REFRESH_GRP_M_VIEW_TBLS__CLAIM_NOTE_TIER_MV,CLAIM_NOTE_TIER_MV_TBL,RANK,,,Constant / Expression
Standalone Procedure,,PROC_REFRESH_GRP_M_VIEW_TBLS__CLAIM_NOTE_TIER_MV,PROC_REFRESH_GRP_M_VIEW_TBLS__CLAIM_NOTE_TIER_MV,CLAIM_NOTE_TIER_MV_TBL,V_CLAIM_NUMBER_R,dim_grp_claim_dir_r,v_claim_number_r,Direct
Standalone Procedure,,PROC_REFRESH_GRP_M_VIEW_TBLS__CLAIM_NOTE_TIER_MV,PROC_REFRESH_GRP_M_VIEW_TBLS__CLAIM_NOTE_TIER_MV,CLAIM_NOTE_TIER_MV_TBL,V_TIER_R,FCT_GRP_CLAIM_NOTE_R,V_TIER_R,Direct
Standalone Procedure,,PROC_REFRESH_GRP_M_VIEW_TBLS__CLAIM_NOTE_TIER_MV,PROC_REFRESH_GRP_M_VIEW_TBLS__CLAIM_NOTE_TIER_MV,FCT_PROC_EXEC_STATUS_LOG_R,N_BATCH_ID_R,FCT_PROC_EXEC_STATUS_LOG_R,LN_BATCH_ID_R,Direct
Standalone Procedure,,PROC_REFRESH_GRP_M_VIEW_TBLS__CLAIM_NOTE_TIER_MV,PROC_REFRESH_GRP_M_VIEW_TBLS__CLAIM_NOTE_TIER_MV,FCT_PROC_EXEC_STATUS_LOG_R,N_MIS_DATE_SKEY_R,,,Constant / Expression
Standalone Procedure,,PROC_REFRESH_GRP_M_VIEW_TBLS__CLAIM_NOTE_TIER_MV,PROC_REFRESH_GRP_M_VIEW_TBLS__CLAIM_NOTE_TIER_MV,FCT_PROC_EXEC_STATUS_LOG_R,N_SERIAL_NUM_R,FCT_PROC_EXEC_STATUS_LOG_R,N_MAX_SERIAL_NUM_R,Direct
Standalone Procedure,,PROC_REFRESH_GRP_M_VIEW_TBLS__CLAIM_NOTE_TIER_MV,PROC_REFRESH_GRP_M_VIEW_TBLS__CLAIM_NOTE_TIER_MV,FCT_PROC_EXEC_STATUS_LOG_R,T_EXECUTION_END_TIMESTAMP_R,,,Constant / Expression
Standalone Procedure,,PROC_REFRESH_GRP_M_VIEW_TBLS__CLAIM_NOTE_TIER_MV,PROC_REFRESH_GRP_M_VIEW_TBLS__CLAIM_NOTE_TIER_MV,FCT_PROC_EXEC_STATUS_LOG_R,T_EXECUTION_TIMESTAMP_R,,,Constant / Expression
Standalone Procedure,,PROC_REFRESH_GRP_M_VIEW_TBLS__CLAIM_NOTE_TIER_MV,PROC_REFRESH_GRP_M_VIEW_TBLS__CLAIM_NOTE_TIER_MV,FCT_PROC_EXEC_STATUS_LOG_R,V_PLSQL_BLOCK_NAME_R,FCT_PROC_EXEC_STATUS_LOG_R,P_MV_TBL_NAME,Direct
Standalone Procedure,,PROC_REFRESH_GRP_M_VIEW_TBLS__CLAIM_NOTE_TIER_MV,PROC_REFRESH_GRP_M_VIEW_TBLS__CLAIM_NOTE_TIER_MV,FCT_PROC_EXEC_STATUS_LOG_R,V_STATUS_R,,,Constant / Expression
Standalone Procedure,,PROC_REFRESH_GRP_M_VIEW_TBLS__CLAIM_TIER_WFAM_MV,PROC_REFRESH_GRP_M_VIEW_TBLS__CLAIM_TIER_WFAM_MV,CLAIM_TIER_WFAM_MV_TBL,d_created_date_r_prd,fct_grp_claim_note_r,d_created_date_r,Direct
Standalone Procedure,,PROC_REFRESH_GRP_M_VIEW_TBLS__CLAIM_TIER_WFAM_MV,PROC_REFRESH_GRP_M_VIEW_TBLS__CLAIM_TIER_WFAM_MV,CLAIM_TIER_WFAM_MV_TBL,d_created_date_r_tier,fct_grp_claim_note_r,d_created_date_r,Direct
Standalone Procedure,,PROC_REFRESH_GRP_M_VIEW_TBLS__CLAIM_TIER_WFAM_MV,PROC_REFRESH_GRP_M_VIEW_TBLS__CLAIM_TIER_WFAM_MV,CLAIM_TIER_WFAM_MV_TBL,d_created_date_r_wfam,fct_grp_claim_note_r,d_created_date_r,Direct
Standalone Procedure,,PROC_REFRESH_GRP_M_VIEW_TBLS__CLAIM_TIER_WFAM_MV,PROC_REFRESH_GRP_M_VIEW_TBLS__CLAIM_TIER_WFAM_MV,CLAIM_TIER_WFAM_MV_TBL,d_prd_r,fct_grp_claim_note_r,D_PRD_R,Direct
Standalone Procedure,,PROC_REFRESH_GRP_M_VIEW_TBLS__CLAIM_TIER_WFAM_MV,PROC_REFRESH_GRP_M_VIEW_TBLS__CLAIM_TIER_WFAM_MV,CLAIM_TIER_WFAM_MV_TBL,n_claim_sk_r,dim_grp_claim_dir_r,n_claim_sk_r,Direct
Standalone Procedure,,PROC_REFRESH_GRP_M_VIEW_TBLS__CLAIM_TIER_WFAM_MV,PROC_REFRESH_GRP_M_VIEW_TBLS__CLAIM_TIER_WFAM_MV,CLAIM_TIER_WFAM_MV_TBL,rank_prd,,,Constant / Expression
Standalone Procedure,,PROC_REFRESH_GRP_M_VIEW_TBLS__CLAIM_TIER_WFAM_MV,PROC_REFRESH_GRP_M_VIEW_TBLS__CLAIM_TIER_WFAM_MV,CLAIM_TIER_WFAM_MV_TBL,rank_tier,,,Constant / Expression
Standalone Procedure,,PROC_REFRESH_GRP_M_VIEW_TBLS__CLAIM_TIER_WFAM_MV,PROC_REFRESH_GRP_M_VIEW_TBLS__CLAIM_TIER_WFAM_MV,CLAIM_TIER_WFAM_MV_TBL,rank_wfam,,,Constant / Expression
Standalone Procedure,,PROC_REFRESH_GRP_M_VIEW_TBLS__CLAIM_TIER_WFAM_MV,PROC_REFRESH_GRP_M_VIEW_TBLS__CLAIM_TIER_WFAM_MV,CLAIM_TIER_WFAM_MV_TBL,v_claim_number_r,dim_grp_claim_dir_r,v_claim_number_r,Direct
Standalone Procedure,,PROC_REFRESH_GRP_M_VIEW_TBLS__CLAIM_TIER_WFAM_MV,PROC_REFRESH_GRP_M_VIEW_TBLS__CLAIM_TIER_WFAM_MV,CLAIM_TIER_WFAM_MV_TBL,v_tier_r,fct_grp_claim_note_r,v_tier_r,Direct
Standalone Procedure,,PROC_REFRESH_GRP_M_VIEW_TBLS__CLAIM_TIER_WFAM_MV,PROC_REFRESH_GRP_M_VIEW_TBLS__CLAIM_TIER_WFAM_MV,CLAIM_TIER_WFAM_MV_TBL,v_wfam_r,fct_grp_claim_note_r,v_wfam_r,Direct
Standalone Procedure,,PROC_REFRESH_GRP_M_VIEW_TBLS__CLAIM_TIER_WFAM_MV,PROC_REFRESH_GRP_M_VIEW_TBLS__CLAIM_TIER_WFAM_MV,FCT_PROC_EXEC_STATUS_LOG_R,N_BATCH_ID_R,FCT_PROC_EXEC_STATUS_LOG_R,LN_BATCH_ID_R,Direct
Standalone Procedure,,PROC_REFRESH_GRP_M_VIEW_TBLS__CLAIM_TIER_WFAM_MV,PROC_REFRESH_GRP_M_VIEW_TBLS__CLAIM_TIER_WFAM_MV,FCT_PROC_EXEC_STATUS_LOG_R,N_MIS_DATE_SKEY_R,,,Constant / Expression
Standalone Procedure,,PROC_REFRESH_GRP_M_VIEW_TBLS__CLAIM_TIER_WFAM_MV,PROC_REFRESH_GRP_M_VIEW_TBLS__CLAIM_TIER_WFAM_MV,FCT_PROC_EXEC_STATUS_LOG_R,N_SERIAL_NUM_R,FCT_PROC_EXEC_STATUS_LOG_R,N_MAX_SERIAL_NUM_R,Direct
Standalone Procedure,,PROC_REFRESH_GRP_M_VIEW_TBLS__CLAIM_TIER_WFAM_MV,PROC_REFRESH_GRP_M_VIEW_TBLS__CLAIM_TIER_WFAM_MV,FCT_PROC_EXEC_STATUS_LOG_R,T_EXECUTION_END_TIMESTAMP_R,,,Constant / Expression
Standalone Procedure,,PROC_REFRESH_GRP_M_VIEW_TBLS__CLAIM_TIER_WFAM_MV,PROC_REFRESH_GRP_M_VIEW_TBLS__CLAIM_TIER_WFAM_MV,FCT_PROC_EXEC_STATUS_LOG_R,T_EXECUTION_TIMESTAMP_R,,,Constant / Expression
Standalone Procedure,,PROC_REFRESH_GRP_M_VIEW_TBLS__CLAIM_TIER_WFAM_MV,PROC_REFRESH_GRP_M_VIEW_TBLS__CLAIM_TIER_WFAM_MV,FCT_PROC_EXEC_STATUS_LOG_R,V_PLSQL_BLOCK_NAME_R,FCT_PROC_EXEC_STATUS_LOG_R,P_MV_TBL_NAME,Direct
Standalone Procedure,,PROC_REFRESH_GRP_M_VIEW_TBLS__CLAIM_TIER_WFAM_MV,PROC_REFRESH_GRP_M_VIEW_TBLS__CLAIM_TIER_WFAM_MV,FCT_PROC_EXEC_STATUS_LOG_R,V_STATUS_R,,,Constant / Expression
Standalone Procedure,,PROC_REFRESH_GRP_M_VIEW_TBLS__FCT_BENEFIT_PAYMENT_DETAIL_OFFSET_MV,PROC_REFRESH_GRP_M_VIEW_TBLS__FCT_BENEFIT_PAYMENT_DETAIL_OFFSET_MV,FCT_PROC_EXEC_STATUS_LOG_R,N_BATCH_ID_R,FCT_PROC_EXEC_STATUS_LOG_R,LN_BATCH_ID_R,Direct
Standalone Procedure,,PROC_REFRESH_GRP_M_VIEW_TBLS__FCT_BENEFIT_PAYMENT_DETAIL_OFFSET_MV,PROC_REFRESH_GRP_M_VIEW_TBLS__FCT_BENEFIT_PAYMENT_DETAIL_OFFSET_MV,FCT_PROC_EXEC_STATUS_LOG_R,N_MIS_DATE_SKEY_R,,,Constant / Expression
Standalone Procedure,,PROC_REFRESH_GRP_M_VIEW_TBLS__FCT_BENEFIT_PAYMENT_DETAIL_OFFSET_MV,PROC_REFRESH_GRP_M_VIEW_TBLS__FCT_BENEFIT_PAYMENT_DETAIL_OFFSET_MV,FCT_PROC_EXEC_STATUS_LOG_R,N_SERIAL_NUM_R,FCT_PROC_EXEC_STATUS_LOG_R,N_MAX_SERIAL_NUM_R,Direct
Standalone Procedure,,PROC_REFRESH_GRP_M_VIEW_TBLS__FCT_BENEFIT_PAYMENT_DETAIL_OFFSET_MV,PROC_REFRESH_GRP_M_VIEW_TBLS__FCT_BENEFIT_PAYMENT_DETAIL_OFFSET_MV,FCT_PROC_EXEC_STATUS_LOG_R,T_EXECUTION_END_TIMESTAMP_R,,,Constant / Expression
Standalone Procedure,,PROC_REFRESH_GRP_M_VIEW_TBLS__FCT_BENEFIT_PAYMENT_DETAIL_OFFSET_MV,PROC_REFRESH_GRP_M_VIEW_TBLS__FCT_BENEFIT_PAYMENT_DETAIL_OFFSET_MV,FCT_PROC_EXEC_STATUS_LOG_R,T_EXECUTION_TIMESTAMP_R,,,Constant / Expression
Standalone Procedure,,PROC_REFRESH_GRP_M_VIEW_TBLS__FCT_BENEFIT_PAYMENT_DETAIL_OFFSET_MV,PROC_REFRESH_GRP_M_VIEW_TBLS__FCT_BENEFIT_PAYMENT_DETAIL_OFFSET_MV,FCT_PROC_EXEC_STATUS_LOG_R,V_PLSQL_BLOCK_NAME_R,FCT_PROC_EXEC_STATUS_LOG_R,P_MV_TBL_NAME,Direct
Standalone Procedure,,PROC_REFRESH_GRP_M_VIEW_TBLS__FCT_BENEFIT_PAYMENT_DETAIL_R_MV,PROC_REFRESH_GRP_M_VIEW_TBLS__FCT_BENEFIT_PAYMENT_DETAIL_R_MV,FCT_BENEFIT_PAYMENT_DETAIL_R_MV_TBL,n_amount_r,fct_benefit_payment_detail_r,n_amount_r,Direct
Standalone Procedure,,PROC_REFRESH_GRP_M_VIEW_TBLS__FCT_BENEFIT_PAYMENT_DETAIL_R_MV,PROC_REFRESH_GRP_M_VIEW_TBLS__FCT_BENEFIT_PAYMENT_DETAIL_R_MV,FCT_BENEFIT_PAYMENT_DETAIL_R_MV_TBL,n_claim_sk_r,fct_benefit_payment_detail_r,n_claim_sk_r,Direct
Standalone Procedure,,PROC_REFRESH_GRP_M_VIEW_TBLS__FCT_BENEFIT_PAYMENT_DETAIL_R_MV,PROC_REFRESH_GRP_M_VIEW_TBLS__FCT_BENEFIT_PAYMENT_DETAIL_R_MV,FCT_BENEFIT_PAYMENT_DETAIL_R_MV_TBL,n_policy_sk_r,fct_benefit_payment_detail_r,n_policy_sk_r,Direct
Standalone Procedure,,PROC_REFRESH_GRP_M_VIEW_TBLS__FCT_BENEFIT_PAYMENT_DETAIL_R_MV,PROC_REFRESH_GRP_M_VIEW_TBLS__FCT_BENEFIT_PAYMENT_DETAIL_R_MV,FCT_BENEFIT_PAYMENT_DETAIL_R_MV_TBL,v_benefit_code_r,fct_benefit_payment_detail_r,v_benefit_code_r,Direct
Standalone Procedure,,PROC_REFRESH_GRP_M_VIEW_TBLS__FCT_BENEFIT_PAYMENT_DETAIL_R_MV,PROC_REFRESH_GRP_M_VIEW_TBLS__FCT_BENEFIT_PAYMENT_DETAIL_R_MV,FCT_PROC_EXEC_STATUS_LOG_R,N_BATCH_ID_R,FCT_PROC_EXEC_STATUS_LOG_R,LN_BATCH_ID_R,Direct
Standalone Procedure,,PROC_REFRESH_GRP_M_VIEW_TBLS__FCT_BENEFIT_PAYMENT_DETAIL_R_MV,PROC_REFRESH_GRP_M_VIEW_TBLS__FCT_BENEFIT_PAYMENT_DETAIL_R_MV,FCT_PROC_EXEC_STATUS_LOG_R,N_MIS_DATE_SKEY_R,,,Constant / Expression
Standalone Procedure,,PROC_REFRESH_GRP_M_VIEW_TBLS__FCT_BENEFIT_PAYMENT_DETAIL_R_MV,PROC_REFRESH_GRP_M_VIEW_TBLS__FCT_BENEFIT_PAYMENT_DETAIL_R_MV,FCT_PROC_EXEC_STATUS_LOG_R,N_SERIAL_NUM_R,FCT_PROC_EXEC_STATUS_LOG_R,N_MAX_SERIAL_NUM_R,Direct
Standalone Procedure,,PROC_REFRESH_GRP_M_VIEW_TBLS__FCT_BENEFIT_PAYMENT_DETAIL_R_MV,PROC_REFRESH_GRP_M_VIEW_TBLS__FCT_BENEFIT_PAYMENT_DETAIL_R_MV,FCT_PROC_EXEC_STATUS_LOG_R,T_EXECUTION_END_TIMESTAMP_R,,,Constant / Expression
Standalone Procedure,,PROC_REFRESH_GRP_M_VIEW_TBLS__FCT_BENEFIT_PAYMENT_DETAIL_R_MV,PROC_REFRESH_GRP_M_VIEW_TBLS__FCT_BENEFIT_PAYMENT_DETAIL_R_MV,FCT_PROC_EXEC_STATUS_LOG_R,T_EXECUTION_TIMESTAMP_R,,,Constant / Expression
Standalone Procedure,,PROC_REFRESH_GRP_M_VIEW_TBLS__FCT_BENEFIT_PAYMENT_DETAIL_R_MV,PROC_REFRESH_GRP_M_VIEW_TBLS__FCT_BENEFIT_PAYMENT_DETAIL_R_MV,FCT_PROC_EXEC_STATUS_LOG_R,V_PLSQL_BLOCK_NAME_R,FCT_PROC_EXEC_STATUS_LOG_R,P_MV_TBL_NAME,Direct
Standalone Procedure,,PROC_REFRESH_GRP_M_VIEW_TBLS__FCT_BENEFIT_PAYMENT_DETAIL_R_MV,PROC_REFRESH_GRP_M_VIEW_TBLS__FCT_BENEFIT_PAYMENT_DETAIL_R_MV,FCT_PROC_EXEC_STATUS_LOG_R,V_STATUS_R,,,Constant / Expression
Standalone Procedure,,PROC_REFRESH_GRP_M_VIEW_TBLS__FCT_CLAIM_PAYMENT_SUMMARY_MV_TBL,PROC_REFRESH_GRP_M_VIEW_TBLS__FCT_CLAIM_PAYMENT_SUMMARY_MV_TBL,FCT_CLAIM_PAYMENT_SUMMARY_MV_TBL,N_CLAIM_COVERAGE_GROUP_SK_R,FCT_CLAIM_PAYMENT_DETAIL_R,N_CLAIM_COVERAGE_GROUP_SK_R,Direct
Standalone Procedure,,PROC_REFRESH_GRP_M_VIEW_TBLS__FCT_CLAIM_PAYMENT_SUMMARY_MV_TBL,PROC_REFRESH_GRP_M_VIEW_TBLS__FCT_CLAIM_PAYMENT_SUMMARY_MV_TBL,FCT_CLAIM_PAYMENT_SUMMARY_MV_TBL,N_FISCAL_YEAR_R,DIM_TIME_R,N_FISCAL_YEAR_R,Direct
Standalone Procedure,,PROC_REFRESH_GRP_M_VIEW_TBLS__FCT_CLAIM_PAYMENT_SUMMARY_MV_TBL,PROC_REFRESH_GRP_M_VIEW_TBLS__FCT_CLAIM_PAYMENT_SUMMARY_MV_TBL,FCT_CLAIM_PAYMENT_SUMMARY_MV_TBL,N_QUARTER_R,DIM_TIME_R,N_QUARTER_R,Direct
Standalone Procedure,,PROC_REFRESH_GRP_M_VIEW_TBLS__FCT_CLAIM_PAYMENT_SUMMARY_MV_TBL,PROC_REFRESH_GRP_M_VIEW_TBLS__FCT_CLAIM_PAYMENT_SUMMARY_MV_TBL,FCT_CLAIM_PAYMENT_SUMMARY_MV_TBL,QTD_FICA,FCT_CLAIM_PAYMENT_DETAIL_R,N_PAID_AMOUNT_R,SUM -> case-when
Standalone Procedure,,PROC_REFRESH_GRP_M_VIEW_TBLS__FCT_CLAIM_PAYMENT_SUMMARY_MV_TBL,PROC_REFRESH_GRP_M_VIEW_TBLS__FCT_CLAIM_PAYMENT_SUMMARY_MV_TBL,FCT_CLAIM_PAYMENT_SUMMARY_MV_TBL,QTD_FICA_WAGE_BASE,FCT_CLAIM_PAYMENT_DETAIL_R,N_SS_WAGE_BASE_R,SUM -> case-when
Standalone Procedure,,PROC_REFRESH_GRP_M_VIEW_TBLS__FCT_CLAIM_PAYMENT_SUMMARY_MV_TBL,PROC_REFRESH_GRP_M_VIEW_TBLS__FCT_CLAIM_PAYMENT_SUMMARY_MV_TBL,FCT_CLAIM_PAYMENT_SUMMARY_MV_TBL,QTD_FIT,FCT_CLAIM_PAYMENT_DETAIL_R,N_PAID_AMOUNT_R,SUM -> case-when
Standalone Procedure,,PROC_REFRESH_GRP_M_VIEW_TBLS__FCT_CLAIM_PAYMENT_SUMMARY_MV_TBL,PROC_REFRESH_GRP_M_VIEW_TBLS__FCT_CLAIM_PAYMENT_SUMMARY_MV_TBL,FCT_CLAIM_PAYMENT_SUMMARY_MV_TBL,QTD_FUTA,FCT_CLAIM_PAYMENT_DETAIL_R,N_PAID_AMOUNT_R,SUM -> case-when
Standalone Procedure,,PROC_REFRESH_GRP_M_VIEW_TBLS__FCT_CLAIM_PAYMENT_SUMMARY_MV_TBL,PROC_REFRESH_GRP_M_VIEW_TBLS__FCT_CLAIM_PAYMENT_SUMMARY_MV_TBL,FCT_CLAIM_PAYMENT_SUMMARY_MV_TBL,QTD_GROSS_AMNT,FCT_CLAIM_PAYMENT_DETAIL_R,N_PAID_AMOUNT_R,SUM
Standalone Procedure,,PROC_REFRESH_GRP_M_VIEW_TBLS__FCT_CLAIM_PAYMENT_SUMMARY_MV_TBL,PROC_REFRESH_GRP_M_VIEW_TBLS__FCT_CLAIM_PAYMENT_SUMMARY_MV_TBL,FCT_CLAIM_PAYMENT_SUMMARY_MV_TBL,QTD_MEDICARE_TAX,FCT_CLAIM_PAYMENT_DETAIL_R,N_PAID_AMOUNT_R,SUM -> case-when
Standalone Procedure,,PROC_REFRESH_GRP_M_VIEW_TBLS__FCT_CLAIM_PAYMENT_SUMMARY_MV_TBL,PROC_REFRESH_GRP_M_VIEW_TBLS__FCT_CLAIM_PAYMENT_SUMMARY_MV_TBL,FCT_CLAIM_PAYMENT_SUMMARY_MV_TBL,QTD_MEDICARE_WAGE_BASE,FCT_CLAIM_PAYMENT_DETAIL_R,N_MED_WAGE_BASE_R,SUM -> case-when
Standalone Procedure,,PROC_REFRESH_GRP_M_VIEW_TBLS__FCT_CLAIM_PAYMENT_SUMMARY_MV_TBL,PROC_REFRESH_GRP_M_VIEW_TBLS__FCT_CLAIM_PAYMENT_SUMMARY_MV_TBL,FCT_CLAIM_PAYMENT_SUMMARY_MV_TBL,QTD_NET_AMT,FCT_CLAIM_PAYMENT_DETAIL_R,N_PAID_AMOUNT_R,SUM -> case-when
Standalone Procedure,,PROC_REFRESH_GRP_M_VIEW_TBLS__FCT_CLAIM_PAYMENT_SUMMARY_MV_TBL,PROC_REFRESH_GRP_M_VIEW_TBLS__FCT_CLAIM_PAYMENT_SUMMARY_MV_TBL,FCT_CLAIM_PAYMENT_SUMMARY_MV_TBL,QTD_NON_TAXABLE_BENEFITS,FCT_CLAIM_PAYMENT_DETAIL_R,N_PAID_AMOUNT_R,SUM
Standalone Procedure,,PROC_REFRESH_GRP_M_VIEW_TBLS__FCT_CLAIM_PAYMENT_SUMMARY_MV_TBL,PROC_REFRESH_GRP_M_VIEW_TBLS__FCT_CLAIM_PAYMENT_SUMMARY_MV_TBL,FCT_CLAIM_PAYMENT_SUMMARY_MV_TBL,QTD_NON_TAXABLE_BENEFITS,FCT_CLAIM_PAYMENT_DETAIL_R,N_TAXABLE_BENEFIT_AMT_R,SUM
Standalone Procedure,,PROC_REFRESH_GRP_M_VIEW_TBLS__FCT_CLAIM_PAYMENT_SUMMARY_MV_TBL,PROC_REFRESH_GRP_M_VIEW_TBLS__FCT_CLAIM_PAYMENT_SUMMARY_MV_TBL,FCT_CLAIM_PAYMENT_SUMMARY_MV_TBL,QTD_SIT,FCT_CLAIM_PAYMENT_DETAIL_R,N_PAID_AMOUNT_R,SUM -> case-when
Standalone Procedure,,PROC_REFRESH_GRP_M_VIEW_TBLS__FCT_CLAIM_PAYMENT_SUMMARY_MV_TBL,PROC_REFRESH_GRP_M_VIEW_TBLS__FCT_CLAIM_PAYMENT_SUMMARY_MV_TBL,FCT_CLAIM_PAYMENT_SUMMARY_MV_TBL,QTD_TAXABLE_BENEFITS,FCT_CLAIM_PAYMENT_DETAIL_R,N_TAXABLE_BENEFIT_AMT_R,SUM
Standalone Procedure,,PROC_REFRESH_GRP_M_VIEW_TBLS__FCT_CLAIM_PAYMENT_SUMMARY_MV_TBL,PROC_REFRESH_GRP_M_VIEW_TBLS__FCT_CLAIM_PAYMENT_SUMMARY_MV_TBL,FCT_CLAIM_PAYMENT_SUMMARY_MV_TBL,V_CLAIM_NUMBER_R,FCT_CLAIM_PAYMENT_DETAIL_R,V_CLAIM_NUMBER_R,Direct
Standalone Procedure,,PROC_REFRESH_GRP_M_VIEW_TBLS__FCT_CLAIM_PAYMENT_SUMMARY_MV_TBL,PROC_REFRESH_GRP_M_VIEW_TBLS__FCT_CLAIM_PAYMENT_SUMMARY_MV_TBL,FCT_CLAIM_PAYMENT_SUMMARY_MV_TBL,V_COVERAGE_CODE_R,FCT_CLAIM_PAYMENT_DETAIL_R,V_COVERAGE_CODE_R,Direct
Standalone Procedure,,PROC_REFRESH_GRP_M_VIEW_TBLS__FCT_CLAIM_PAYMENT_SUMMARY_MV_TBL,PROC_REFRESH_GRP_M_VIEW_TBLS__FCT_CLAIM_PAYMENT_SUMMARY_MV_TBL,FCT_CLAIM_PAYMENT_SUMMARY_MV_TBL,YTD_FICA,FCT_CLAIM_PAYMENT_DETAIL_R,N_PAID_AMOUNT_R,SUM -> case-when
Standalone Procedure,,PROC_REFRESH_GRP_M_VIEW_TBLS__FCT_CLAIM_PAYMENT_SUMMARY_MV_TBL,PROC_REFRESH_GRP_M_VIEW_TBLS__FCT_CLAIM_PAYMENT_SUMMARY_MV_TBL,FCT_CLAIM_PAYMENT_SUMMARY_MV_TBL,YTD_FICA_WAGE_BASE,FCT_CLAIM_PAYMENT_DETAIL_R,N_SS_WAGE_BASE_R,SUM -> case-when
Standalone Procedure,,PROC_REFRESH_GRP_M_VIEW_TBLS__FCT_CLAIM_PAYMENT_SUMMARY_MV_TBL,PROC_REFRESH_GRP_M_VIEW_TBLS__FCT_CLAIM_PAYMENT_SUMMARY_MV_TBL,FCT_CLAIM_PAYMENT_SUMMARY_MV_TBL,YTD_FIT,FCT_CLAIM_PAYMENT_DETAIL_R,N_PAID_AMOUNT_R,SUM -> case-when
Standalone Procedure,,PROC_REFRESH_GRP_M_VIEW_TBLS__FCT_CLAIM_PAYMENT_SUMMARY_MV_TBL,PROC_REFRESH_GRP_M_VIEW_TBLS__FCT_CLAIM_PAYMENT_SUMMARY_MV_TBL,FCT_CLAIM_PAYMENT_SUMMARY_MV_TBL,YTD_FUTA,FCT_CLAIM_PAYMENT_DETAIL_R,N_PAID_AMOUNT_R,SUM -> case-when
Standalone Procedure,,PROC_REFRESH_GRP_M_VIEW_TBLS__FCT_CLAIM_PAYMENT_SUMMARY_MV_TBL,PROC_REFRESH_GRP_M_VIEW_TBLS__FCT_CLAIM_PAYMENT_SUMMARY_MV_TBL,FCT_CLAIM_PAYMENT_SUMMARY_MV_TBL,YTD_GROSS_AMNT,FCT_CLAIM_PAYMENT_DETAIL_R,N_PAID_AMOUNT_R,SUM
Standalone Procedure,,PROC_REFRESH_GRP_M_VIEW_TBLS__FCT_CLAIM_PAYMENT_SUMMARY_MV_TBL,PROC_REFRESH_GRP_M_VIEW_TBLS__FCT_CLAIM_PAYMENT_SUMMARY_MV_TBL,FCT_CLAIM_PAYMENT_SUMMARY_MV_TBL,YTD_MEDICARE_TAX,FCT_CLAIM_PAYMENT_DETAIL_R,N_PAID_AMOUNT_R,SUM -> case-when
Standalone Procedure,,PROC_REFRESH_GRP_M_VIEW_TBLS__FCT_CLAIM_PAYMENT_SUMMARY_MV_TBL,PROC_REFRESH_GRP_M_VIEW_TBLS__FCT_CLAIM_PAYMENT_SUMMARY_MV_TBL,FCT_CLAIM_PAYMENT_SUMMARY_MV_TBL,YTD_MEDICARE_WAGE_BASE,FCT_CLAIM_PAYMENT_DETAIL_R,N_MED_WAGE_BASE_R,SUM -> case-when
Standalone Procedure,,PROC_REFRESH_GRP_M_VIEW_TBLS__FCT_CLAIM_PAYMENT_SUMMARY_MV_TBL,PROC_REFRESH_GRP_M_VIEW_TBLS__FCT_CLAIM_PAYMENT_SUMMARY_MV_TBL,FCT_CLAIM_PAYMENT_SUMMARY_MV_TBL,YTD_NET_AMT,FCT_CLAIM_PAYMENT_DETAIL_R,N_PAID_AMOUNT_R,SUM -> case-when
Standalone Procedure,,PROC_REFRESH_GRP_M_VIEW_TBLS__FCT_CLAIM_PAYMENT_SUMMARY_MV_TBL,PROC_REFRESH_GRP_M_VIEW_TBLS__FCT_CLAIM_PAYMENT_SUMMARY_MV_TBL,FCT_CLAIM_PAYMENT_SUMMARY_MV_TBL,YTD_NON_TAXABLE_BENEFITS,FCT_CLAIM_PAYMENT_DETAIL_R,N_PAID_AMOUNT_R,SUM
Standalone Procedure,,PROC_REFRESH_GRP_M_VIEW_TBLS__FCT_CLAIM_PAYMENT_SUMMARY_MV_TBL,PROC_REFRESH_GRP_M_VIEW_TBLS__FCT_CLAIM_PAYMENT_SUMMARY_MV_TBL,FCT_CLAIM_PAYMENT_SUMMARY_MV_TBL,YTD_NON_TAXABLE_BENEFITS,FCT_CLAIM_PAYMENT_DETAIL_R,N_TAXABLE_BENEFIT_AMT_R,SUM
Standalone Procedure,,PROC_REFRESH_GRP_M_VIEW_TBLS__FCT_CLAIM_PAYMENT_SUMMARY_MV_TBL,PROC_REFRESH_GRP_M_VIEW_TBLS__FCT_CLAIM_PAYMENT_SUMMARY_MV_TBL,FCT_CLAIM_PAYMENT_SUMMARY_MV_TBL,YTD_SIT,FCT_CLAIM_PAYMENT_DETAIL_R,N_PAID_AMOUNT_R,SUM -> case-when
Standalone Procedure,,PROC_REFRESH_GRP_M_VIEW_TBLS__FCT_CLAIM_PAYMENT_SUMMARY_MV_TBL,PROC_REFRESH_GRP_M_VIEW_TBLS__FCT_CLAIM_PAYMENT_SUMMARY_MV_TBL,FCT_CLAIM_PAYMENT_SUMMARY_MV_TBL,YTD_TAXABLE_BENEFITS,FCT_CLAIM_PAYMENT_DETAIL_R,N_TAXABLE_BENEFIT_AMT_R,SUM
Standalone Procedure,,PROC_REFRESH_GRP_M_VIEW_TBLS__FCT_CLAIM_PAYMENT_SUMMARY_MV_TBL,PROC_REFRESH_GRP_M_VIEW_TBLS__FCT_CLAIM_PAYMENT_SUMMARY_MV_TBL,FCT_PROC_EXEC_STATUS_LOG_R,N_BATCH_ID_R,FCT_PROC_EXEC_STATUS_LOG_R,LN_BATCH_ID_R,Direct
Standalone Procedure,,PROC_REFRESH_GRP_M_VIEW_TBLS__FCT_CLAIM_PAYMENT_SUMMARY_MV_TBL,PROC_REFRESH_GRP_M_VIEW_TBLS__FCT_CLAIM_PAYMENT_SUMMARY_MV_TBL,FCT_PROC_EXEC_STATUS_LOG_R,N_MIS_DATE_SKEY_R,,,Constant / Expression
Standalone Procedure,,PROC_REFRESH_GRP_M_VIEW_TBLS__FCT_CLAIM_PAYMENT_SUMMARY_MV_TBL,PROC_REFRESH_GRP_M_VIEW_TBLS__FCT_CLAIM_PAYMENT_SUMMARY_MV_TBL,FCT_PROC_EXEC_STATUS_LOG_R,N_SERIAL_NUM_R,FCT_PROC_EXEC_STATUS_LOG_R,N_MAX_SERIAL_NUM_R,Direct
Standalone Procedure,,PROC_REFRESH_GRP_M_VIEW_TBLS__FCT_CLAIM_PAYMENT_SUMMARY_MV_TBL,PROC_REFRESH_GRP_M_VIEW_TBLS__FCT_CLAIM_PAYMENT_SUMMARY_MV_TBL,FCT_PROC_EXEC_STATUS_LOG_R,T_EXECUTION_END_TIMESTAMP_R,,,Constant / Expression
Standalone Procedure,,PROC_REFRESH_GRP_M_VIEW_TBLS__FCT_CLAIM_PAYMENT_SUMMARY_MV_TBL,PROC_REFRESH_GRP_M_VIEW_TBLS__FCT_CLAIM_PAYMENT_SUMMARY_MV_TBL,FCT_PROC_EXEC_STATUS_LOG_R,T_EXECUTION_TIMESTAMP_R,,,Constant / Expression
Standalone Procedure,,PROC_REFRESH_GRP_M_VIEW_TBLS__FCT_CLAIM_PAYMENT_SUMMARY_MV_TBL,PROC_REFRESH_GRP_M_VIEW_TBLS__FCT_CLAIM_PAYMENT_SUMMARY_MV_TBL,FCT_PROC_EXEC_STATUS_LOG_R,V_PLSQL_BLOCK_NAME_R,FCT_PROC_EXEC_STATUS_LOG_R,P_MV_TBL_NAME,Direct
Standalone Procedure,,PROC_REFRESH_GRP_M_VIEW_TBLS__FCT_CLAIM_PAYMENT_SUMMARY_MV_TBL,PROC_REFRESH_GRP_M_VIEW_TBLS__FCT_CLAIM_PAYMENT_SUMMARY_MV_TBL,FCT_PROC_EXEC_STATUS_LOG_R,V_STATUS_R,,,Constant / Expression
Standalone Procedure,,PROC_REFRESH_GRP_M_VIEW_TBLS__FCT_RPT_EOI_HISTORY_R_MV_TBL,PROC_REFRESH_GRP_M_VIEW_TBLS__FCT_RPT_EOI_HISTORY_R_MV_TBL,FCT_PROC_EXEC_STATUS_LOG_R,N_BATCH_ID_R,FCT_PROC_EXEC_STATUS_LOG_R,LN_BATCH_ID_R,Direct
Standalone Procedure,,PROC_REFRESH_GRP_M_VIEW_TBLS__FCT_RPT_EOI_HISTORY_R_MV_TBL,PROC_REFRESH_GRP_M_VIEW_TBLS__FCT_RPT_EOI_HISTORY_R_MV_TBL,FCT_PROC_EXEC_STATUS_LOG_R,N_MIS_DATE_SKEY_R,,,Constant / Expression
Standalone Procedure,,PROC_REFRESH_GRP_M_VIEW_TBLS__FCT_RPT_EOI_HISTORY_R_MV_TBL,PROC_REFRESH_GRP_M_VIEW_TBLS__FCT_RPT_EOI_HISTORY_R_MV_TBL,FCT_PROC_EXEC_STATUS_LOG_R,N_SERIAL_NUM_R,FCT_PROC_EXEC_STATUS_LOG_R,N_MAX_SERIAL_NUM_R,Direct
Standalone Procedure,,PROC_REFRESH_GRP_M_VIEW_TBLS__FCT_RPT_EOI_HISTORY_R_MV_TBL,PROC_REFRESH_GRP_M_VIEW_TBLS__FCT_RPT_EOI_HISTORY_R_MV_TBL,FCT_PROC_EXEC_STATUS_LOG_R,T_EXECUTION_END_TIMESTAMP_R,,,Constant / Expression
Standalone Procedure,,PROC_REFRESH_GRP_M_VIEW_TBLS__FCT_RPT_EOI_HISTORY_R_MV_TBL,PROC_REFRESH_GRP_M_VIEW_TBLS__FCT_RPT_EOI_HISTORY_R_MV_TBL,FCT_PROC_EXEC_STATUS_LOG_R,T_EXECUTION_TIMESTAMP_R,,,Constant / Expression
Standalone Procedure,,PROC_REFRESH_GRP_M_VIEW_TBLS__FCT_RPT_EOI_HISTORY_R_MV_TBL,PROC_REFRESH_GRP_M_VIEW_TBLS__FCT_RPT_EOI_HISTORY_R_MV_TBL,FCT_PROC_EXEC_STATUS_LOG_R,V_PLSQL_BLOCK_NAME_R,FCT_PROC_EXEC_STATUS_LOG_R,P_MV_TBL_NAME,Direct
Standalone Procedure,,PROC_REFRESH_GRP_M_VIEW_TBLS__FCT_RPT_EOI_HISTORY_R_MV_TBL,PROC_REFRESH_GRP_M_VIEW_TBLS__FCT_RPT_EOI_HISTORY_R_MV_TBL,FCT_PROC_EXEC_STATUS_LOG_R,V_STATUS_R,,,Constant / Expression
Standalone Procedure,,PROC_REFRESH_GRP_M_VIEW_TBLS__FCT_RPT_EOI_HISTORY_R_MV_TBL,PROC_REFRESH_GRP_M_VIEW_TBLS__FCT_RPT_EOI_HISTORY_R_MV_TBL,FCT_RPT_EOI_HISTORY_R_MV_TBL,APP_BUCKET,,,Constant / Expression
Standalone Procedure,,PROC_REFRESH_GRP_M_VIEW_TBLS__FCT_RPT_EOI_HISTORY_R_MV_TBL,PROC_REFRESH_GRP_M_VIEW_TBLS__FCT_RPT_EOI_HISTORY_R_MV_TBL,FCT_RPT_EOI_HISTORY_R_MV_TBL,D_APPLICATION_ENTRY_DATE_R,FCT_RPT_EOI_HISTORY_R,D_APPLICATION_ENTRY_DATE_R,Direct
Standalone Procedure,,PROC_REFRESH_GRP_M_VIEW_TBLS__FCT_RPT_EOI_HISTORY_R_MV_TBL,PROC_REFRESH_GRP_M_VIEW_TBLS__FCT_RPT_EOI_HISTORY_R_MV_TBL,FCT_RPT_EOI_HISTORY_R_MV_TBL,D_APP_ENTRY_DATE_R,FCT_RPT_EOI_HISTORY_R,D_APPLICATION_ENTRY_DATE_R,MAX
Standalone Procedure,,PROC_REFRESH_GRP_M_VIEW_TBLS__FCT_RPT_EOI_HISTORY_R_MV_TBL,PROC_REFRESH_GRP_M_VIEW_TBLS__FCT_RPT_EOI_HISTORY_R_MV_TBL,FCT_RPT_EOI_HISTORY_R_MV_TBL,D_CHILD_GI_EFFECTIVE_DATE_R,FCT_RPT_EOI_HISTORY_R,D_CHILD_GI_EFFECTIVE_DATE_R,Direct
Standalone Procedure,,PROC_REFRESH_GRP_M_VIEW_TBLS__FCT_RPT_EOI_HISTORY_R_MV_TBL,PROC_REFRESH_GRP_M_VIEW_TBLS__FCT_RPT_EOI_HISTORY_R_MV_TBL,FCT_RPT_EOI_HISTORY_R_MV_TBL,D_CYCLE_DATE_R,FCT_RPT_EOI_HISTORY_R,D_CYCLE_DATE_R,Direct
Standalone Procedure,,PROC_REFRESH_GRP_M_VIEW_TBLS__FCT_RPT_EOI_HISTORY_R_MV_TBL,PROC_REFRESH_GRP_M_VIEW_TBLS__FCT_RPT_EOI_HISTORY_R_MV_TBL,FCT_RPT_EOI_HISTORY_R_MV_TBL,D_EMPLOYEE_EXCESS_EFF_DATE_R,FCT_RPT_EOI_HISTORY_R,D_EMPLOYEE_EXCESS_EFF_DATE_R,Direct
Standalone Procedure,,PROC_REFRESH_GRP_M_VIEW_TBLS__FCT_RPT_EOI_HISTORY_R_MV_TBL,PROC_REFRESH_GRP_M_VIEW_TBLS__FCT_RPT_EOI_HISTORY_R_MV_TBL,FCT_RPT_EOI_HISTORY_R_MV_TBL,D_EMPLOYEE_GI_EFFECTIVE_DATE_R,FCT_RPT_EOI_HISTORY_R,D_EMPLOYEE_GI_EFFECTIVE_DATE_R,Direct
Standalone Procedure,,PROC_REFRESH_GRP_M_VIEW_TBLS__FCT_RPT_EOI_HISTORY_R_MV_TBL,PROC_REFRESH_GRP_M_VIEW_TBLS__FCT_RPT_EOI_HISTORY_R_MV_TBL,FCT_RPT_EOI_HISTORY_R_MV_TBL,D_SPOUSE_EXCESS_EFF_DATE_R,FCT_RPT_EOI_HISTORY_R,D_SPOUSE_EXCESS_EFF_DATE_R,Direct
Standalone Procedure,,PROC_REFRESH_GRP_M_VIEW_TBLS__FCT_RPT_EOI_HISTORY_R_MV_TBL,PROC_REFRESH_GRP_M_VIEW_TBLS__FCT_RPT_EOI_HISTORY_R_MV_TBL,FCT_RPT_EOI_HISTORY_R_MV_TBL,D_SPOUSE_GI_EFFECTIVE_DATE_R,FCT_RPT_EOI_HISTORY_R,D_SPOUSE_GI_EFFECTIVE_DATE_R,Direct
Standalone Procedure,,PROC_REFRESH_GRP_M_VIEW_TBLS__FCT_RPT_EOI_HISTORY_R_MV_TBL,PROC_REFRESH_GRP_M_VIEW_TBLS__FCT_RPT_EOI_HISTORY_R_MV_TBL,FCT_RPT_EOI_HISTORY_R_MV_TBL,FIC_MIS_DATE_R,FCT_RPT_EOI_HISTORY_R,FIC_MIS_DATE_R,Direct
Standalone Procedure,,PROC_REFRESH_GRP_M_VIEW_TBLS__FCT_RPT_EOI_HISTORY_R_MV_TBL,PROC_REFRESH_GRP_M_VIEW_TBLS__FCT_RPT_EOI_HISTORY_R_MV_TBL,FCT_RPT_EOI_HISTORY_R_MV_TBL,F_PHYSICAL_DELETE_R,FCT_RPT_EOI_HISTORY_R,F_PHYSICAL_DELETE_R,Direct
Standalone Procedure,,PROC_REFRESH_GRP_M_VIEW_TBLS__FCT_RPT_EOI_HISTORY_R_MV_TBL,PROC_REFRESH_GRP_M_VIEW_TBLS__FCT_RPT_EOI_HISTORY_R_MV_TBL,FCT_RPT_EOI_HISTORY_R_MV_TBL,N_APPLICATION_HISTORY_SK_R,FCT_RPT_EOI_HISTORY_R,N_APPLICATION_HISTORY_SK_R,Direct
Standalone Procedure,,PROC_REFRESH_GRP_M_VIEW_TBLS__FCT_RPT_EOI_HISTORY_R_MV_TBL,PROC_REFRESH_GRP_M_VIEW_TBLS__FCT_RPT_EOI_HISTORY_R_MV_TBL,FCT_RPT_EOI_HISTORY_R_MV_TBL,N_APPLICATION_ID_R,FCT_RPT_EOI_HISTORY_R,N_APPLICATION_ID_R,Direct
Standalone Procedure,,PROC_REFRESH_GRP_M_VIEW_TBLS__FCT_RPT_EOI_HISTORY_R_MV_TBL,PROC_REFRESH_GRP_M_VIEW_TBLS__FCT_RPT_EOI_HISTORY_R_MV_TBL,FCT_RPT_EOI_HISTORY_R_MV_TBL,N_APPROVED_APP_COUNT_R,FCT_RPT_EOI_HISTORY_R,N_APPROVED_APP_COUNT_R,Direct
Standalone Procedure,,PROC_REFRESH_GRP_M_VIEW_TBLS__FCT_RPT_EOI_HISTORY_R_MV_TBL,PROC_REFRESH_GRP_M_VIEW_TBLS__FCT_RPT_EOI_HISTORY_R_MV_TBL,FCT_RPT_EOI_HISTORY_R_MV_TBL,N_APP_COUNT_R,FCT_RPT_EOI_HISTORY_R,N_APP_COUNT_R,Direct
Standalone Procedure,,PROC_REFRESH_GRP_M_VIEW_TBLS__FCT_RPT_EOI_HISTORY_R_MV_TBL,PROC_REFRESH_GRP_M_VIEW_TBLS__FCT_RPT_EOI_HISTORY_R_MV_TBL,FCT_RPT_EOI_HISTORY_R_MV_TBL,N_APP_PENDING_COUNT_R,,,Constant / Expression
Standalone Procedure,,PROC_REFRESH_GRP_M_VIEW_TBLS__FCT_RPT_EOI_HISTORY_R_MV_TBL,PROC_REFRESH_GRP_M_VIEW_TBLS__FCT_RPT_EOI_HISTORY_R_MV_TBL,FCT_RPT_EOI_HISTORY_R_MV_TBL,N_AUTO_APPROVAL_COUNT_R,FCT_RPT_EOI_HISTORY_R,N_AUTO_APPROVAL_COUNT_R,Direct
Standalone Procedure,,PROC_REFRESH_GRP_M_VIEW_TBLS__FCT_RPT_EOI_HISTORY_R_MV_TBL,PROC_REFRESH_GRP_M_VIEW_TBLS__FCT_RPT_EOI_HISTORY_R_MV_TBL,FCT_RPT_EOI_HISTORY_R_MV_TBL,N_BATCH_ID_R,FCT_RPT_EOI_HISTORY_R,N_BATCH_ID_R,Direct
Standalone Procedure,,PROC_REFRESH_GRP_M_VIEW_TBLS__FCT_RPT_EOI_HISTORY_R_MV_TBL,PROC_REFRESH_GRP_M_VIEW_TBLS__FCT_RPT_EOI_HISTORY_R_MV_TBL,FCT_RPT_EOI_HISTORY_R_MV_TBL,N_CHILD_APP_COUNT_R,FCT_RPT_EOI_HISTORY_R,N_CHILD_APP_COUNT_R,Direct
Standalone Procedure,,PROC_REFRESH_GRP_M_VIEW_TBLS__FCT_RPT_EOI_HISTORY_R_MV_TBL,PROC_REFRESH_GRP_M_VIEW_TBLS__FCT_RPT_EOI_HISTORY_R_MV_TBL,FCT_RPT_EOI_HISTORY_R_MV_TBL,N_CHILD_GI_APPROVED_R,FCT_RPT_EOI_HISTORY_R,N_CHILD_GI_APPROVED_R,Direct
Standalone Procedure,,PROC_REFRESH_GRP_M_VIEW_TBLS__FCT_RPT_EOI_HISTORY_R_MV_TBL,PROC_REFRESH_GRP_M_VIEW_TBLS__FCT_RPT_EOI_HISTORY_R_MV_TBL,FCT_RPT_EOI_HISTORY_R_MV_TBL,N_CHILD_GI_DECLINED_R,FCT_RPT_EOI_HISTORY_R,N_CHILD_GI_DECLINED_R,Direct
Standalone Procedure,,PROC_REFRESH_GRP_M_VIEW_TBLS__FCT_RPT_EOI_HISTORY_R_MV_TBL,PROC_REFRESH_GRP_M_VIEW_TBLS__FCT_RPT_EOI_HISTORY_R_MV_TBL,FCT_RPT_EOI_HISTORY_R_MV_TBL,N_CHILD_GI_PENDING_R,FCT_RPT_EOI_HISTORY_R,N_CHILD_GI_PENDING_R,Direct
Standalone Procedure,,PROC_REFRESH_GRP_M_VIEW_TBLS__FCT_RPT_EOI_HISTORY_R_MV_TBL,PROC_REFRESH_GRP_M_VIEW_TBLS__FCT_RPT_EOI_HISTORY_R_MV_TBL,FCT_RPT_EOI_HISTORY_R_MV_TBL,N_CLAIM_SK_R,FCT_RPT_EOI_HISTORY_R,N_CLAIM_SK_R,Direct
Standalone Procedure,,PROC_REFRESH_GRP_M_VIEW_TBLS__FCT_RPT_EOI_HISTORY_R_MV_TBL,PROC_REFRESH_GRP_M_VIEW_TBLS__FCT_RPT_EOI_HISTORY_R_MV_TBL,FCT_RPT_EOI_HISTORY_R_MV_TBL,N_DECLINED_APP_COUNT_R,FCT_RPT_EOI_HISTORY_R,N_DECLINED_APP_COUNT_R,Direct
Standalone Procedure,,PROC_REFRESH_GRP_M_VIEW_TBLS__FCT_RPT_EOI_HISTORY_R_MV_TBL,PROC_REFRESH_GRP_M_VIEW_TBLS__FCT_RPT_EOI_HISTORY_R_MV_TBL,FCT_RPT_EOI_HISTORY_R_MV_TBL,N_DECLINED_INCOMPLETE_APPCNT_R,FCT_RPT_EOI_HISTORY_R,N_DECLINED_INCOMPLETE_APPCNT_R,Direct
Standalone Procedure,,PROC_REFRESH_GRP_M_VIEW_TBLS__FCT_RPT_EOI_HISTORY_R_MV_TBL,PROC_REFRESH_GRP_M_VIEW_TBLS__FCT_RPT_EOI_HISTORY_R_MV_TBL,FCT_RPT_EOI_HISTORY_R_MV_TBL,N_EMPLOYEE_APP_COUNT_R,FCT_RPT_EOI_HISTORY_R,N_EMPLOYEE_APP_COUNT_R,Direct
Standalone Procedure,,PROC_REFRESH_GRP_M_VIEW_TBLS__FCT_RPT_EOI_HISTORY_R_MV_TBL,PROC_REFRESH_GRP_M_VIEW_TBLS__FCT_RPT_EOI_HISTORY_R_MV_TBL,FCT_RPT_EOI_HISTORY_R_MV_TBL,N_EMPLOYEE_EXCESSDECLINEDAMT_R,FCT_RPT_EOI_HISTORY_R,N_EMPLOYEE_EXCESSDECLINEDAMT_R,Direct
Standalone Procedure,,PROC_REFRESH_GRP_M_VIEW_TBLS__FCT_RPT_EOI_HISTORY_R_MV_TBL,PROC_REFRESH_GRP_M_VIEW_TBLS__FCT_RPT_EOI_HISTORY_R_MV_TBL,FCT_RPT_EOI_HISTORY_R_MV_TBL,N_EMPLOYEE_EXCESSINCOMPLTAMT_R,FCT_RPT_EOI_HISTORY_R,N_EMPLOYEE_EXCESSINCOMPLTAMT_R,Direct
Standalone Procedure,,PROC_REFRESH_GRP_M_VIEW_TBLS__FCT_RPT_EOI_HISTORY_R_MV_TBL,PROC_REFRESH_GRP_M_VIEW_TBLS__FCT_RPT_EOI_HISTORY_R_MV_TBL,FCT_RPT_EOI_HISTORY_R_MV_TBL,N_EMPLOYEE_EXCESS_APPRVD_AMT_R,FCT_RPT_EOI_HISTORY_R,N_EMPLOYEE_EXCESS_APPRVD_AMT_R,Direct
Standalone Procedure,,PROC_REFRESH_GRP_M_VIEW_TBLS__FCT_RPT_EOI_HISTORY_R_MV_TBL,PROC_REFRESH_GRP_M_VIEW_TBLS__FCT_RPT_EOI_HISTORY_R_MV_TBL,FCT_RPT_EOI_HISTORY_R_MV_TBL,N_EMPLOYEE_EXCESS_PENDINGAMT_R,FCT_RPT_EOI_HISTORY_R,N_EMPLOYEE_EXCESS_PENDINGAMT_R,Direct
Standalone Procedure,,PROC_REFRESH_GRP_M_VIEW_TBLS__FCT_RPT_EOI_HISTORY_R_MV_TBL,PROC_REFRESH_GRP_M_VIEW_TBLS__FCT_RPT_EOI_HISTORY_R_MV_TBL,FCT_RPT_EOI_HISTORY_R_MV_TBL,N_EMPLOYEE_GI_APPROVED_R,FCT_RPT_EOI_HISTORY_R,N_EMPLOYEE_GI_APPROVED_R,Direct
Standalone Procedure,,PROC_REFRESH_GRP_M_VIEW_TBLS__FCT_RPT_EOI_HISTORY_R_MV_TBL,PROC_REFRESH_GRP_M_VIEW_TBLS__FCT_RPT_EOI_HISTORY_R_MV_TBL,FCT_RPT_EOI_HISTORY_R_MV_TBL,N_EMPLOYEE_GI_DECLINED_R,FCT_RPT_EOI_HISTORY_R,N_EMPLOYEE_GI_DECLINED_R,Direct
Standalone Procedure,,PROC_REFRESH_GRP_M_VIEW_TBLS__FCT_RPT_EOI_HISTORY_R_MV_TBL,PROC_REFRESH_GRP_M_VIEW_TBLS__FCT_RPT_EOI_HISTORY_R_MV_TBL,FCT_RPT_EOI_HISTORY_R_MV_TBL,N_EMPLOYEE_GI_PENDING_R,FCT_RPT_EOI_HISTORY_R,N_EMPLOYEE_GI_PENDING_R,Direct
Standalone Procedure,,PROC_REFRESH_GRP_M_VIEW_TBLS__FCT_RPT_EOI_HISTORY_R_MV_TBL,PROC_REFRESH_GRP_M_VIEW_TBLS__FCT_RPT_EOI_HISTORY_R_MV_TBL,FCT_RPT_EOI_HISTORY_R_MV_TBL,N_INCOMPLETE_APP_COUNT_R,FCT_RPT_EOI_HISTORY_R,N_INCOMPLETE_APP_COUNT_R,Direct
Standalone Procedure,,PROC_REFRESH_GRP_M_VIEW_TBLS__FCT_RPT_EOI_HISTORY_R_MV_TBL,PROC_REFRESH_GRP_M_VIEW_TBLS__FCT_RPT_EOI_HISTORY_R_MV_TBL,FCT_RPT_EOI_HISTORY_R_MV_TBL,N_LOAD_RUN_ID_R,FCT_RPT_EOI_HISTORY_R,N_LOAD_RUN_ID_R,Direct
Standalone Procedure,,PROC_REFRESH_GRP_M_VIEW_TBLS__FCT_RPT_EOI_HISTORY_R_MV_TBL,PROC_REFRESH_GRP_M_VIEW_TBLS__FCT_RPT_EOI_HISTORY_R_MV_TBL,FCT_RPT_EOI_HISTORY_R_MV_TBL,N_LOB_APP_COUNT_R,FCT_RPT_EOI_HISTORY_R,N_LOB_APP_COUNT_R,Direct
Standalone Procedure,,PROC_REFRESH_GRP_M_VIEW_TBLS__FCT_RPT_EOI_HISTORY_R_MV_TBL,PROC_REFRESH_GRP_M_VIEW_TBLS__FCT_RPT_EOI_HISTORY_R_MV_TBL,FCT_RPT_EOI_HISTORY_R_MV_TBL,N_PARTY_SK_R,FCT_RPT_EOI_HISTORY_R,N_PARTY_SK_R,Direct
Standalone Procedure,,PROC_REFRESH_GRP_M_VIEW_TBLS__FCT_RPT_EOI_HISTORY_R_MV_TBL,PROC_REFRESH_GRP_M_VIEW_TBLS__FCT_RPT_EOI_HISTORY_R_MV_TBL,FCT_RPT_EOI_HISTORY_R_MV_TBL,N_PENDING_APP_COUNT_R,FCT_RPT_EOI_HISTORY_R,N_PENDING_APP_COUNT_R,Direct
Standalone Procedure,,PROC_REFRESH_GRP_M_VIEW_TBLS__FCT_RPT_EOI_HISTORY_R_MV_TBL,PROC_REFRESH_GRP_M_VIEW_TBLS__FCT_RPT_EOI_HISTORY_R_MV_TBL,FCT_RPT_EOI_HISTORY_R_MV_TBL,N_POLICY_SK_R,FCT_RPT_EOI_HISTORY_R,N_POLICY_SK_R,Direct
Standalone Procedure,,PROC_REFRESH_GRP_M_VIEW_TBLS__FCT_RPT_EOI_HISTORY_R_MV_TBL,PROC_REFRESH_GRP_M_VIEW_TBLS__FCT_RPT_EOI_HISTORY_R_MV_TBL,FCT_RPT_EOI_HISTORY_R_MV_TBL,N_QUOTE_SK_R,FCT_RPT_EOI_HISTORY_R,N_QUOTE_SK_R,Direct
Standalone Procedure,,PROC_REFRESH_GRP_M_VIEW_TBLS__FCT_RPT_EOI_HISTORY_R_MV_TBL,PROC_REFRESH_GRP_M_VIEW_TBLS__FCT_RPT_EOI_HISTORY_R_MV_TBL,FCT_RPT_EOI_HISTORY_R_MV_TBL,N_SEQUENCE_NUMBER_R,FCT_RPT_EOI_HISTORY_R,N_SEQUENCE_NUMBER_R,Direct
Standalone Procedure,,PROC_REFRESH_GRP_M_VIEW_TBLS__FCT_RPT_EOI_HISTORY_R_MV_TBL,PROC_REFRESH_GRP_M_VIEW_TBLS__FCT_RPT_EOI_HISTORY_R_MV_TBL,FCT_RPT_EOI_HISTORY_R_MV_TBL,N_SPOUSE_APP_COUNT_R,FCT_RPT_EOI_HISTORY_R,N_SPOUSE_APP_COUNT_R,Direct
Standalone Procedure,,PROC_REFRESH_GRP_M_VIEW_TBLS__FCT_RPT_EOI_HISTORY_R_MV_TBL,PROC_REFRESH_GRP_M_VIEW_TBLS__FCT_RPT_EOI_HISTORY_R_MV_TBL,FCT_RPT_EOI_HISTORY_R_MV_TBL,N_SPOUSE_EXCESS_APPROVED_AMT_R,FCT_RPT_EOI_HISTORY_R,N_SPOUSE_EXCESS_APPROVED_AMT_R,Direct
Standalone Procedure,,PROC_REFRESH_GRP_M_VIEW_TBLS__FCT_RPT_EOI_HISTORY_R_MV_TBL,PROC_REFRESH_GRP_M_VIEW_TBLS__FCT_RPT_EOI_HISTORY_R_MV_TBL,FCT_RPT_EOI_HISTORY_R_MV_TBL,N_SPOUSE_EXCESS_DECLINED_AMT_R,FCT_RPT_EOI_HISTORY_R,N_SPOUSE_EXCESS_DECLINED_AMT_R,Direct
Standalone Procedure,,PROC_REFRESH_GRP_M_VIEW_TBLS__FCT_RPT_EOI_HISTORY_R_MV_TBL,PROC_REFRESH_GRP_M_VIEW_TBLS__FCT_RPT_EOI_HISTORY_R_MV_TBL,FCT_RPT_EOI_HISTORY_R_MV_TBL,N_SPOUSE_EXCESS_INCOMPLTEAMT_R,FCT_RPT_EOI_HISTORY_R,N_SPOUSE_EXCESS_INCOMPLTEAMT_R,Direct
Standalone Procedure,,PROC_REFRESH_GRP_M_VIEW_TBLS__FCT_RPT_EOI_HISTORY_R_MV_TBL,PROC_REFRESH_GRP_M_VIEW_TBLS__FCT_RPT_EOI_HISTORY_R_MV_TBL,FCT_RPT_EOI_HISTORY_R_MV_TBL,N_SPOUSE_EXCESS_PENDING_AMT_R,FCT_RPT_EOI_HISTORY_R,N_SPOUSE_EXCESS_PENDING_AMT_R,Direct
Standalone Procedure,,PROC_REFRESH_GRP_M_VIEW_TBLS__FCT_RPT_EOI_HISTORY_R_MV_TBL,PROC_REFRESH_GRP_M_VIEW_TBLS__FCT_RPT_EOI_HISTORY_R_MV_TBL,FCT_RPT_EOI_HISTORY_R_MV_TBL,N_SPOUSE_GI_APPROVED_R,FCT_RPT_EOI_HISTORY_R,N_SPOUSE_GI_APPROVED_R,Direct
Standalone Procedure,,PROC_REFRESH_GRP_M_VIEW_TBLS__FCT_RPT_EOI_HISTORY_R_MV_TBL,PROC_REFRESH_GRP_M_VIEW_TBLS__FCT_RPT_EOI_HISTORY_R_MV_TBL,FCT_RPT_EOI_HISTORY_R_MV_TBL,N_SPOUSE_GI_DECLINED_R,FCT_RPT_EOI_HISTORY_R,N_SPOUSE_GI_DECLINED_R,Direct
Standalone Procedure,,PROC_REFRESH_GRP_M_VIEW_TBLS__FCT_RPT_EOI_HISTORY_R_MV_TBL,PROC_REFRESH_GRP_M_VIEW_TBLS__FCT_RPT_EOI_HISTORY_R_MV_TBL,FCT_RPT_EOI_HISTORY_R_MV_TBL,N_SPOUSE_GI_PENDING_R,FCT_RPT_EOI_HISTORY_R,N_SPOUSE_GI_PENDING_R,Direct
Standalone Procedure,,PROC_REFRESH_GRP_M_VIEW_TBLS__FCT_RPT_EOI_HISTORY_R_MV_TBL,PROC_REFRESH_GRP_M_VIEW_TBLS__FCT_RPT_EOI_HISTORY_R_MV_TBL,FCT_RPT_EOI_HISTORY_R_MV_TBL,N_VERSION_NUMBER_R,FCT_RPT_EOI_HISTORY_R,N_VERSION_NUMBER_R,Direct
Standalone Procedure,,PROC_REFRESH_GRP_M_VIEW_TBLS__FCT_RPT_EOI_HISTORY_R_MV_TBL,PROC_REFRESH_GRP_M_VIEW_TBLS__FCT_RPT_EOI_HISTORY_R_MV_TBL,FCT_RPT_EOI_HISTORY_R_MV_TBL,T_CREATION_DATE_R,FCT_RPT_EOI_HISTORY_R,T_CREATION_DATE_R,Direct
Standalone Procedure,,PROC_REFRESH_GRP_M_VIEW_TBLS__FCT_RPT_EOI_HISTORY_R_MV_TBL,PROC_REFRESH_GRP_M_VIEW_TBLS__FCT_RPT_EOI_HISTORY_R_MV_TBL,FCT_RPT_EOI_HISTORY_R_MV_TBL,T_EVENT_TIMESTAMP_R,FCT_RPT_EOI_HISTORY_R,T_EVENT_TIMESTAMP_R,Direct
Standalone Procedure,,PROC_REFRESH_GRP_M_VIEW_TBLS__FCT_RPT_EOI_HISTORY_R_MV_TBL,PROC_REFRESH_GRP_M_VIEW_TBLS__FCT_RPT_EOI_HISTORY_R_MV_TBL,FCT_RPT_EOI_HISTORY_R_MV_TBL,T_LAST_MODIFIED_DATE_R,FCT_RPT_EOI_HISTORY_R,T_LAST_MODIFIED_DATE_R,Direct
Standalone Procedure,,PROC_REFRESH_GRP_M_VIEW_TBLS__FCT_RPT_EOI_HISTORY_R_MV_TBL,PROC_REFRESH_GRP_M_VIEW_TBLS__FCT_RPT_EOI_HISTORY_R_MV_TBL,FCT_RPT_EOI_HISTORY_R_MV_TBL,V_CHANGE_REASON_R,FCT_RPT_EOI_HISTORY_R,V_CHANGE_REASON_R,Direct
Standalone Procedure,,PROC_REFRESH_GRP_M_VIEW_TBLS__FCT_RPT_EOI_HISTORY_R_MV_TBL,PROC_REFRESH_GRP_M_VIEW_TBLS__FCT_RPT_EOI_HISTORY_R_MV_TBL,FCT_RPT_EOI_HISTORY_R_MV_TBL,V_CLIENT_NAME_R,FCT_RPT_EOI_HISTORY_R,V_CLIENT_NAME_R,Direct
Standalone Procedure,,PROC_REFRESH_GRP_M_VIEW_TBLS__FCT_RPT_EOI_HISTORY_R_MV_TBL,PROC_REFRESH_GRP_M_VIEW_TBLS__FCT_RPT_EOI_HISTORY_R_MV_TBL,FCT_RPT_EOI_HISTORY_R_MV_TBL,V_CODE_R,FCT_RPT_EOI_HISTORY_R,V_CODE_R,Direct
Standalone Procedure,,PROC_REFRESH_GRP_M_VIEW_TBLS__FCT_RPT_EOI_HISTORY_R_MV_TBL,PROC_REFRESH_GRP_M_VIEW_TBLS__FCT_RPT_EOI_HISTORY_R_MV_TBL,FCT_RPT_EOI_HISTORY_R_MV_TBL,V_CREATED_BY_R,FCT_RPT_EOI_HISTORY_R,V_CREATED_BY_R,Direct
Standalone Procedure,,PROC_REFRESH_GRP_M_VIEW_TBLS__FCT_RPT_EOI_HISTORY_R_MV_TBL,PROC_REFRESH_GRP_M_VIEW_TBLS__FCT_RPT_EOI_HISTORY_R_MV_TBL,FCT_RPT_EOI_HISTORY_R_MV_TBL,V_ENTITY_TYPE_R,FCT_RPT_EOI_HISTORY_R,V_ENTITY_TYPE_R,Direct
Standalone Procedure,,PROC_REFRESH_GRP_M_VIEW_TBLS__FCT_RPT_EOI_HISTORY_R_MV_TBL,PROC_REFRESH_GRP_M_VIEW_TBLS__FCT_RPT_EOI_HISTORY_R_MV_TBL,FCT_RPT_EOI_HISTORY_R_MV_TBL,V_EOI_LOGIN_ID_R,FCT_RPT_EOI_HISTORY_R,V_EOI_LOGIN_ID_R,Direct
Standalone Procedure,,PROC_REFRESH_GRP_M_VIEW_TBLS__FCT_RPT_EOI_HISTORY_R_MV_TBL,PROC_REFRESH_GRP_M_VIEW_TBLS__FCT_RPT_EOI_HISTORY_R_MV_TBL,FCT_RPT_EOI_HISTORY_R_MV_TBL,V_LAST_MODIFIED_BY_R,FCT_RPT_EOI_HISTORY_R,V_LAST_MODIFIED_BY_R,Direct
Standalone Procedure,,PROC_REFRESH_GRP_M_VIEW_TBLS__FCT_RPT_EOI_HISTORY_R_MV_TBL,PROC_REFRESH_GRP_M_VIEW_TBLS__FCT_RPT_EOI_HISTORY_R_MV_TBL,FCT_RPT_EOI_HISTORY_R_MV_TBL,V_POLICY_PREFIX_R,FCT_RPT_EOI_HISTORY_R,V_POLICY_PREFIX_R,Direct
Standalone Procedure,,PROC_REFRESH_GRP_M_VIEW_TBLS__FCT_RPT_EOI_HISTORY_R_MV_TBL,PROC_REFRESH_GRP_M_VIEW_TBLS__FCT_RPT_EOI_HISTORY_R_MV_TBL,FCT_RPT_EOI_HISTORY_R_MV_TBL,V_POLICY_SFX_R,FCT_RPT_EOI_HISTORY_R,V_POLICY_SFX_R,Direct
Standalone Procedure,,PROC_REFRESH_GRP_M_VIEW_TBLS__FCT_RPT_EOI_HISTORY_R_MV_TBL,PROC_REFRESH_GRP_M_VIEW_TBLS__FCT_RPT_EOI_HISTORY_R_MV_TBL,FCT_RPT_EOI_HISTORY_R_MV_TBL,V_POLICY_SUFFIX_R,FCT_RPT_EOI_HISTORY_R,V_POLICY_SUFFIX_R,Direct
Standalone Procedure,,PROC_REFRESH_GRP_M_VIEW_TBLS__FCT_RPT_EOI_HISTORY_R_MV_TBL,PROC_REFRESH_GRP_M_VIEW_TBLS__FCT_RPT_EOI_HISTORY_R_MV_TBL,FCT_RPT_EOI_HISTORY_R_MV_TBL,V_PRIVACY_INDICATOR_R,FCT_RPT_EOI_HISTORY_R,V_PRIVACY_INDICATOR_R,Direct
Standalone Procedure,,PROC_REFRESH_GRP_M_VIEW_TBLS__FCT_RPT_EOI_HISTORY_R_MV_TBL,PROC_REFRESH_GRP_M_VIEW_TBLS__FCT_RPT_EOI_HISTORY_R_MV_TBL,FCT_RPT_EOI_HISTORY_R_MV_TBL,V_RSO_R,FCT_RPT_EOI_HISTORY_R,V_RSO_R,Direct
Standalone Procedure,,PROC_REFRESH_GRP_M_VIEW_TBLS__FCT_RPT_EOI_HISTORY_R_MV_TBL,PROC_REFRESH_GRP_M_VIEW_TBLS__FCT_RPT_EOI_HISTORY_R_MV_TBL,FCT_RPT_EOI_HISTORY_R_MV_TBL,V_SOURCE_SYSTEM_NAME_R,FCT_RPT_EOI_HISTORY_R,V_SOURCE_SYSTEM_NAME_R,Direct
Standalone Procedure,,PROC_REFRESH_GRP_M_VIEW_TBLS__FCT_RPT_EOI_HISTORY_R_MV_TBL,PROC_REFRESH_GRP_M_VIEW_TBLS__FCT_RPT_EOI_HISTORY_R_MV_TBL,FCT_RPT_EOI_HISTORY_R_MV_TBL,V_SUBJECT_AREA_TYPE_R,FCT_RPT_EOI_HISTORY_R,V_SUBJECT_AREA_TYPE_R,Direct
Standalone Procedure,,PROC_REFRESH_GRP_M_VIEW_TBLS__FCT_RPT_EOI_HISTORY_SUMM_MV_TBL,PROC_REFRESH_GRP_M_VIEW_TBLS__FCT_RPT_EOI_HISTORY_SUMM_MV_TBL,FCT_PROC_EXEC_STATUS_LOG_R,N_BATCH_ID_R,FCT_PROC_EXEC_STATUS_LOG_R,LN_BATCH_ID_R,Direct
Standalone Procedure,,PROC_REFRESH_GRP_M_VIEW_TBLS__FCT_RPT_EOI_HISTORY_SUMM_MV_TBL,PROC_REFRESH_GRP_M_VIEW_TBLS__FCT_RPT_EOI_HISTORY_SUMM_MV_TBL,FCT_PROC_EXEC_STATUS_LOG_R,N_MIS_DATE_SKEY_R,,,Constant / Expression
Standalone Procedure,,PROC_REFRESH_GRP_M_VIEW_TBLS__FCT_RPT_EOI_HISTORY_SUMM_MV_TBL,PROC_REFRESH_GRP_M_VIEW_TBLS__FCT_RPT_EOI_HISTORY_SUMM_MV_TBL,FCT_PROC_EXEC_STATUS_LOG_R,N_SERIAL_NUM_R,FCT_PROC_EXEC_STATUS_LOG_R,N_MAX_SERIAL_NUM_R,Direct
Standalone Procedure,,PROC_REFRESH_GRP_M_VIEW_TBLS__FCT_RPT_EOI_HISTORY_SUMM_MV_TBL,PROC_REFRESH_GRP_M_VIEW_TBLS__FCT_RPT_EOI_HISTORY_SUMM_MV_TBL,FCT_PROC_EXEC_STATUS_LOG_R,T_EXECUTION_END_TIMESTAMP_R,,,Constant / Expression
Standalone Procedure,,PROC_REFRESH_GRP_M_VIEW_TBLS__FCT_RPT_EOI_HISTORY_SUMM_MV_TBL,PROC_REFRESH_GRP_M_VIEW_TBLS__FCT_RPT_EOI_HISTORY_SUMM_MV_TBL,FCT_PROC_EXEC_STATUS_LOG_R,T_EXECUTION_TIMESTAMP_R,,,Constant / Expression
Standalone Procedure,,PROC_REFRESH_GRP_M_VIEW_TBLS__FCT_RPT_EOI_HISTORY_SUMM_MV_TBL,PROC_REFRESH_GRP_M_VIEW_TBLS__FCT_RPT_EOI_HISTORY_SUMM_MV_TBL,FCT_PROC_EXEC_STATUS_LOG_R,V_PLSQL_BLOCK_NAME_R,FCT_PROC_EXEC_STATUS_LOG_R,P_MV_TBL_NAME,Direct
Standalone Procedure,,PROC_REFRESH_GRP_M_VIEW_TBLS__FCT_RPT_EOI_HISTORY_SUMM_MV_TBL,PROC_REFRESH_GRP_M_VIEW_TBLS__FCT_RPT_EOI_HISTORY_SUMM_MV_TBL,FCT_PROC_EXEC_STATUS_LOG_R,V_STATUS_R,,,Constant / Expression
Standalone Procedure,,PROC_REFRESH_GRP_M_VIEW_TBLS__FCT_RPT_EOI_HISTORY_SUMM_MV_TBL,PROC_REFRESH_GRP_M_VIEW_TBLS__FCT_RPT_EOI_HISTORY_SUMM_MV_TBL,FCT_RPT_EOI_HISTORY_SUMM_MV_TBL,APP_BUCKET,FCT_RPT_EOI_HISTORY_R_MV_TBL,APP_BUCKET,Direct
Standalone Procedure,,PROC_REFRESH_GRP_M_VIEW_TBLS__FCT_RPT_EOI_HISTORY_SUMM_MV_TBL,PROC_REFRESH_GRP_M_VIEW_TBLS__FCT_RPT_EOI_HISTORY_SUMM_MV_TBL,FCT_RPT_EOI_HISTORY_SUMM_MV_TBL,APP_DT_MAX_IND,,,Constant / Expression
Standalone Procedure,,PROC_REFRESH_GRP_M_VIEW_TBLS__FCT_RPT_EOI_HISTORY_SUMM_MV_TBL,PROC_REFRESH_GRP_M_VIEW_TBLS__FCT_RPT_EOI_HISTORY_SUMM_MV_TBL,FCT_RPT_EOI_HISTORY_SUMM_MV_TBL,D_APPLICATION_ENTRY_DATE_R,FCT_RPT_EOI_HISTORY_R_MV_TBL,D_APPLICATION_ENTRY_DATE_R,Direct
Standalone Procedure,,PROC_REFRESH_GRP_M_VIEW_TBLS__FCT_RPT_EOI_HISTORY_SUMM_MV_TBL,PROC_REFRESH_GRP_M_VIEW_TBLS__FCT_RPT_EOI_HISTORY_SUMM_MV_TBL,FCT_RPT_EOI_HISTORY_SUMM_MV_TBL,D_APP_ENTRY_DATE_R,FCT_RPT_EOI_HISTORY_R_MV_TBL,D_APP_ENTRY_DATE_R,Direct
Standalone Procedure,,PROC_REFRESH_GRP_M_VIEW_TBLS__FCT_RPT_EOI_HISTORY_SUMM_MV_TBL,PROC_REFRESH_GRP_M_VIEW_TBLS__FCT_RPT_EOI_HISTORY_SUMM_MV_TBL,FCT_RPT_EOI_HISTORY_SUMM_MV_TBL,N_APPLICATION_ID_R,FCT_RPT_EOI_HISTORY_R_MV_TBL,N_APPLICATION_ID_R,Direct
Standalone Procedure,,PROC_REFRESH_GRP_M_VIEW_TBLS__FCT_RPT_EOI_HISTORY_SUMM_MV_TBL,PROC_REFRESH_GRP_M_VIEW_TBLS__FCT_RPT_EOI_HISTORY_SUMM_MV_TBL,FCT_RPT_EOI_HISTORY_SUMM_MV_TBL,N_APPROVED_APP_COUNT_R,FCT_RPT_EOI_HISTORY_R_MV_TBL,N_APPROVED_APP_COUNT_R,SUM
Standalone Procedure,,PROC_REFRESH_GRP_M_VIEW_TBLS__FCT_RPT_EOI_HISTORY_SUMM_MV_TBL,PROC_REFRESH_GRP_M_VIEW_TBLS__FCT_RPT_EOI_HISTORY_SUMM_MV_TBL,FCT_RPT_EOI_HISTORY_SUMM_MV_TBL,N_DECLINED_APP_COUNT_R,FCT_RPT_EOI_HISTORY_R_MV_TBL,N_DECLINED_APP_COUNT_R,SUM
Standalone Procedure,,PROC_REFRESH_GRP_M_VIEW_TBLS__FCT_RPT_EOI_HISTORY_SUMM_MV_TBL,PROC_REFRESH_GRP_M_VIEW_TBLS__FCT_RPT_EOI_HISTORY_SUMM_MV_TBL,FCT_RPT_EOI_HISTORY_SUMM_MV_TBL,N_DECLINED_INCOMPLETE_APPCNT_R,FCT_RPT_EOI_HISTORY_R_MV_TBL,N_DECLINED_INCOMPLETE_APPCNT_R,SUM
Standalone Procedure,,PROC_REFRESH_GRP_M_VIEW_TBLS__FCT_RPT_EOI_HISTORY_SUMM_MV_TBL,PROC_REFRESH_GRP_M_VIEW_TBLS__FCT_RPT_EOI_HISTORY_SUMM_MV_TBL,FCT_RPT_EOI_HISTORY_SUMM_MV_TBL,N_INCOMPLETE_APP_COUNT_R,FCT_RPT_EOI_HISTORY_R_MV_TBL,N_INCOMPLETE_APP_COUNT_R,SUM
Standalone Procedure,,PROC_REFRESH_GRP_M_VIEW_TBLS__FCT_RPT_EOI_HISTORY_SUMM_MV_TBL,PROC_REFRESH_GRP_M_VIEW_TBLS__FCT_RPT_EOI_HISTORY_SUMM_MV_TBL,FCT_RPT_EOI_HISTORY_SUMM_MV_TBL,N_PARTY_SK_R,FCT_RPT_EOI_HISTORY_R_MV_TBL,N_PARTY_SK_R,Direct
Standalone Procedure,,PROC_REFRESH_GRP_M_VIEW_TBLS__FCT_RPT_EOI_HISTORY_SUMM_MV_TBL,PROC_REFRESH_GRP_M_VIEW_TBLS__FCT_RPT_EOI_HISTORY_SUMM_MV_TBL,FCT_RPT_EOI_HISTORY_SUMM_MV_TBL,N_PENDING_APP_COUNT_R,FCT_RPT_EOI_HISTORY_R_MV_TBL,N_PENDING_APP_COUNT_R,sum
Standalone Procedure,,PROC_REFRESH_GRP_M_VIEW_TBLS__FCT_RPT_EOI_HISTORY_SUMM_MV_TBL,PROC_REFRESH_GRP_M_VIEW_TBLS__FCT_RPT_EOI_HISTORY_SUMM_MV_TBL,FCT_RPT_EOI_HISTORY_SUMM_MV_TBL,N_POLICY_SK_R,FCT_RPT_EOI_HISTORY_R_MV_TBL,N_POLICY_SK_R,Direct
Standalone Procedure,,PROC_REFRESH_GRP_M_VIEW_TBLS__FCT_RPT_EOI_HISTORY_SUMM_MV_TBL,PROC_REFRESH_GRP_M_VIEW_TBLS__FCT_RPT_EOI_HISTORY_SUMM_MV_TBL,FCT_RPT_EOI_HISTORY_SUMM_MV_TBL,V_CLIENT_NAME_R,FCT_RPT_EOI_HISTORY_R_MV_TBL,V_CLIENT_NAME_R,Direct
Standalone Procedure,,PROC_REFRESH_GRP_M_VIEW_TBLS__FCT_RPT_EOI_HISTORY_SUMM_MV_TBL,PROC_REFRESH_GRP_M_VIEW_TBLS__FCT_RPT_EOI_HISTORY_SUMM_MV_TBL,FCT_RPT_EOI_HISTORY_SUMM_MV_TBL,V_POLICY_PREFIX_R,FCT_RPT_EOI_HISTORY_R_MV_TBL,V_POLICY_PREFIX_R,Direct
Standalone Procedure,,PROC_REFRESH_GRP_M_VIEW_TBLS__FCT_RPT_EOI_HISTORY_SUMM_MV_TBL,PROC_REFRESH_GRP_M_VIEW_TBLS__FCT_RPT_EOI_HISTORY_SUMM_MV_TBL,FCT_RPT_EOI_HISTORY_SUMM_MV_TBL,V_POLICY_SFX_R,FCT_RPT_EOI_HISTORY_R_MV_TBL,V_POLICY_SFX_R,Direct
Standalone Procedure,,PROC_REFRESH_GRP_M_VIEW_TBLS__F_POLICY_SPECIFIC_MV,PROC_REFRESH_GRP_M_VIEW_TBLS__F_POLICY_SPECIFIC_MV,FCT_PROC_EXEC_STATUS_LOG_R,N_BATCH_ID_R,FCT_PROC_EXEC_STATUS_LOG_R,LN_BATCH_ID_R,Direct
Standalone Procedure,,PROC_REFRESH_GRP_M_VIEW_TBLS__F_POLICY_SPECIFIC_MV,PROC_REFRESH_GRP_M_VIEW_TBLS__F_POLICY_SPECIFIC_MV,FCT_PROC_EXEC_STATUS_LOG_R,N_MIS_DATE_SKEY_R,,,Constant / Expression
Standalone Procedure,,PROC_REFRESH_GRP_M_VIEW_TBLS__F_POLICY_SPECIFIC_MV,PROC_REFRESH_GRP_M_VIEW_TBLS__F_POLICY_SPECIFIC_MV,FCT_PROC_EXEC_STATUS_LOG_R,N_SERIAL_NUM_R,FCT_PROC_EXEC_STATUS_LOG_R,N_MAX_SERIAL_NUM_R,Direct
Standalone Procedure,,PROC_REFRESH_GRP_M_VIEW_TBLS__F_POLICY_SPECIFIC_MV,PROC_REFRESH_GRP_M_VIEW_TBLS__F_POLICY_SPECIFIC_MV,FCT_PROC_EXEC_STATUS_LOG_R,T_EXECUTION_END_TIMESTAMP_R,,,Constant / Expression
Standalone Procedure,,PROC_REFRESH_GRP_M_VIEW_TBLS__F_POLICY_SPECIFIC_MV,PROC_REFRESH_GRP_M_VIEW_TBLS__F_POLICY_SPECIFIC_MV,FCT_PROC_EXEC_STATUS_LOG_R,T_EXECUTION_TIMESTAMP_R,,,Constant / Expression
Standalone Procedure,,PROC_REFRESH_GRP_M_VIEW_TBLS__F_POLICY_SPECIFIC_MV,PROC_REFRESH_GRP_M_VIEW_TBLS__F_POLICY_SPECIFIC_MV,FCT_PROC_EXEC_STATUS_LOG_R,V_PLSQL_BLOCK_NAME_R,FCT_PROC_EXEC_STATUS_LOG_R,P_MV_TBL_NAME,Direct
Standalone Procedure,,PROC_REFRESH_GRP_M_VIEW_TBLS__F_PSR_CLAIMANT_MV,PROC_REFRESH_GRP_M_VIEW_TBLS__F_PSR_CLAIMANT_MV,FCT_PROC_EXEC_STATUS_LOG_R,N_BATCH_ID_R,FCT_PROC_EXEC_STATUS_LOG_R,LN_BATCH_ID_R,Direct
Standalone Procedure,,PROC_REFRESH_GRP_M_VIEW_TBLS__F_PSR_CLAIMANT_MV,PROC_REFRESH_GRP_M_VIEW_TBLS__F_PSR_CLAIMANT_MV,FCT_PROC_EXEC_STATUS_LOG_R,N_MIS_DATE_SKEY_R,,,Constant / Expression
Standalone Procedure,,PROC_REFRESH_GRP_M_VIEW_TBLS__F_PSR_CLAIMANT_MV,PROC_REFRESH_GRP_M_VIEW_TBLS__F_PSR_CLAIMANT_MV,FCT_PROC_EXEC_STATUS_LOG_R,N_SERIAL_NUM_R,FCT_PROC_EXEC_STATUS_LOG_R,N_MAX_SERIAL_NUM_R,Direct
Standalone Procedure,,PROC_REFRESH_GRP_M_VIEW_TBLS__F_PSR_CLAIMANT_MV,PROC_REFRESH_GRP_M_VIEW_TBLS__F_PSR_CLAIMANT_MV,FCT_PROC_EXEC_STATUS_LOG_R,T_EXECUTION_END_TIMESTAMP_R,,,Constant / Expression
Standalone Procedure,,PROC_REFRESH_GRP_M_VIEW_TBLS__F_PSR_CLAIMANT_MV,PROC_REFRESH_GRP_M_VIEW_TBLS__F_PSR_CLAIMANT_MV,FCT_PROC_EXEC_STATUS_LOG_R,T_EXECUTION_TIMESTAMP_R,,,Constant / Expression
Standalone Procedure,,PROC_REFRESH_GRP_M_VIEW_TBLS__F_PSR_CLAIMANT_MV,PROC_REFRESH_GRP_M_VIEW_TBLS__F_PSR_CLAIMANT_MV,FCT_PROC_EXEC_STATUS_LOG_R,V_PLSQL_BLOCK_NAME_R,FCT_PROC_EXEC_STATUS_LOG_R,P_MV_TBL_NAME,Direct
Standalone Procedure,,PROC_REFRESH_GRP_M_VIEW_TBLS__F_PSR_CLAIM_COV_STATUS_MV,PROC_REFRESH_GRP_M_VIEW_TBLS__F_PSR_CLAIM_COV_STATUS_MV,FCT_PROC_EXEC_STATUS_LOG_R,N_BATCH_ID_R,FCT_PROC_EXEC_STATUS_LOG_R,LN_BATCH_ID_R,Direct
Standalone Procedure,,PROC_REFRESH_GRP_M_VIEW_TBLS__F_PSR_CLAIM_COV_STATUS_MV,PROC_REFRESH_GRP_M_VIEW_TBLS__F_PSR_CLAIM_COV_STATUS_MV,FCT_PROC_EXEC_STATUS_LOG_R,N_MIS_DATE_SKEY_R,,,Constant / Expression
Standalone Procedure,,PROC_REFRESH_GRP_M_VIEW_TBLS__F_PSR_CLAIM_COV_STATUS_MV,PROC_REFRESH_GRP_M_VIEW_TBLS__F_PSR_CLAIM_COV_STATUS_MV,FCT_PROC_EXEC_STATUS_LOG_R,N_SERIAL_NUM_R,FCT_PROC_EXEC_STATUS_LOG_R,N_MAX_SERIAL_NUM_R,Direct
Standalone Procedure,,PROC_REFRESH_GRP_M_VIEW_TBLS__F_PSR_CLAIM_COV_STATUS_MV,PROC_REFRESH_GRP_M_VIEW_TBLS__F_PSR_CLAIM_COV_STATUS_MV,FCT_PROC_EXEC_STATUS_LOG_R,T_EXECUTION_END_TIMESTAMP_R,,,Constant / Expression
Standalone Procedure,,PROC_REFRESH_GRP_M_VIEW_TBLS__F_PSR_CLAIM_COV_STATUS_MV,PROC_REFRESH_GRP_M_VIEW_TBLS__F_PSR_CLAIM_COV_STATUS_MV,FCT_PROC_EXEC_STATUS_LOG_R,T_EXECUTION_TIMESTAMP_R,,,Constant / Expression
Standalone Procedure,,PROC_REFRESH_GRP_M_VIEW_TBLS__F_PSR_CLAIM_COV_STATUS_MV,PROC_REFRESH_GRP_M_VIEW_TBLS__F_PSR_CLAIM_COV_STATUS_MV,FCT_PROC_EXEC_STATUS_LOG_R,V_PLSQL_BLOCK_NAME_R,FCT_PROC_EXEC_STATUS_LOG_R,P_MV_TBL_NAME,Direct
Standalone Procedure,,PROC_REFRESH_GRP_M_VIEW_TBLS__F_PSR_CLAIM_MV_1,PROC_REFRESH_GRP_M_VIEW_TBLS__F_PSR_CLAIM_MV_1,FCT_PROC_EXEC_STATUS_LOG_R,N_BATCH_ID_R,FCT_PROC_EXEC_STATUS_LOG_R,LN_BATCH_ID_R,Direct
Standalone Procedure,,PROC_REFRESH_GRP_M_VIEW_TBLS__F_PSR_CLAIM_MV_1,PROC_REFRESH_GRP_M_VIEW_TBLS__F_PSR_CLAIM_MV_1,FCT_PROC_EXEC_STATUS_LOG_R,N_MIS_DATE_SKEY_R,,,Constant / Expression
Standalone Procedure,,PROC_REFRESH_GRP_M_VIEW_TBLS__F_PSR_CLAIM_MV_1,PROC_REFRESH_GRP_M_VIEW_TBLS__F_PSR_CLAIM_MV_1,FCT_PROC_EXEC_STATUS_LOG_R,N_SERIAL_NUM_R,FCT_PROC_EXEC_STATUS_LOG_R,N_MAX_SERIAL_NUM_R,Direct
Standalone Procedure,,PROC_REFRESH_GRP_M_VIEW_TBLS__F_PSR_CLAIM_MV_1,PROC_REFRESH_GRP_M_VIEW_TBLS__F_PSR_CLAIM_MV_1,FCT_PROC_EXEC_STATUS_LOG_R,T_EXECUTION_END_TIMESTAMP_R,,,Constant / Expression
Standalone Procedure,,PROC_REFRESH_GRP_M_VIEW_TBLS__F_PSR_CLAIM_MV_1,PROC_REFRESH_GRP_M_VIEW_TBLS__F_PSR_CLAIM_MV_1,FCT_PROC_EXEC_STATUS_LOG_R,T_EXECUTION_TIMESTAMP_R,,,Constant / Expression
Standalone Procedure,,PROC_REFRESH_GRP_M_VIEW_TBLS__F_PSR_CLAIM_MV_1,PROC_REFRESH_GRP_M_VIEW_TBLS__F_PSR_CLAIM_MV_1,FCT_PROC_EXEC_STATUS_LOG_R,V_PLSQL_BLOCK_NAME_R,FCT_PROC_EXEC_STATUS_LOG_R,P_MV_TBL_NAME,Direct
Standalone Procedure,,PROC_REFRESH_GRP_M_VIEW_TBLS__F_PSR_CLAIM_MV_3,PROC_REFRESH_GRP_M_VIEW_TBLS__F_PSR_CLAIM_MV_3,FCT_PROC_EXEC_STATUS_LOG_R,N_BATCH_ID_R,FCT_PROC_EXEC_STATUS_LOG_R,LN_BATCH_ID_R,Direct
Standalone Procedure,,PROC_REFRESH_GRP_M_VIEW_TBLS__F_PSR_CLAIM_MV_3,PROC_REFRESH_GRP_M_VIEW_TBLS__F_PSR_CLAIM_MV_3,FCT_PROC_EXEC_STATUS_LOG_R,N_MIS_DATE_SKEY_R,,,Constant / Expression
Standalone Procedure,,PROC_REFRESH_GRP_M_VIEW_TBLS__F_PSR_CLAIM_MV_3,PROC_REFRESH_GRP_M_VIEW_TBLS__F_PSR_CLAIM_MV_3,FCT_PROC_EXEC_STATUS_LOG_R,N_SERIAL_NUM_R,FCT_PROC_EXEC_STATUS_LOG_R,N_MAX_SERIAL_NUM_R,Direct
Standalone Procedure,,PROC_REFRESH_GRP_M_VIEW_TBLS__F_PSR_CLAIM_MV_3,PROC_REFRESH_GRP_M_VIEW_TBLS__F_PSR_CLAIM_MV_3,FCT_PROC_EXEC_STATUS_LOG_R,T_EXECUTION_END_TIMESTAMP_R,,,Constant / Expression
Standalone Procedure,,PROC_REFRESH_GRP_M_VIEW_TBLS__F_PSR_CLAIM_MV_3,PROC_REFRESH_GRP_M_VIEW_TBLS__F_PSR_CLAIM_MV_3,FCT_PROC_EXEC_STATUS_LOG_R,T_EXECUTION_TIMESTAMP_R,,,Constant / Expression
Standalone Procedure,,PROC_REFRESH_GRP_M_VIEW_TBLS__F_PSR_CLAIM_MV_3,PROC_REFRESH_GRP_M_VIEW_TBLS__F_PSR_CLAIM_MV_3,FCT_PROC_EXEC_STATUS_LOG_R,V_PLSQL_BLOCK_NAME_R,FCT_PROC_EXEC_STATUS_LOG_R,P_MV_TBL_NAME,Direct
Standalone Procedure,,PROC_REFRESH_GRP_M_VIEW_TBLS__F_PSR_CLAIM_MV_4,PROC_REFRESH_GRP_M_VIEW_TBLS__F_PSR_CLAIM_MV_4,FCT_PROC_EXEC_STATUS_LOG_R,N_BATCH_ID_R,FCT_PROC_EXEC_STATUS_LOG_R,LN_BATCH_ID_R,Direct
Standalone Procedure,,PROC_REFRESH_GRP_M_VIEW_TBLS__F_PSR_CLAIM_MV_4,PROC_REFRESH_GRP_M_VIEW_TBLS__F_PSR_CLAIM_MV_4,FCT_PROC_EXEC_STATUS_LOG_R,N_MIS_DATE_SKEY_R,,,Constant / Expression
Standalone Procedure,,PROC_REFRESH_GRP_M_VIEW_TBLS__F_PSR_CLAIM_MV_4,PROC_REFRESH_GRP_M_VIEW_TBLS__F_PSR_CLAIM_MV_4,FCT_PROC_EXEC_STATUS_LOG_R,N_SERIAL_NUM_R,FCT_PROC_EXEC_STATUS_LOG_R,N_MAX_SERIAL_NUM_R,Direct
Standalone Procedure,,PROC_REFRESH_GRP_M_VIEW_TBLS__F_PSR_CLAIM_MV_4,PROC_REFRESH_GRP_M_VIEW_TBLS__F_PSR_CLAIM_MV_4,FCT_PROC_EXEC_STATUS_LOG_R,T_EXECUTION_END_TIMESTAMP_R,,,Constant / Expression
Standalone Procedure,,PROC_REFRESH_GRP_M_VIEW_TBLS__F_PSR_CLAIM_MV_4,PROC_REFRESH_GRP_M_VIEW_TBLS__F_PSR_CLAIM_MV_4,FCT_PROC_EXEC_STATUS_LOG_R,T_EXECUTION_TIMESTAMP_R,,,Constant / Expression
Standalone Procedure,,PROC_REFRESH_GRP_M_VIEW_TBLS__F_PSR_CLAIM_MV_4,PROC_REFRESH_GRP_M_VIEW_TBLS__F_PSR_CLAIM_MV_4,FCT_PROC_EXEC_STATUS_LOG_R,V_PLSQL_BLOCK_NAME_R,FCT_PROC_EXEC_STATUS_LOG_R,P_MV_TBL_NAME,Direct
Standalone Procedure,,PROC_REFRESH_GRP_M_VIEW_TBLS__LG_RESERVES_MAX_RESERVE_VAL_DATE,PROC_REFRESH_GRP_M_VIEW_TBLS__LG_RESERVES_MAX_RESERVE_VAL_DATE,FCT_PROC_EXEC_STATUS_LOG_R,N_BATCH_ID_R,FCT_PROC_EXEC_STATUS_LOG_R,LN_BATCH_ID_R,Direct
Standalone Procedure,,PROC_REFRESH_GRP_M_VIEW_TBLS__LG_RESERVES_MAX_RESERVE_VAL_DATE,PROC_REFRESH_GRP_M_VIEW_TBLS__LG_RESERVES_MAX_RESERVE_VAL_DATE,FCT_PROC_EXEC_STATUS_LOG_R,N_MIS_DATE_SKEY_R,,,Constant / Expression
Standalone Procedure,,PROC_REFRESH_GRP_M_VIEW_TBLS__LG_RESERVES_MAX_RESERVE_VAL_DATE,PROC_REFRESH_GRP_M_VIEW_TBLS__LG_RESERVES_MAX_RESERVE_VAL_DATE,FCT_PROC_EXEC_STATUS_LOG_R,N_SERIAL_NUM_R,FCT_PROC_EXEC_STATUS_LOG_R,N_MAX_SERIAL_NUM_R,Direct
Standalone Procedure,,PROC_REFRESH_GRP_M_VIEW_TBLS__LG_RESERVES_MAX_RESERVE_VAL_DATE,PROC_REFRESH_GRP_M_VIEW_TBLS__LG_RESERVES_MAX_RESERVE_VAL_DATE,FCT_PROC_EXEC_STATUS_LOG_R,T_EXECUTION_END_TIMESTAMP_R,,,Constant / Expression
Standalone Procedure,,PROC_REFRESH_GRP_M_VIEW_TBLS__LG_RESERVES_MAX_RESERVE_VAL_DATE,PROC_REFRESH_GRP_M_VIEW_TBLS__LG_RESERVES_MAX_RESERVE_VAL_DATE,FCT_PROC_EXEC_STATUS_LOG_R,T_EXECUTION_TIMESTAMP_R,,,Constant / Expression
Standalone Procedure,,PROC_REFRESH_GRP_M_VIEW_TBLS__LG_RESERVES_MAX_RESERVE_VAL_DATE,PROC_REFRESH_GRP_M_VIEW_TBLS__LG_RESERVES_MAX_RESERVE_VAL_DATE,FCT_PROC_EXEC_STATUS_LOG_R,V_PLSQL_BLOCK_NAME_R,FCT_PROC_EXEC_STATUS_LOG_R,P_MV_TBL_NAME,Direct
Standalone Procedure,,PROC_REFRESH_GRP_M_VIEW_TBLS__LG_RESERVES_MAX_RESERVE_VAL_DATE,PROC_REFRESH_GRP_M_VIEW_TBLS__LG_RESERVES_MAX_RESERVE_VAL_DATE,FCT_PROC_EXEC_STATUS_LOG_R,V_STATUS_R,,,Constant / Expression
Standalone Procedure,,PROC_REFRESH_GRP_M_VIEW_TBLS__LG_RESERVES_MAX_RESERVE_VAL_DATE,PROC_REFRESH_GRP_M_VIEW_TBLS__LG_RESERVES_MAX_RESERVE_VAL_DATE,LG_RESERVES_MAX_RESERVE_VAL_DATE_MV_TBL,CLAIM_IDENTIFIER,dim_grp_claim_coverage_group_r,v_claim_identifier_r,Direct
Standalone Procedure,,PROC_REFRESH_GRP_M_VIEW_TBLS__LG_RESERVES_MAX_RESERVE_VAL_DATE,PROC_REFRESH_GRP_M_VIEW_TBLS__LG_RESERVES_MAX_RESERVE_VAL_DATE,LG_RESERVES_MAX_RESERVE_VAL_DATE_MV_TBL,CLAIM_ID_RESERVE_VALUATION_DATE,dim_grp_claim_coverage_group_r,v_claim_identifier_r,concat
Standalone Procedure,,PROC_REFRESH_GRP_M_VIEW_TBLS__LG_RESERVES_MAX_RESERVE_VAL_DATE,PROC_REFRESH_GRP_M_VIEW_TBLS__LG_RESERVES_MAX_RESERVE_VAL_DATE,LG_RESERVES_MAX_RESERVE_VAL_DATE_MV_TBL,CLAIM_ID_RESERVE_VALUATION_DATE,fct_lg_reserve_details_r,D_RESERVE_VALUATION_DATE_R,concat -> NVL -> CAST -> MAX
Standalone Procedure,,PROC_REFRESH_GRP_M_VIEW_TBLS__LG_RESERVES_MAX_RESERVE_VAL_DATE,PROC_REFRESH_GRP_M_VIEW_TBLS__LG_RESERVES_MAX_RESERVE_VAL_DATE,LG_RESERVES_MAX_RESERVE_VAL_DATE_MV_TBL,RESERVE_VALUATION_DATE,fct_lg_reserve_details_r,D_RESERVE_VALUATION_DATE_R,NVL -> CAST -> MAX
Standalone Procedure,,PROC_REFRESH_GRP_M_VIEW_TBLS__MVW_PRODUCT_SK_LOOKUP,PROC_REFRESH_GRP_M_VIEW_TBLS__MVW_PRODUCT_SK_LOOKUP,FCT_PROC_EXEC_STATUS_LOG_R,N_BATCH_ID_R,FCT_PROC_EXEC_STATUS_LOG_R,LN_BATCH_ID_R,Direct
Standalone Procedure,,PROC_REFRESH_GRP_M_VIEW_TBLS__MVW_PRODUCT_SK_LOOKUP,PROC_REFRESH_GRP_M_VIEW_TBLS__MVW_PRODUCT_SK_LOOKUP,FCT_PROC_EXEC_STATUS_LOG_R,N_MIS_DATE_SKEY_R,,,Constant / Expression
Standalone Procedure,,PROC_REFRESH_GRP_M_VIEW_TBLS__MVW_PRODUCT_SK_LOOKUP,PROC_REFRESH_GRP_M_VIEW_TBLS__MVW_PRODUCT_SK_LOOKUP,FCT_PROC_EXEC_STATUS_LOG_R,N_SERIAL_NUM_R,FCT_PROC_EXEC_STATUS_LOG_R,N_MAX_SERIAL_NUM_R,Direct
Standalone Procedure,,PROC_REFRESH_GRP_M_VIEW_TBLS__MVW_PRODUCT_SK_LOOKUP,PROC_REFRESH_GRP_M_VIEW_TBLS__MVW_PRODUCT_SK_LOOKUP,FCT_PROC_EXEC_STATUS_LOG_R,T_EXECUTION_END_TIMESTAMP_R,,,Constant / Expression
Standalone Procedure,,PROC_REFRESH_GRP_M_VIEW_TBLS__MVW_PRODUCT_SK_LOOKUP,PROC_REFRESH_GRP_M_VIEW_TBLS__MVW_PRODUCT_SK_LOOKUP,FCT_PROC_EXEC_STATUS_LOG_R,T_EXECUTION_TIMESTAMP_R,,,Constant / Expression
Standalone Procedure,,PROC_REFRESH_GRP_M_VIEW_TBLS__MVW_PRODUCT_SK_LOOKUP,PROC_REFRESH_GRP_M_VIEW_TBLS__MVW_PRODUCT_SK_LOOKUP,FCT_PROC_EXEC_STATUS_LOG_R,V_PLSQL_BLOCK_NAME_R,FCT_PROC_EXEC_STATUS_LOG_R,P_MV_TBL_NAME,Direct
Standalone Procedure,,PROC_REFRESH_GRP_M_VIEW_TBLS__MVW_PRODUCT_SK_LOOKUP,PROC_REFRESH_GRP_M_VIEW_TBLS__MVW_PRODUCT_SK_LOOKUP,FCT_PROC_EXEC_STATUS_LOG_R,V_STATUS_R,,,Constant / Expression
Standalone Procedure,,PROC_REFRESH_GRP_M_VIEW_TBLS__MVW_PRODUCT_SK_LOOKUP,PROC_REFRESH_GRP_M_VIEW_TBLS__MVW_PRODUCT_SK_LOOKUP,MVW_PRODUCT_SK_LOOKUP_TBL,N_CLAIM_SK_R,dim_grp_claim_dir_r,n_claim_sk_r,Direct
Standalone Procedure,,PROC_REFRESH_GRP_M_VIEW_TBLS__MVW_PRODUCT_SK_LOOKUP,PROC_REFRESH_GRP_M_VIEW_TBLS__MVW_PRODUCT_SK_LOOKUP,MVW_PRODUCT_SK_LOOKUP_TBL,N_PRODUCT_SK_R,DIM_GRP_PRODUCT_R,n_product_sk_r,nvl
Standalone Procedure,,PROC_REFRESH_GRP_M_VIEW_TBLS__MVW_PRODUCT_SK_LOOKUP,PROC_REFRESH_GRP_M_VIEW_TBLS__MVW_PRODUCT_SK_LOOKUP,MVW_PRODUCT_SK_LOOKUP_TBL,V_CLAIM_COVERAGE_CODE_R,dim_grp_claim_coverage_group_r,v_claim_coverage_code_r,nvl
Standalone Procedure,,PROC_REFRESH_GRP_M_VIEW_TBLS__MVW_PRODUCT_SK_LOOKUP,PROC_REFRESH_GRP_M_VIEW_TBLS__MVW_PRODUCT_SK_LOOKUP,MVW_PRODUCT_SK_LOOKUP_TBL,V_CLAIM_COVERAGE_CODE_R,dim_grp_claim_coverage_r,v_claim_coverage_code_r,nvl
Standalone Procedure,,PROC_REFRESH_GRP_M_VIEW_TBLS__MVW_PRODUCT_SK_LOOKUP,PROC_REFRESH_GRP_M_VIEW_TBLS__MVW_PRODUCT_SK_LOOKUP,MVW_PRODUCT_SK_LOOKUP_TBL,V_CLAIM_NUMBER_R,dim_grp_claim_dir_r,v_claim_number_r,Direct
View,,,DIM_GRP_CLAIM_DETAIL_R_VW,DIM_GRP_CLAIM_DETAIL_R_VW,N_CLAIM_COVERAGE_GROUP_SK_R,dim_grp_claim_coverage_group_r,n_claim_coverage_group_sk_r,Direct
View,,,DIM_GRP_CLAIM_DETAIL_R_VW,DIM_GRP_CLAIM_DETAIL_R_VW,N_CLAIM_COVERAGE_SK_R,dim_grp_claim_coverage_group_r,n_claim_coverage_sk_r,Direct
View,,,DIM_GRP_CLAIM_DETAIL_R_VW,DIM_GRP_CLAIM_DETAIL_R_VW,N_CLAIM_SK_R,dim_grp_claim_detail_r,n_claim_sk_r,Direct
View,,,DIM_GRP_CLAIM_DETAIL_R_VW,DIM_GRP_CLAIM_DETAIL_R_VW,N_POLICY_SK_R,dim_grp_claim_dir_r,n_policy_sk_r,Direct
View,,,DIM_GRP_CLAIM_DETAIL_R_VW,DIM_GRP_CLAIM_DETAIL_R_VW,T_EVENT_TIMESTAMP_R_1,dim_grp_claim_coverage_group_r,t_event_timestamp_r,Direct
View,,,DIM_GRP_CLAIM_DETAIL_R_VW,DIM_GRP_CLAIM_DETAIL_R_VW,T_EVENT_TIMESTAMP_R_2,dim_grp_claim_detail_r,t_event_timestamp_r,Direct
View,,,DIM_GRP_CLAIM_DETAIL_R_VW,DIM_GRP_CLAIM_DETAIL_R_VW,V_CLAIM_COVERAGE_CODE_R,dim_grp_claim_coverage_group_r,v_claim_coverage_code_r,Direct
View,,,DIM_GRP_CLAIM_DETAIL_R_VW,DIM_GRP_CLAIM_DETAIL_R_VW,V_CLAIM_IDENTIFIER_R,dim_grp_claim_coverage_group_r,v_claim_identifier_r,Direct
View,,,DIM_GRP_CLAIM_DETAIL_R_VW,DIM_GRP_CLAIM_DETAIL_R_VW,V_CLAIM_NUMBER_R,dim_grp_claim_detail_r,v_claim_number_r,Direct
View,,,DIM_GRP_CLAIM_DETAIL_R_VW,DIM_GRP_CLAIM_DETAIL_R_VW,V_CLAIM_STATUS_REASON_CODE_R,,,Constant / Expression
View,,,DIM_GRP_CLAIM_DETAIL_R_VW,DIM_GRP_CLAIM_DETAIL_R_VW,V_REASON_CODE_R,dim_grp_claim_coverage_group_r,v_reason_code_r,Direct
View,,,DIM_GRP_CLAIM_DETAIL_R_VW,DIM_GRP_CLAIM_DETAIL_R_VW,V_REASON_FLAG_R,,,Constant / Expression
View,,,DIM_GRP_CLAIM_DETAIL_R_VW_2,DIM_GRP_CLAIM_DETAIL_R_VW_2,N_CLAIM_COVERAGE_GROUP_SK_R,DIM_GRP_CLAIM_DETAIL_R_VW,n_claim_coverage_group_sk_r,Direct
View,,,DIM_GRP_CLAIM_DETAIL_R_VW_2,DIM_GRP_CLAIM_DETAIL_R_VW_2,N_CLAIM_COVERAGE_SK_R,DIM_GRP_CLAIM_DETAIL_R_VW,n_claim_coverage_sk_r,Direct
View,,,DIM_GRP_CLAIM_DETAIL_R_VW_2,DIM_GRP_CLAIM_DETAIL_R_VW_2,N_CLAIM_SK_R,DIM_GRP_CLAIM_DETAIL_R_VW,n_claim_sk_r,Direct
View,,,DIM_GRP_CLAIM_DETAIL_R_VW_2,DIM_GRP_CLAIM_DETAIL_R_VW_2,N_POLICY_SK_R,DIM_GRP_CLAIM_DETAIL_R_VW,n_policy_sk_r,Direct
View,,,DIM_GRP_CLAIM_DETAIL_R_VW_2,DIM_GRP_CLAIM_DETAIL_R_VW_2,T_EVENT_TIMESTAMP_R_1,DIM_GRP_CLAIM_DETAIL_R_VW,t_event_timestamp_r_1,Direct
View,,,DIM_GRP_CLAIM_DETAIL_R_VW_2,DIM_GRP_CLAIM_DETAIL_R_VW_2,T_EVENT_TIMESTAMP_R_2,DIM_GRP_CLAIM_DETAIL_R_VW,t_event_timestamp_r_2,Direct
View,,,DIM_GRP_CLAIM_DETAIL_R_VW_2,DIM_GRP_CLAIM_DETAIL_R_VW_2,V_CLAIM_COVERAGE_CODE_R,DIM_GRP_CLAIM_DETAIL_R_VW,v_claim_coverage_code_r,Direct
View,,,DIM_GRP_CLAIM_DETAIL_R_VW_2,DIM_GRP_CLAIM_DETAIL_R_VW_2,V_CLAIM_IDENTIFIER_R,DIM_GRP_CLAIM_DETAIL_R_VW,v_claim_identifier_r,Direct
View,,,DIM_GRP_CLAIM_DETAIL_R_VW_2,DIM_GRP_CLAIM_DETAIL_R_VW_2,V_CLAIM_NUMBER_R,DIM_GRP_CLAIM_DETAIL_R_VW,v_claim_number_r,Direct
View,,,DIM_GRP_CLAIM_DETAIL_R_VW_2,DIM_GRP_CLAIM_DETAIL_R_VW_2,V_CLAIM_STATUS_REASON_CODE_R,DIM_GRP_CLAIM_DETAIL_R_VW,v_claim_status_reason_code_r,Direct
View,,,DIM_GRP_CLAIM_DETAIL_R_VW_2,DIM_GRP_CLAIM_DETAIL_R_VW_2,V_POLICY_NUMBER_R,DIM_GRP_CLAIM_DETAIL_R_VW,v_policy_number_r,Direct
View,,,DIM_GRP_CLAIM_DETAIL_R_VW_2,DIM_GRP_CLAIM_DETAIL_R_VW_2,V_REASON_CODE_R,DIM_GRP_CLAIM_DETAIL_R_VW,v_reason_code_r,Direct
View,,,DIM_GRP_CLAIM_DETAIL_R_VW_2,DIM_GRP_CLAIM_DETAIL_R_VW_2,V_REASON_FLAG_R,DIM_GRP_CLAIM_DETAIL_R_VW,v_reason_flag_r,Direct
View,,,FCT_CLAIM_PAYMENT_DETAIL_R,FCT_CLAIM_PAYMENT_DETAIL_R,D_CHECK_DATE_R,FCT_BENEFIT_PAYMENT_DETAIL_OFFSET_MV_TBL,D_CHECK_DATE_R,Direct
View,,,FCT_CLAIM_PAYMENT_DETAIL_R,FCT_CLAIM_PAYMENT_DETAIL_R,D_CHECK_DATE_R,FCT_CLAIM_PAYMENT_DETAIL_ADJUSTMENT_R,D_CHECK_DATE_R,Direct
View,,,FCT_CLAIM_PAYMENT_DETAIL_R,FCT_CLAIM_PAYMENT_DETAIL_R,D_CHECK_DATE_R,FCT_CLAIM_PAYMENT_DETAIL_BENEFIT_PAYMENT_R,D_CHECK_DATE_R,Direct
View,,,FCT_CLAIM_PAYMENT_DETAIL_R,FCT_CLAIM_PAYMENT_DETAIL_R,D_CHECK_DATE_R,FCT_CLAIM_PAYMENT_DETAIL_DISBURSEMENT_R,D_CHECK_DATE_R,Direct
View,,,FCT_CLAIM_PAYMENT_DETAIL_R,FCT_CLAIM_PAYMENT_DETAIL_R,D_CHECK_DATE_R,FCT_CLAIM_PAYMENT_DETAIL_EXPENSE_R,D_CHECK_DATE_R,Direct
View,,,FCT_CLAIM_PAYMENT_DETAIL_R,FCT_CLAIM_PAYMENT_DETAIL_R,D_CHECK_DATE_R,FCT_CLAIM_PAYMENT_DETAIL_GROSS_BENEFIT_R,D_CHECK_DATE_R,Direct
View,,,FCT_CLAIM_PAYMENT_DETAIL_R,FCT_CLAIM_PAYMENT_DETAIL_R,D_PAID_DATE_R,FCT_BENEFIT_PAYMENT_DETAIL_OFFSET_MV_TBL,D_PAID_DATE_R,cast
View,,,FCT_CLAIM_PAYMENT_DETAIL_R,FCT_CLAIM_PAYMENT_DETAIL_R,D_PAID_DATE_R,FCT_CLAIM_PAYMENT_DETAIL_ADJUSTMENT_R,D_PAID_DATE_R,Direct
View,,,FCT_CLAIM_PAYMENT_DETAIL_R,FCT_CLAIM_PAYMENT_DETAIL_R,D_PAID_DATE_R,FCT_CLAIM_PAYMENT_DETAIL_BENEFIT_PAYMENT_R,D_PAID_DATE_R,Direct
View,,,FCT_CLAIM_PAYMENT_DETAIL_R,FCT_CLAIM_PAYMENT_DETAIL_R,D_PAID_DATE_R,FCT_CLAIM_PAYMENT_DETAIL_DISBURSEMENT_R,D_PAID_DATE_R,Direct
View,,,FCT_CLAIM_PAYMENT_DETAIL_R,FCT_CLAIM_PAYMENT_DETAIL_R,D_PAID_DATE_R,FCT_CLAIM_PAYMENT_DETAIL_EXPENSE_R,D_PAID_DATE_R,Direct
View,,,FCT_CLAIM_PAYMENT_DETAIL_R,FCT_CLAIM_PAYMENT_DETAIL_R,D_PAID_DATE_R,FCT_CLAIM_PAYMENT_DETAIL_GROSS_BENEFIT_R,D_PAID_DATE_R,Direct
View,,,FCT_CLAIM_PAYMENT_DETAIL_R,FCT_CLAIM_PAYMENT_DETAIL_R,D_SERVICE_PERIOD_FROM_R,FCT_BENEFIT_PAYMENT_DETAIL_OFFSET_MV_TBL,D_SERVICE_PERIOD_FROM_R,Direct
View,,,FCT_CLAIM_PAYMENT_DETAIL_R,FCT_CLAIM_PAYMENT_DETAIL_R,D_SERVICE_PERIOD_FROM_R,FCT_CLAIM_PAYMENT_DETAIL_ADJUSTMENT_R,D_SERVICE_PERIOD_FROM_R,Direct
View,,,FCT_CLAIM_PAYMENT_DETAIL_R,FCT_CLAIM_PAYMENT_DETAIL_R,D_SERVICE_PERIOD_FROM_R,FCT_CLAIM_PAYMENT_DETAIL_BENEFIT_PAYMENT_R,D_SERVICE_PERIOD_FROM_R,Direct
View,,,FCT_CLAIM_PAYMENT_DETAIL_R,FCT_CLAIM_PAYMENT_DETAIL_R,D_SERVICE_PERIOD_FROM_R,FCT_CLAIM_PAYMENT_DETAIL_DISBURSEMENT_R,D_SERVICE_PERIOD_FROM_R,Direct
View,,,FCT_CLAIM_PAYMENT_DETAIL_R,FCT_CLAIM_PAYMENT_DETAIL_R,D_SERVICE_PERIOD_FROM_R,FCT_CLAIM_PAYMENT_DETAIL_EXPENSE_R,D_SERVICE_PERIOD_FROM_R,Direct
View,,,FCT_CLAIM_PAYMENT_DETAIL_R,FCT_CLAIM_PAYMENT_DETAIL_R,D_SERVICE_PERIOD_FROM_R,FCT_CLAIM_PAYMENT_DETAIL_GROSS_BENEFIT_R,D_SERVICE_PERIOD_FROM_R,Direct
View,,,FCT_CLAIM_PAYMENT_DETAIL_R,FCT_CLAIM_PAYMENT_DETAIL_R,D_SERVICE_PERIOD_TO_R,FCT_BENEFIT_PAYMENT_DETAIL_OFFSET_MV_TBL,D_SERVICE_PERIOD_TO_R,Direct
View,,,FCT_CLAIM_PAYMENT_DETAIL_R,FCT_CLAIM_PAYMENT_DETAIL_R,D_SERVICE_PERIOD_TO_R,FCT_CLAIM_PAYMENT_DETAIL_ADJUSTMENT_R,D_SERVICE_PERIOD_TO_R,Direct
View,,,FCT_CLAIM_PAYMENT_DETAIL_R,FCT_CLAIM_PAYMENT_DETAIL_R,D_SERVICE_PERIOD_TO_R,FCT_CLAIM_PAYMENT_DETAIL_BENEFIT_PAYMENT_R,D_SERVICE_PERIOD_TO_R,Direct
View,,,FCT_CLAIM_PAYMENT_DETAIL_R,FCT_CLAIM_PAYMENT_DETAIL_R,D_SERVICE_PERIOD_TO_R,FCT_CLAIM_PAYMENT_DETAIL_DISBURSEMENT_R,D_SERVICE_PERIOD_TO_R,Direct
View,,,FCT_CLAIM_PAYMENT_DETAIL_R,FCT_CLAIM_PAYMENT_DETAIL_R,D_SERVICE_PERIOD_TO_R,FCT_CLAIM_PAYMENT_DETAIL_EXPENSE_R,D_SERVICE_PERIOD_TO_R,Direct
View,,,FCT_CLAIM_PAYMENT_DETAIL_R,FCT_CLAIM_PAYMENT_DETAIL_R,D_SERVICE_PERIOD_TO_R,FCT_CLAIM_PAYMENT_DETAIL_GROSS_BENEFIT_R,D_SERVICE_PERIOD_TO_R,Direct
View,,,FCT_CLAIM_PAYMENT_DETAIL_R,FCT_CLAIM_PAYMENT_DETAIL_R,FIC_MIS_DATE_R,FCT_BENEFIT_PAYMENT_DETAIL_OFFSET_MV_TBL,FIC_MIS_DATE_R,Direct
View,,,FCT_CLAIM_PAYMENT_DETAIL_R,FCT_CLAIM_PAYMENT_DETAIL_R,FIC_MIS_DATE_R,FCT_CLAIM_PAYMENT_DETAIL_ADJUSTMENT_R,FIC_MIS_DATE_R,Direct
View,,,FCT_CLAIM_PAYMENT_DETAIL_R,FCT_CLAIM_PAYMENT_DETAIL_R,FIC_MIS_DATE_R,FCT_CLAIM_PAYMENT_DETAIL_BENEFIT_PAYMENT_R,FIC_MIS_DATE_R,Direct
View,,,FCT_CLAIM_PAYMENT_DETAIL_R,FCT_CLAIM_PAYMENT_DETAIL_R,FIC_MIS_DATE_R,FCT_CLAIM_PAYMENT_DETAIL_DISBURSEMENT_R,FIC_MIS_DATE_R,Direct
View,,,FCT_CLAIM_PAYMENT_DETAIL_R,FCT_CLAIM_PAYMENT_DETAIL_R,FIC_MIS_DATE_R,FCT_CLAIM_PAYMENT_DETAIL_EXPENSE_R,FIC_MIS_DATE_R,Direct
View,,,FCT_CLAIM_PAYMENT_DETAIL_R,FCT_CLAIM_PAYMENT_DETAIL_R,FIC_MIS_DATE_R,FCT_CLAIM_PAYMENT_DETAIL_GROSS_BENEFIT_R,FIC_MIS_DATE_R,Direct
View,,,FCT_CLAIM_PAYMENT_DETAIL_R,FCT_CLAIM_PAYMENT_DETAIL_R,N_ADJ_GROSS_BENEFIT_R,FCT_BENEFIT_PAYMENT_DETAIL_OFFSET_MV_TBL,N_ADJ_GROSS_BENEFIT_R,cast
View,,,FCT_CLAIM_PAYMENT_DETAIL_R,FCT_CLAIM_PAYMENT_DETAIL_R,N_ADJ_GROSS_BENEFIT_R,FCT_CLAIM_PAYMENT_DETAIL_ADJUSTMENT_R,N_ADJ_GROSS_BENEFIT_R,Direct
View,,,FCT_CLAIM_PAYMENT_DETAIL_R,FCT_CLAIM_PAYMENT_DETAIL_R,N_ADJ_GROSS_BENEFIT_R,FCT_CLAIM_PAYMENT_DETAIL_BENEFIT_PAYMENT_R,N_ADJ_GROSS_BENEFIT_R,Direct
View,,,FCT_CLAIM_PAYMENT_DETAIL_R,FCT_CLAIM_PAYMENT_DETAIL_R,N_ADJ_GROSS_BENEFIT_R,FCT_CLAIM_PAYMENT_DETAIL_DISBURSEMENT_R,N_ADJ_GROSS_BENEFIT_R,Direct
View,,,FCT_CLAIM_PAYMENT_DETAIL_R,FCT_CLAIM_PAYMENT_DETAIL_R,N_ADJ_GROSS_BENEFIT_R,FCT_CLAIM_PAYMENT_DETAIL_EXPENSE_R,N_ADJ_GROSS_BENEFIT_R,Direct
View,,,FCT_CLAIM_PAYMENT_DETAIL_R,FCT_CLAIM_PAYMENT_DETAIL_R,N_ADJ_GROSS_BENEFIT_R,FCT_CLAIM_PAYMENT_DETAIL_GROSS_BENEFIT_R,N_ADJ_GROSS_BENEFIT_R,Direct
View,,,FCT_CLAIM_PAYMENT_DETAIL_R,FCT_CLAIM_PAYMENT_DETAIL_R,N_BATCH_ID_R,FCT_BENEFIT_PAYMENT_DETAIL_OFFSET_MV_TBL,N_BATCH_ID_R,Direct
View,,,FCT_CLAIM_PAYMENT_DETAIL_R,FCT_CLAIM_PAYMENT_DETAIL_R,N_BATCH_ID_R,FCT_CLAIM_PAYMENT_DETAIL_ADJUSTMENT_R,N_BATCH_ID_R,Direct
View,,,FCT_CLAIM_PAYMENT_DETAIL_R,FCT_CLAIM_PAYMENT_DETAIL_R,N_BATCH_ID_R,FCT_CLAIM_PAYMENT_DETAIL_BENEFIT_PAYMENT_R,N_BATCH_ID_R,Direct
View,,,FCT_CLAIM_PAYMENT_DETAIL_R,FCT_CLAIM_PAYMENT_DETAIL_R,N_BATCH_ID_R,FCT_CLAIM_PAYMENT_DETAIL_DISBURSEMENT_R,N_BATCH_ID_R,Direct
View,,,FCT_CLAIM_PAYMENT_DETAIL_R,FCT_CLAIM_PAYMENT_DETAIL_R,N_BATCH_ID_R,FCT_CLAIM_PAYMENT_DETAIL_EXPENSE_R,N_BATCH_ID_R,Direct
View,,,FCT_CLAIM_PAYMENT_DETAIL_R,FCT_CLAIM_PAYMENT_DETAIL_R,N_BATCH_ID_R,FCT_CLAIM_PAYMENT_DETAIL_GROSS_BENEFIT_R,N_BATCH_ID_R,Direct
View,,,FCT_CLAIM_PAYMENT_DETAIL_R,FCT_CLAIM_PAYMENT_DETAIL_R,N_CLAIM_COVERAGE_GROUP_SK_R,FCT_BENEFIT_PAYMENT_DETAIL_OFFSET_MV_TBL,N_CLAIM_COVERAGE_GROUP_SK_R,cast
View,,,FCT_CLAIM_PAYMENT_DETAIL_R,FCT_CLAIM_PAYMENT_DETAIL_R,N_CLAIM_COVERAGE_GROUP_SK_R,FCT_CLAIM_PAYMENT_DETAIL_ADJUSTMENT_R,N_CLAIM_COVERAGE_GROUP_SK_R,Direct
View,,,FCT_CLAIM_PAYMENT_DETAIL_R,FCT_CLAIM_PAYMENT_DETAIL_R,N_CLAIM_COVERAGE_GROUP_SK_R,FCT_CLAIM_PAYMENT_DETAIL_BENEFIT_PAYMENT_R,N_CLAIM_COVERAGE_GROUP_SK_R,Direct
View,,,FCT_CLAIM_PAYMENT_DETAIL_R,FCT_CLAIM_PAYMENT_DETAIL_R,N_CLAIM_COVERAGE_GROUP_SK_R,FCT_CLAIM_PAYMENT_DETAIL_DISBURSEMENT_R,N_CLAIM_COVERAGE_GROUP_SK_R,Direct
View,,,FCT_CLAIM_PAYMENT_DETAIL_R,FCT_CLAIM_PAYMENT_DETAIL_R,N_CLAIM_COVERAGE_GROUP_SK_R,FCT_CLAIM_PAYMENT_DETAIL_EXPENSE_R,N_CLAIM_COVERAGE_GROUP_SK_R,Direct
View,,,FCT_CLAIM_PAYMENT_DETAIL_R,FCT_CLAIM_PAYMENT_DETAIL_R,N_CLAIM_COVERAGE_GROUP_SK_R,FCT_CLAIM_PAYMENT_DETAIL_GROSS_BENEFIT_R,N_CLAIM_COVERAGE_GROUP_SK_R,Direct
View,,,FCT_CLAIM_PAYMENT_DETAIL_R,FCT_CLAIM_PAYMENT_DETAIL_R,N_CLAIM_COVERAGE_SK_R,FCT_BENEFIT_PAYMENT_DETAIL_OFFSET_MV_TBL,N_CLAIM_COVERAGE_SK_R,cast
View,,,FCT_CLAIM_PAYMENT_DETAIL_R,FCT_CLAIM_PAYMENT_DETAIL_R,N_CLAIM_COVERAGE_SK_R,FCT_CLAIM_PAYMENT_DETAIL_ADJUSTMENT_R,N_CLAIM_COVERAGE_SK_R,Direct
View,,,FCT_CLAIM_PAYMENT_DETAIL_R,FCT_CLAIM_PAYMENT_DETAIL_R,N_CLAIM_COVERAGE_SK_R,FCT_CLAIM_PAYMENT_DETAIL_BENEFIT_PAYMENT_R,N_CLAIM_COVERAGE_SK_R,Direct
View,,,FCT_CLAIM_PAYMENT_DETAIL_R,FCT_CLAIM_PAYMENT_DETAIL_R,N_CLAIM_COVERAGE_SK_R,FCT_CLAIM_PAYMENT_DETAIL_DISBURSEMENT_R,N_CLAIM_COVERAGE_SK_R,Direct
View,,,FCT_CLAIM_PAYMENT_DETAIL_R,FCT_CLAIM_PAYMENT_DETAIL_R,N_CLAIM_COVERAGE_SK_R,FCT_CLAIM_PAYMENT_DETAIL_EXPENSE_R,N_CLAIM_COVERAGE_SK_R,Direct
View,,,FCT_CLAIM_PAYMENT_DETAIL_R,FCT_CLAIM_PAYMENT_DETAIL_R,N_CLAIM_COVERAGE_SK_R,FCT_CLAIM_PAYMENT_DETAIL_GROSS_BENEFIT_R,N_CLAIM_COVERAGE_SK_R,Direct
View,,,FCT_CLAIM_PAYMENT_DETAIL_R,FCT_CLAIM_PAYMENT_DETAIL_R,N_CLAIM_SK_R,FCT_BENEFIT_PAYMENT_DETAIL_OFFSET_MV_TBL,N_CLAIM_SK_R,cast
View,,,FCT_CLAIM_PAYMENT_DETAIL_R,FCT_CLAIM_PAYMENT_DETAIL_R,N_CLAIM_SK_R,FCT_CLAIM_PAYMENT_DETAIL_ADJUSTMENT_R,N_CLAIM_SK_R,Direct
View,,,FCT_CLAIM_PAYMENT_DETAIL_R,FCT_CLAIM_PAYMENT_DETAIL_R,N_CLAIM_SK_R,FCT_CLAIM_PAYMENT_DETAIL_BENEFIT_PAYMENT_R,N_CLAIM_SK_R,Direct
View,,,FCT_CLAIM_PAYMENT_DETAIL_R,FCT_CLAIM_PAYMENT_DETAIL_R,N_CLAIM_SK_R,FCT_CLAIM_PAYMENT_DETAIL_DISBURSEMENT_R,N_CLAIM_SK_R,Direct
View,,,FCT_CLAIM_PAYMENT_DETAIL_R,FCT_CLAIM_PAYMENT_DETAIL_R,N_CLAIM_SK_R,FCT_CLAIM_PAYMENT_DETAIL_EXPENSE_R,N_CLAIM_SK_R,Direct
View,,,FCT_CLAIM_PAYMENT_DETAIL_R,FCT_CLAIM_PAYMENT_DETAIL_R,N_CLAIM_SK_R,FCT_CLAIM_PAYMENT_DETAIL_GROSS_BENEFIT_R,N_CLAIM_SK_R,Direct
View,,,FCT_CLAIM_PAYMENT_DETAIL_R,FCT_CLAIM_PAYMENT_DETAIL_R,N_EMPLOYEE_MED_WITHHELD_AMT_R,FCT_BENEFIT_PAYMENT_DETAIL_OFFSET_MV_TBL,N_EMPLOYEE_MED_WITHHELD_AMT_R,Direct
View,,,FCT_CLAIM_PAYMENT_DETAIL_R,FCT_CLAIM_PAYMENT_DETAIL_R,N_EMPLOYEE_MED_WITHHELD_AMT_R,FCT_CLAIM_PAYMENT_DETAIL_ADJUSTMENT_R,N_EMPLOYEE_MED_WITHHELD_AMT_R,Direct
View,,,FCT_CLAIM_PAYMENT_DETAIL_R,FCT_CLAIM_PAYMENT_DETAIL_R,N_EMPLOYEE_MED_WITHHELD_AMT_R,FCT_CLAIM_PAYMENT_DETAIL_BENEFIT_PAYMENT_R,N_EMPLOYEE_MED_WITHHELD_AMT_R,Direct
View,,,FCT_CLAIM_PAYMENT_DETAIL_R,FCT_CLAIM_PAYMENT_DETAIL_R,N_EMPLOYEE_MED_WITHHELD_AMT_R,FCT_CLAIM_PAYMENT_DETAIL_DISBURSEMENT_R,N_EMPLOYEE_MED_WITHHELD_AMT_R,Direct
View,,,FCT_CLAIM_PAYMENT_DETAIL_R,FCT_CLAIM_PAYMENT_DETAIL_R,N_EMPLOYEE_MED_WITHHELD_AMT_R,FCT_CLAIM_PAYMENT_DETAIL_EXPENSE_R,N_EMPLOYEE_MED_WITHHELD_AMT_R,Direct
View,,,FCT_CLAIM_PAYMENT_DETAIL_R,FCT_CLAIM_PAYMENT_DETAIL_R,N_EMPLOYEE_MED_WITHHELD_AMT_R,FCT_CLAIM_PAYMENT_DETAIL_GROSS_BENEFIT_R,N_EMPLOYEE_MED_WITHHELD_AMT_R,Direct
View,,,FCT_CLAIM_PAYMENT_DETAIL_R,FCT_CLAIM_PAYMENT_DETAIL_R,N_EMPLOYEE_SS_WITHHELD_AMT_R,FCT_BENEFIT_PAYMENT_DETAIL_OFFSET_MV_TBL,N_EMPLOYEE_SS_WITHHELD_AMT_R,Direct
View,,,FCT_CLAIM_PAYMENT_DETAIL_R,FCT_CLAIM_PAYMENT_DETAIL_R,N_EMPLOYEE_SS_WITHHELD_AMT_R,FCT_CLAIM_PAYMENT_DETAIL_ADJUSTMENT_R,N_EMPLOYEE_SS_WITHHELD_AMT_R,Direct
View,,,FCT_CLAIM_PAYMENT_DETAIL_R,FCT_CLAIM_PAYMENT_DETAIL_R,N_EMPLOYEE_SS_WITHHELD_AMT_R,FCT_CLAIM_PAYMENT_DETAIL_BENEFIT_PAYMENT_R,N_EMPLOYEE_SS_WITHHELD_AMT_R,Direct
View,,,FCT_CLAIM_PAYMENT_DETAIL_R,FCT_CLAIM_PAYMENT_DETAIL_R,N_EMPLOYEE_SS_WITHHELD_AMT_R,FCT_CLAIM_PAYMENT_DETAIL_DISBURSEMENT_R,N_EMPLOYEE_SS_WITHHELD_AMT_R,Direct
View,,,FCT_CLAIM_PAYMENT_DETAIL_R,FCT_CLAIM_PAYMENT_DETAIL_R,N_EMPLOYEE_SS_WITHHELD_AMT_R,FCT_CLAIM_PAYMENT_DETAIL_EXPENSE_R,N_EMPLOYEE_SS_WITHHELD_AMT_R,Direct
View,,,FCT_CLAIM_PAYMENT_DETAIL_R,FCT_CLAIM_PAYMENT_DETAIL_R,N_EMPLOYEE_SS_WITHHELD_AMT_R,FCT_CLAIM_PAYMENT_DETAIL_GROSS_BENEFIT_R,N_EMPLOYEE_SS_WITHHELD_AMT_R,Direct
View,,,FCT_CLAIM_PAYMENT_DETAIL_R,FCT_CLAIM_PAYMENT_DETAIL_R,N_EMPLOYER_MED_WITHHELD_AMT_R,FCT_BENEFIT_PAYMENT_DETAIL_OFFSET_MV_TBL,N_EMPLOYER_MED_WITHHELD_AMT_R,Direct
View,,,FCT_CLAIM_PAYMENT_DETAIL_R,FCT_CLAIM_PAYMENT_DETAIL_R,N_EMPLOYER_MED_WITHHELD_AMT_R,FCT_CLAIM_PAYMENT_DETAIL_ADJUSTMENT_R,N_EMPLOYER_MED_WITHHELD_AMT_R,Direct
View,,,FCT_CLAIM_PAYMENT_DETAIL_R,FCT_CLAIM_PAYMENT_DETAIL_R,N_EMPLOYER_MED_WITHHELD_AMT_R,FCT_CLAIM_PAYMENT_DETAIL_BENEFIT_PAYMENT_R,N_EMPLOYER_MED_WITHHELD_AMT_R,Direct
View,,,FCT_CLAIM_PAYMENT_DETAIL_R,FCT_CLAIM_PAYMENT_DETAIL_R,N_EMPLOYER_MED_WITHHELD_AMT_R,FCT_CLAIM_PAYMENT_DETAIL_DISBURSEMENT_R,N_EMPLOYER_MED_WITHHELD_AMT_R,Direct
View,,,FCT_CLAIM_PAYMENT_DETAIL_R,FCT_CLAIM_PAYMENT_DETAIL_R,N_EMPLOYER_MED_WITHHELD_AMT_R,FCT_CLAIM_PAYMENT_DETAIL_EXPENSE_R,N_EMPLOYER_MED_WITHHELD_AMT_R,Direct
View,,,FCT_CLAIM_PAYMENT_DETAIL_R,FCT_CLAIM_PAYMENT_DETAIL_R,N_EMPLOYER_MED_WITHHELD_AMT_R,FCT_CLAIM_PAYMENT_DETAIL_GROSS_BENEFIT_R,N_EMPLOYER_MED_WITHHELD_AMT_R,Direct
View,,,FCT_CLAIM_PAYMENT_DETAIL_R,FCT_CLAIM_PAYMENT_DETAIL_R,N_EMPLOYER_SS_WITHHELD_AMT_R,FCT_BENEFIT_PAYMENT_DETAIL_OFFSET_MV_TBL,N_EMPLOYER_SS_WITHHELD_AMT_R,Direct
View,,,FCT_CLAIM_PAYMENT_DETAIL_R,FCT_CLAIM_PAYMENT_DETAIL_R,N_EMPLOYER_SS_WITHHELD_AMT_R,FCT_CLAIM_PAYMENT_DETAIL_ADJUSTMENT_R,N_EMPLOYER_SS_WITHHELD_AMT_R,Direct
View,,,FCT_CLAIM_PAYMENT_DETAIL_R,FCT_CLAIM_PAYMENT_DETAIL_R,N_EMPLOYER_SS_WITHHELD_AMT_R,FCT_CLAIM_PAYMENT_DETAIL_BENEFIT_PAYMENT_R,N_EMPLOYER_SS_WITHHELD_AMT_R,Direct
View,,,FCT_CLAIM_PAYMENT_DETAIL_R,FCT_CLAIM_PAYMENT_DETAIL_R,N_EMPLOYER_SS_WITHHELD_AMT_R,FCT_CLAIM_PAYMENT_DETAIL_DISBURSEMENT_R,N_EMPLOYER_SS_WITHHELD_AMT_R,Direct
View,,,FCT_CLAIM_PAYMENT_DETAIL_R,FCT_CLAIM_PAYMENT_DETAIL_R,N_EMPLOYER_SS_WITHHELD_AMT_R,FCT_CLAIM_PAYMENT_DETAIL_EXPENSE_R,N_EMPLOYER_SS_WITHHELD_AMT_R,Direct
View,,,FCT_CLAIM_PAYMENT_DETAIL_R,FCT_CLAIM_PAYMENT_DETAIL_R,N_EMPLOYER_SS_WITHHELD_AMT_R,FCT_CLAIM_PAYMENT_DETAIL_GROSS_BENEFIT_R,N_EMPLOYER_SS_WITHHELD_AMT_R,Direct
View,,,FCT_CLAIM_PAYMENT_DETAIL_R,FCT_CLAIM_PAYMENT_DETAIL_R,N_FEDERAL_TAX_WITHHELD_AMT_R,FCT_BENEFIT_PAYMENT_DETAIL_OFFSET_MV_TBL,N_FEDERAL_TAX_WITHHELD_AMT_R,Direct
View,,,FCT_CLAIM_PAYMENT_DETAIL_R,FCT_CLAIM_PAYMENT_DETAIL_R,N_FEDERAL_TAX_WITHHELD_AMT_R,FCT_CLAIM_PAYMENT_DETAIL_ADJUSTMENT_R,N_FEDERAL_TAX_WITHHELD_AMT_R,Direct
View,,,FCT_CLAIM_PAYMENT_DETAIL_R,FCT_CLAIM_PAYMENT_DETAIL_R,N_FEDERAL_TAX_WITHHELD_AMT_R,FCT_CLAIM_PAYMENT_DETAIL_BENEFIT_PAYMENT_R,N_FEDERAL_TAX_WITHHELD_AMT_R,Direct
View,,,FCT_CLAIM_PAYMENT_DETAIL_R,FCT_CLAIM_PAYMENT_DETAIL_R,N_FEDERAL_TAX_WITHHELD_AMT_R,FCT_CLAIM_PAYMENT_DETAIL_DISBURSEMENT_R,N_FEDERAL_TAX_WITHHELD_AMT_R,Direct
View,,,FCT_CLAIM_PAYMENT_DETAIL_R,FCT_CLAIM_PAYMENT_DETAIL_R,N_FEDERAL_TAX_WITHHELD_AMT_R,FCT_CLAIM_PAYMENT_DETAIL_EXPENSE_R,N_FEDERAL_TAX_WITHHELD_AMT_R,Direct
View,,,FCT_CLAIM_PAYMENT_DETAIL_R,FCT_CLAIM_PAYMENT_DETAIL_R,N_FEDERAL_TAX_WITHHELD_AMT_R,FCT_CLAIM_PAYMENT_DETAIL_GROSS_BENEFIT_R,N_FEDERAL_TAX_WITHHELD_AMT_R,Direct
View,,,FCT_CLAIM_PAYMENT_DETAIL_R,FCT_CLAIM_PAYMENT_DETAIL_R,N_GROSS_AMOUNT_R,FCT_BENEFIT_PAYMENT_DETAIL_OFFSET_MV_TBL,N_GROSS_AMOUNT_R,cast
View,,,FCT_CLAIM_PAYMENT_DETAIL_R,FCT_CLAIM_PAYMENT_DETAIL_R,N_GROSS_AMOUNT_R,FCT_CLAIM_PAYMENT_DETAIL_ADJUSTMENT_R,N_GROSS_AMOUNT_R,Direct
View,,,FCT_CLAIM_PAYMENT_DETAIL_R,FCT_CLAIM_PAYMENT_DETAIL_R,N_GROSS_AMOUNT_R,FCT_CLAIM_PAYMENT_DETAIL_BENEFIT_PAYMENT_R,N_GROSS_AMOUNT_R,Direct
View,,,FCT_CLAIM_PAYMENT_DETAIL_R,FCT_CLAIM_PAYMENT_DETAIL_R,N_GROSS_AMOUNT_R,FCT_CLAIM_PAYMENT_DETAIL_DISBURSEMENT_R,N_GROSS_AMOUNT_R,Direct
View,,,FCT_CLAIM_PAYMENT_DETAIL_R,FCT_CLAIM_PAYMENT_DETAIL_R,N_GROSS_AMOUNT_R,FCT_CLAIM_PAYMENT_DETAIL_EXPENSE_R,N_GROSS_AMOUNT_R,Direct
View,,,FCT_CLAIM_PAYMENT_DETAIL_R,FCT_CLAIM_PAYMENT_DETAIL_R,N_GROSS_AMOUNT_R,FCT_CLAIM_PAYMENT_DETAIL_GROSS_BENEFIT_R,N_GROSS_AMOUNT_R,Direct
View,,,FCT_CLAIM_PAYMENT_DETAIL_R,FCT_CLAIM_PAYMENT_DETAIL_R,N_GROSS_WAGE_BASE_R,FCT_BENEFIT_PAYMENT_DETAIL_OFFSET_MV_TBL,N_GROSS_WAGE_BASE_R,Direct
View,,,FCT_CLAIM_PAYMENT_DETAIL_R,FCT_CLAIM_PAYMENT_DETAIL_R,N_GROSS_WAGE_BASE_R,FCT_CLAIM_PAYMENT_DETAIL_ADJUSTMENT_R,N_GROSS_WAGE_BASE_R,Direct
View,,,FCT_CLAIM_PAYMENT_DETAIL_R,FCT_CLAIM_PAYMENT_DETAIL_R,N_GROSS_WAGE_BASE_R,FCT_CLAIM_PAYMENT_DETAIL_BENEFIT_PAYMENT_R,N_GROSS_WAGE_BASE_R,Direct
View,,,FCT_CLAIM_PAYMENT_DETAIL_R,FCT_CLAIM_PAYMENT_DETAIL_R,N_GROSS_WAGE_BASE_R,FCT_CLAIM_PAYMENT_DETAIL_DISBURSEMENT_R,N_GROSS_WAGE_BASE_R,Direct
View,,,FCT_CLAIM_PAYMENT_DETAIL_R,FCT_CLAIM_PAYMENT_DETAIL_R,N_GROSS_WAGE_BASE_R,FCT_CLAIM_PAYMENT_DETAIL_EXPENSE_R,N_GROSS_WAGE_BASE_R,Direct
View,,,FCT_CLAIM_PAYMENT_DETAIL_R,FCT_CLAIM_PAYMENT_DETAIL_R,N_GROSS_WAGE_BASE_R,FCT_CLAIM_PAYMENT_DETAIL_GROSS_BENEFIT_R,N_GROSS_WAGE_BASE_R,Direct
View,,,FCT_CLAIM_PAYMENT_DETAIL_R,FCT_CLAIM_PAYMENT_DETAIL_R,N_GROUP_SEQ_R,FCT_BENEFIT_PAYMENT_DETAIL_OFFSET_MV_TBL,N_GROUP_SEQ_R,Direct
View,,,FCT_CLAIM_PAYMENT_DETAIL_R,FCT_CLAIM_PAYMENT_DETAIL_R,N_GROUP_SEQ_R,FCT_CLAIM_PAYMENT_DETAIL_ADJUSTMENT_R,N_GROUP_SEQ_R,Direct
View,,,FCT_CLAIM_PAYMENT_DETAIL_R,FCT_CLAIM_PAYMENT_DETAIL_R,N_GROUP_SEQ_R,FCT_CLAIM_PAYMENT_DETAIL_BENEFIT_PAYMENT_R,N_GROUP_SEQ_R,Direct
View,,,FCT_CLAIM_PAYMENT_DETAIL_R,FCT_CLAIM_PAYMENT_DETAIL_R,N_GROUP_SEQ_R,FCT_CLAIM_PAYMENT_DETAIL_DISBURSEMENT_R,N_GROUP_SEQ_R,Direct
View,,,FCT_CLAIM_PAYMENT_DETAIL_R,FCT_CLAIM_PAYMENT_DETAIL_R,N_GROUP_SEQ_R,FCT_CLAIM_PAYMENT_DETAIL_EXPENSE_R,N_GROUP_SEQ_R,Direct
View,,,FCT_CLAIM_PAYMENT_DETAIL_R,FCT_CLAIM_PAYMENT_DETAIL_R,N_GROUP_SEQ_R,FCT_CLAIM_PAYMENT_DETAIL_GROSS_BENEFIT_R,N_GROUP_SEQ_R,Direct
View,,,FCT_CLAIM_PAYMENT_DETAIL_R,FCT_CLAIM_PAYMENT_DETAIL_R,N_LEGAL_EXPENSE_DIRECT_AMT_R,FCT_BENEFIT_PAYMENT_DETAIL_OFFSET_MV_TBL,N_LEGAL_EXPENSE_DIRECT_AMT_R,Direct
View,,,FCT_CLAIM_PAYMENT_DETAIL_R,FCT_CLAIM_PAYMENT_DETAIL_R,N_LEGAL_EXPENSE_DIRECT_AMT_R,FCT_CLAIM_PAYMENT_DETAIL_ADJUSTMENT_R,N_LEGAL_EXPENSE_DIRECT_AMT_R,Direct
View,,,FCT_CLAIM_PAYMENT_DETAIL_R,FCT_CLAIM_PAYMENT_DETAIL_R,N_LEGAL_EXPENSE_DIRECT_AMT_R,FCT_CLAIM_PAYMENT_DETAIL_BENEFIT_PAYMENT_R,N_LEGAL_EXPENSE_DIRECT_AMT_R,Direct
View,,,FCT_CLAIM_PAYMENT_DETAIL_R,FCT_CLAIM_PAYMENT_DETAIL_R,N_LEGAL_EXPENSE_DIRECT_AMT_R,FCT_CLAIM_PAYMENT_DETAIL_DISBURSEMENT_R,N_LEGAL_EXPENSE_DIRECT_AMT_R,Direct
View,,,FCT_CLAIM_PAYMENT_DETAIL_R,FCT_CLAIM_PAYMENT_DETAIL_R,N_LEGAL_EXPENSE_DIRECT_AMT_R,FCT_CLAIM_PAYMENT_DETAIL_EXPENSE_R,N_LEGAL_EXPENSE_DIRECT_AMT_R,Direct
View,,,FCT_CLAIM_PAYMENT_DETAIL_R,FCT_CLAIM_PAYMENT_DETAIL_R,N_LEGAL_EXPENSE_DIRECT_AMT_R,FCT_CLAIM_PAYMENT_DETAIL_GROSS_BENEFIT_R,N_LEGAL_EXPENSE_DIRECT_AMT_R,Direct
View,,,FCT_CLAIM_PAYMENT_DETAIL_R,FCT_CLAIM_PAYMENT_DETAIL_R,N_LOAD_RUN_ID_R,FCT_BENEFIT_PAYMENT_DETAIL_OFFSET_MV_TBL,N_LOAD_RUN_ID_R,Direct
View,,,FCT_CLAIM_PAYMENT_DETAIL_R,FCT_CLAIM_PAYMENT_DETAIL_R,N_LOAD_RUN_ID_R,FCT_CLAIM_PAYMENT_DETAIL_ADJUSTMENT_R,N_LOAD_RUN_ID_R,Direct
View,,,FCT_CLAIM_PAYMENT_DETAIL_R,FCT_CLAIM_PAYMENT_DETAIL_R,N_LOAD_RUN_ID_R,FCT_CLAIM_PAYMENT_DETAIL_BENEFIT_PAYMENT_R,N_LOAD_RUN_ID_R,Direct
View,,,FCT_CLAIM_PAYMENT_DETAIL_R,FCT_CLAIM_PAYMENT_DETAIL_R,N_LOAD_RUN_ID_R,FCT_CLAIM_PAYMENT_DETAIL_DISBURSEMENT_R,N_LOAD_RUN_ID_R,Direct
View,,,FCT_CLAIM_PAYMENT_DETAIL_R,FCT_CLAIM_PAYMENT_DETAIL_R,N_LOAD_RUN_ID_R,FCT_CLAIM_PAYMENT_DETAIL_EXPENSE_R,N_LOAD_RUN_ID_R,Direct
View,,,FCT_CLAIM_PAYMENT_DETAIL_R,FCT_CLAIM_PAYMENT_DETAIL_R,N_LOAD_RUN_ID_R,FCT_CLAIM_PAYMENT_DETAIL_GROSS_BENEFIT_R,N_LOAD_RUN_ID_R,Direct
View,,,FCT_CLAIM_PAYMENT_DETAIL_R,FCT_CLAIM_PAYMENT_DETAIL_R,N_MED_WAGE_BASE_R,,,Constant / Expression
View,,,FCT_CLAIM_PAYMENT_DETAIL_R,FCT_CLAIM_PAYMENT_DETAIL_R,N_MED_WAGE_BASE_R,,,Constant / Expression
View,,,FCT_CLAIM_PAYMENT_DETAIL_R,FCT_CLAIM_PAYMENT_DETAIL_R,N_MED_WAGE_BASE_R,,,Constant / Expression
View,,,FCT_CLAIM_PAYMENT_DETAIL_R,FCT_CLAIM_PAYMENT_DETAIL_R,N_MED_WAGE_BASE_R,,,Constant / Expression
View,,,FCT_CLAIM_PAYMENT_DETAIL_R,FCT_CLAIM_PAYMENT_DETAIL_R,N_MED_WAGE_BASE_R,FCT_CLAIM_PAYMENT_DETAIL_ADJUSTMENT_R,n_adj_trans_amount_r,case-when
View,,,FCT_CLAIM_PAYMENT_DETAIL_R,FCT_CLAIM_PAYMENT_DETAIL_R,N_MED_WAGE_BASE_R,FCT_CLAIM_PAYMENT_DETAIL_BENEFIT_PAYMENT_R,N_MED_WAGE_BASE_R,Direct
View,,,FCT_CLAIM_PAYMENT_DETAIL_R,FCT_CLAIM_PAYMENT_DETAIL_R,N_MODAL_AMOUNT_R,FCT_BENEFIT_PAYMENT_DETAIL_OFFSET_MV_TBL,N_MODAL_AMOUNT_R,cast
View,,,FCT_CLAIM_PAYMENT_DETAIL_R,FCT_CLAIM_PAYMENT_DETAIL_R,N_MODAL_AMOUNT_R,FCT_CLAIM_PAYMENT_DETAIL_ADJUSTMENT_R,N_MODAL_AMOUNT_R,Direct
View,,,FCT_CLAIM_PAYMENT_DETAIL_R,FCT_CLAIM_PAYMENT_DETAIL_R,N_MODAL_AMOUNT_R,FCT_CLAIM_PAYMENT_DETAIL_BENEFIT_PAYMENT_R,N_MODAL_AMOUNT_R,Direct
View,,,FCT_CLAIM_PAYMENT_DETAIL_R,FCT_CLAIM_PAYMENT_DETAIL_R,N_MODAL_AMOUNT_R,FCT_CLAIM_PAYMENT_DETAIL_DISBURSEMENT_R,N_MODAL_AMOUNT_R,Direct
View,,,FCT_CLAIM_PAYMENT_DETAIL_R,FCT_CLAIM_PAYMENT_DETAIL_R,N_MODAL_AMOUNT_R,FCT_CLAIM_PAYMENT_DETAIL_EXPENSE_R,N_MODAL_AMOUNT_R,Direct
View,,,FCT_CLAIM_PAYMENT_DETAIL_R,FCT_CLAIM_PAYMENT_DETAIL_R,N_MODAL_AMOUNT_R,FCT_CLAIM_PAYMENT_DETAIL_GROSS_BENEFIT_R,N_MODAL_AMOUNT_R,Direct
View,,,FCT_CLAIM_PAYMENT_DETAIL_R,FCT_CLAIM_PAYMENT_DETAIL_R,N_OTHER_EXPENSE_DIRECT_AMT_R,FCT_BENEFIT_PAYMENT_DETAIL_OFFSET_MV_TBL,N_OTHER_EXPENSE_DIRECT_AMT_R,Direct
View,,,FCT_CLAIM_PAYMENT_DETAIL_R,FCT_CLAIM_PAYMENT_DETAIL_R,N_OTHER_EXPENSE_DIRECT_AMT_R,FCT_CLAIM_PAYMENT_DETAIL_ADJUSTMENT_R,N_OTHER_EXPENSE_DIRECT_AMT_R,Direct
View,,,FCT_CLAIM_PAYMENT_DETAIL_R,FCT_CLAIM_PAYMENT_DETAIL_R,N_OTHER_EXPENSE_DIRECT_AMT_R,FCT_CLAIM_PAYMENT_DETAIL_BENEFIT_PAYMENT_R,N_OTHER_EXPENSE_DIRECT_AMT_R,Direct
View,,,FCT_CLAIM_PAYMENT_DETAIL_R,FCT_CLAIM_PAYMENT_DETAIL_R,N_OTHER_EXPENSE_DIRECT_AMT_R,FCT_CLAIM_PAYMENT_DETAIL_DISBURSEMENT_R,N_OTHER_EXPENSE_DIRECT_AMT_R,Direct
View,,,FCT_CLAIM_PAYMENT_DETAIL_R,FCT_CLAIM_PAYMENT_DETAIL_R,N_OTHER_EXPENSE_DIRECT_AMT_R,FCT_CLAIM_PAYMENT_DETAIL_EXPENSE_R,N_OTHER_EXPENSE_DIRECT_AMT_R,Direct
View,,,FCT_CLAIM_PAYMENT_DETAIL_R,FCT_CLAIM_PAYMENT_DETAIL_R,N_OTHER_EXPENSE_DIRECT_AMT_R,FCT_CLAIM_PAYMENT_DETAIL_GROSS_BENEFIT_R,N_OTHER_EXPENSE_DIRECT_AMT_R,Direct
View,,,FCT_CLAIM_PAYMENT_DETAIL_R,FCT_CLAIM_PAYMENT_DETAIL_R,N_PAID_AMOUNT_R,FCT_BENEFIT_PAYMENT_DETAIL_OFFSET_MV_TBL,N_PAID_AMOUNT_R,cast
View,,,FCT_CLAIM_PAYMENT_DETAIL_R,FCT_CLAIM_PAYMENT_DETAIL_R,N_PAID_AMOUNT_R,FCT_CLAIM_PAYMENT_DETAIL_ADJUSTMENT_R,N_PAID_AMOUNT_R,Direct
View,,,FCT_CLAIM_PAYMENT_DETAIL_R,FCT_CLAIM_PAYMENT_DETAIL_R,N_PAID_AMOUNT_R,FCT_CLAIM_PAYMENT_DETAIL_BENEFIT_PAYMENT_R,N_PAID_AMOUNT_R,Direct
View,,,FCT_CLAIM_PAYMENT_DETAIL_R,FCT_CLAIM_PAYMENT_DETAIL_R,N_PAID_AMOUNT_R,FCT_CLAIM_PAYMENT_DETAIL_DISBURSEMENT_R,N_PAID_AMOUNT_R,Direct
View,,,FCT_CLAIM_PAYMENT_DETAIL_R,FCT_CLAIM_PAYMENT_DETAIL_R,N_PAID_AMOUNT_R,FCT_CLAIM_PAYMENT_DETAIL_EXPENSE_R,N_PAID_AMOUNT_R,Direct
View,,,FCT_CLAIM_PAYMENT_DETAIL_R,FCT_CLAIM_PAYMENT_DETAIL_R,N_PAID_AMOUNT_R,FCT_CLAIM_PAYMENT_DETAIL_GROSS_BENEFIT_R,N_PAID_AMOUNT_R,Direct
View,,,FCT_CLAIM_PAYMENT_DETAIL_R,FCT_CLAIM_PAYMENT_DETAIL_R,N_PAID_CLAIM_BENEFITS_R,FCT_BENEFIT_PAYMENT_DETAIL_OFFSET_MV_TBL,N_PAID_CLAIM_BENEFITS_R,Direct
View,,,FCT_CLAIM_PAYMENT_DETAIL_R,FCT_CLAIM_PAYMENT_DETAIL_R,N_PAID_CLAIM_BENEFITS_R,FCT_CLAIM_PAYMENT_DETAIL_ADJUSTMENT_R,N_PAID_CLAIM_BENEFITS_R,Direct
View,,,FCT_CLAIM_PAYMENT_DETAIL_R,FCT_CLAIM_PAYMENT_DETAIL_R,N_PAID_CLAIM_BENEFITS_R,FCT_CLAIM_PAYMENT_DETAIL_BENEFIT_PAYMENT_R,N_PAID_CLAIM_BENEFITS_R,Direct
View,,,FCT_CLAIM_PAYMENT_DETAIL_R,FCT_CLAIM_PAYMENT_DETAIL_R,N_PAID_CLAIM_BENEFITS_R,FCT_CLAIM_PAYMENT_DETAIL_DISBURSEMENT_R,N_PAID_CLAIM_BENEFITS_R,Direct
View,,,FCT_CLAIM_PAYMENT_DETAIL_R,FCT_CLAIM_PAYMENT_DETAIL_R,N_PAID_CLAIM_BENEFITS_R,FCT_CLAIM_PAYMENT_DETAIL_EXPENSE_R,N_PAID_CLAIM_BENEFITS_R,Direct
View,,,FCT_CLAIM_PAYMENT_DETAIL_R,FCT_CLAIM_PAYMENT_DETAIL_R,N_PAID_CLAIM_BENEFITS_R,FCT_CLAIM_PAYMENT_DETAIL_GROSS_BENEFIT_R,N_PAID_CLAIM_BENEFITS_R,Direct
View,,,FCT_CLAIM_PAYMENT_DETAIL_R,FCT_CLAIM_PAYMENT_DETAIL_R,N_PARENT_OBJECTNUM_R,FCT_BENEFIT_PAYMENT_DETAIL_OFFSET_MV_TBL,N_PARENT_OBJECTNUM_R,Direct
View,,,FCT_CLAIM_PAYMENT_DETAIL_R,FCT_CLAIM_PAYMENT_DETAIL_R,N_PARENT_OBJECTNUM_R,FCT_CLAIM_PAYMENT_DETAIL_ADJUSTMENT_R,N_PARENT_OBJECTNUM_R,Direct
View,,,FCT_CLAIM_PAYMENT_DETAIL_R,FCT_CLAIM_PAYMENT_DETAIL_R,N_PARENT_OBJECTNUM_R,FCT_CLAIM_PAYMENT_DETAIL_BENEFIT_PAYMENT_R,N_PARENT_OBJECTNUM_R,Direct
View,,,FCT_CLAIM_PAYMENT_DETAIL_R,FCT_CLAIM_PAYMENT_DETAIL_R,N_PARENT_OBJECTNUM_R,FCT_CLAIM_PAYMENT_DETAIL_DISBURSEMENT_R,N_PARENT_OBJECTNUM_R,Direct
View,,,FCT_CLAIM_PAYMENT_DETAIL_R,FCT_CLAIM_PAYMENT_DETAIL_R,N_PARENT_OBJECTNUM_R,FCT_CLAIM_PAYMENT_DETAIL_EXPENSE_R,N_PARENT_OBJECTNUM_R,Direct
View,,,FCT_CLAIM_PAYMENT_DETAIL_R,FCT_CLAIM_PAYMENT_DETAIL_R,N_PARENT_OBJECTNUM_R,FCT_CLAIM_PAYMENT_DETAIL_GROSS_BENEFIT_R,N_PARENT_OBJECTNUM_R,Direct
View,,,FCT_CLAIM_PAYMENT_DETAIL_R,FCT_CLAIM_PAYMENT_DETAIL_R,N_PARTY_SK_R,FCT_BENEFIT_PAYMENT_DETAIL_OFFSET_MV_TBL,N_PARTY_SK_R,Direct
View,,,FCT_CLAIM_PAYMENT_DETAIL_R,FCT_CLAIM_PAYMENT_DETAIL_R,N_PARTY_SK_R,FCT_CLAIM_PAYMENT_DETAIL_ADJUSTMENT_R,N_PARTY_SK_R,Direct
View,,,FCT_CLAIM_PAYMENT_DETAIL_R,FCT_CLAIM_PAYMENT_DETAIL_R,N_PARTY_SK_R,FCT_CLAIM_PAYMENT_DETAIL_BENEFIT_PAYMENT_R,N_PARTY_SK_R,Direct
View,,,FCT_CLAIM_PAYMENT_DETAIL_R,FCT_CLAIM_PAYMENT_DETAIL_R,N_PARTY_SK_R,FCT_CLAIM_PAYMENT_DETAIL_DISBURSEMENT_R,N_PARTY_SK_R,Direct
View,,,FCT_CLAIM_PAYMENT_DETAIL_R,FCT_CLAIM_PAYMENT_DETAIL_R,N_PARTY_SK_R,FCT_CLAIM_PAYMENT_DETAIL_EXPENSE_R,N_PARTY_SK_R,Direct
View,,,FCT_CLAIM_PAYMENT_DETAIL_R,FCT_CLAIM_PAYMENT_DETAIL_R,N_PARTY_SK_R,FCT_CLAIM_PAYMENT_DETAIL_GROSS_BENEFIT_R,N_PARTY_SK_R,Direct
View,,,FCT_CLAIM_PAYMENT_DETAIL_R,FCT_CLAIM_PAYMENT_DETAIL_R,N_PAY_AMOUNT_R,FCT_BENEFIT_PAYMENT_DETAIL_OFFSET_MV_TBL,N_PAY_AMOUNT_R,cast
View,,,FCT_CLAIM_PAYMENT_DETAIL_R,FCT_CLAIM_PAYMENT_DETAIL_R,N_PAY_AMOUNT_R,FCT_CLAIM_PAYMENT_DETAIL_ADJUSTMENT_R,N_PAY_AMOUNT_R,Direct
View,,,FCT_CLAIM_PAYMENT_DETAIL_R,FCT_CLAIM_PAYMENT_DETAIL_R,N_PAY_AMOUNT_R,FCT_CLAIM_PAYMENT_DETAIL_BENEFIT_PAYMENT_R,N_PAY_AMOUNT_R,Direct
View,,,FCT_CLAIM_PAYMENT_DETAIL_R,FCT_CLAIM_PAYMENT_DETAIL_R,N_PAY_AMOUNT_R,FCT_CLAIM_PAYMENT_DETAIL_DISBURSEMENT_R,N_PAY_AMOUNT_R,Direct
View,,,FCT_CLAIM_PAYMENT_DETAIL_R,FCT_CLAIM_PAYMENT_DETAIL_R,N_PAY_AMOUNT_R,FCT_CLAIM_PAYMENT_DETAIL_EXPENSE_R,N_PAY_AMOUNT_R,Direct
View,,,FCT_CLAIM_PAYMENT_DETAIL_R,FCT_CLAIM_PAYMENT_DETAIL_R,N_PAY_AMOUNT_R,FCT_CLAIM_PAYMENT_DETAIL_GROSS_BENEFIT_R,N_PAY_AMOUNT_R,Direct
View,,,FCT_CLAIM_PAYMENT_DETAIL_R,FCT_CLAIM_PAYMENT_DETAIL_R,N_PRIMARY_PAYEE_R,FCT_BENEFIT_PAYMENT_DETAIL_OFFSET_MV_TBL,N_PRIMARY_PAYEE_R,Direct
View,,,FCT_CLAIM_PAYMENT_DETAIL_R,FCT_CLAIM_PAYMENT_DETAIL_R,N_PRIMARY_PAYEE_R,FCT_CLAIM_PAYMENT_DETAIL_ADJUSTMENT_R,N_PRIMARY_PAYEE_R,Direct
View,,,FCT_CLAIM_PAYMENT_DETAIL_R,FCT_CLAIM_PAYMENT_DETAIL_R,N_PRIMARY_PAYEE_R,FCT_CLAIM_PAYMENT_DETAIL_BENEFIT_PAYMENT_R,N_PRIMARY_PAYEE_R,Direct
View,,,FCT_CLAIM_PAYMENT_DETAIL_R,FCT_CLAIM_PAYMENT_DETAIL_R,N_PRIMARY_PAYEE_R,FCT_CLAIM_PAYMENT_DETAIL_DISBURSEMENT_R,N_PRIMARY_PAYEE_R,Direct
View,,,FCT_CLAIM_PAYMENT_DETAIL_R,FCT_CLAIM_PAYMENT_DETAIL_R,N_PRIMARY_PAYEE_R,FCT_CLAIM_PAYMENT_DETAIL_EXPENSE_R,N_PRIMARY_PAYEE_R,Direct
View,,,FCT_CLAIM_PAYMENT_DETAIL_R,FCT_CLAIM_PAYMENT_DETAIL_R,N_PRIMARY_PAYEE_R,FCT_CLAIM_PAYMENT_DETAIL_GROSS_BENEFIT_R,N_PRIMARY_PAYEE_R,Direct
View,,,FCT_CLAIM_PAYMENT_DETAIL_R,FCT_CLAIM_PAYMENT_DETAIL_R,N_PRIMARY_REINSURER_REINSURANCE_PCT_R,FCT_BENEFIT_PAYMENT_DETAIL_OFFSET_MV_TBL,N_PRIMARY_REINSURER_REINSURANCE_PCT_R,Direct
View,,,FCT_CLAIM_PAYMENT_DETAIL_R,FCT_CLAIM_PAYMENT_DETAIL_R,N_PRIMARY_REINSURER_REINSURANCE_PCT_R,FCT_CLAIM_PAYMENT_DETAIL_ADJUSTMENT_R,N_PRIMARY_REINSURER_REINSURANCE_PCT_R,Direct
View,,,FCT_CLAIM_PAYMENT_DETAIL_R,FCT_CLAIM_PAYMENT_DETAIL_R,N_PRIMARY_REINSURER_REINSURANCE_PCT_R,FCT_CLAIM_PAYMENT_DETAIL_BENEFIT_PAYMENT_R,N_PRIMARY_REINSURER_REINSURANCE_PCT_R,Direct
View,,,FCT_CLAIM_PAYMENT_DETAIL_R,FCT_CLAIM_PAYMENT_DETAIL_R,N_PRIMARY_REINSURER_REINSURANCE_PCT_R,FCT_CLAIM_PAYMENT_DETAIL_DISBURSEMENT_R,N_PRIMARY_REINSURER_REINSURANCE_PCT_R,Direct
View,,,FCT_CLAIM_PAYMENT_DETAIL_R,FCT_CLAIM_PAYMENT_DETAIL_R,N_PRIMARY_REINSURER_REINSURANCE_PCT_R,FCT_CLAIM_PAYMENT_DETAIL_EXPENSE_R,N_PRIMARY_REINSURER_REINSURANCE_PCT_R,Direct
View,,,FCT_CLAIM_PAYMENT_DETAIL_R,FCT_CLAIM_PAYMENT_DETAIL_R,N_PRIMARY_REINSURER_REINSURANCE_PCT_R,FCT_CLAIM_PAYMENT_DETAIL_GROSS_BENEFIT_R,N_PRIMARY_REINSURER_REINSURANCE_PCT_R,Direct
View,,,FCT_CLAIM_PAYMENT_DETAIL_R,FCT_CLAIM_PAYMENT_DETAIL_R,N_PRIMARY_REINSURER_REINS_SHARE_PCT_R,FCT_BENEFIT_PAYMENT_DETAIL_OFFSET_MV_TBL,N_PRIMARY_REINSURER_REINS_SHARE_PCT_R,Direct
View,,,FCT_CLAIM_PAYMENT_DETAIL_R,FCT_CLAIM_PAYMENT_DETAIL_R,N_PRIMARY_REINSURER_REINS_SHARE_PCT_R,FCT_CLAIM_PAYMENT_DETAIL_ADJUSTMENT_R,N_PRIMARY_REINSURER_REINS_SHARE_PCT_R,Direct
View,,,FCT_CLAIM_PAYMENT_DETAIL_R,FCT_CLAIM_PAYMENT_DETAIL_R,N_PRIMARY_REINSURER_REINS_SHARE_PCT_R,FCT_CLAIM_PAYMENT_DETAIL_BENEFIT_PAYMENT_R,N_PRIMARY_REINSURER_REINS_SHARE_PCT_R,Direct
View,,,FCT_CLAIM_PAYMENT_DETAIL_R,FCT_CLAIM_PAYMENT_DETAIL_R,N_PRIMARY_REINSURER_REINS_SHARE_PCT_R,FCT_CLAIM_PAYMENT_DETAIL_DISBURSEMENT_R,N_PRIMARY_REINSURER_REINS_SHARE_PCT_R,Direct
View,,,FCT_CLAIM_PAYMENT_DETAIL_R,FCT_CLAIM_PAYMENT_DETAIL_R,N_PRIMARY_REINSURER_REINS_SHARE_PCT_R,FCT_CLAIM_PAYMENT_DETAIL_EXPENSE_R,N_PRIMARY_REINSURER_REINS_SHARE_PCT_R,Direct
View,,,FCT_CLAIM_PAYMENT_DETAIL_R,FCT_CLAIM_PAYMENT_DETAIL_R,N_PRIMARY_REINSURER_REINS_SHARE_PCT_R,FCT_CLAIM_PAYMENT_DETAIL_GROSS_BENEFIT_R,N_PRIMARY_REINSURER_REINS_SHARE_PCT_R,Direct
View,,,FCT_CLAIM_PAYMENT_DETAIL_R,FCT_CLAIM_PAYMENT_DETAIL_R,N_SECONDARY_REINSURER_REINSURANCE_PCT_R,FCT_BENEFIT_PAYMENT_DETAIL_OFFSET_MV_TBL,N_SECONDARY_REINSURER_REINSURANCE_PCT_R,Direct
View,,,FCT_CLAIM_PAYMENT_DETAIL_R,FCT_CLAIM_PAYMENT_DETAIL_R,N_SECONDARY_REINSURER_REINSURANCE_PCT_R,FCT_CLAIM_PAYMENT_DETAIL_ADJUSTMENT_R,N_SECONDARY_REINSURER_REINSURANCE_PCT_R,Direct
View,,,FCT_CLAIM_PAYMENT_DETAIL_R,FCT_CLAIM_PAYMENT_DETAIL_R,N_SECONDARY_REINSURER_REINSURANCE_PCT_R,FCT_CLAIM_PAYMENT_DETAIL_BENEFIT_PAYMENT_R,N_SECONDARY_REINSURER_REINSURANCE_PCT_R,Direct
View,,,FCT_CLAIM_PAYMENT_DETAIL_R,FCT_CLAIM_PAYMENT_DETAIL_R,N_SECONDARY_REINSURER_REINSURANCE_PCT_R,FCT_CLAIM_PAYMENT_DETAIL_DISBURSEMENT_R,N_SECONDARY_REINSURER_REINSURANCE_PCT_R,Direct
View,,,FCT_CLAIM_PAYMENT_DETAIL_R,FCT_CLAIM_PAYMENT_DETAIL_R,N_SECONDARY_REINSURER_REINSURANCE_PCT_R,FCT_CLAIM_PAYMENT_DETAIL_EXPENSE_R,N_SECONDARY_REINSURER_REINSURANCE_PCT_R,Direct
View,,,FCT_CLAIM_PAYMENT_DETAIL_R,FCT_CLAIM_PAYMENT_DETAIL_R,N_SECONDARY_REINSURER_REINSURANCE_PCT_R,FCT_CLAIM_PAYMENT_DETAIL_GROSS_BENEFIT_R,N_SECONDARY_REINSURER_REINSURANCE_PCT_R,Direct
View,,,FCT_CLAIM_PAYMENT_DETAIL_R,FCT_CLAIM_PAYMENT_DETAIL_R,N_SECONDARY_REINSURER_REINS_SHARE_PCT_R,FCT_BENEFIT_PAYMENT_DETAIL_OFFSET_MV_TBL,N_SECONDARY_REINSURER_REINS_SHARE_PCT_R,Direct
View,,,FCT_CLAIM_PAYMENT_DETAIL_R,FCT_CLAIM_PAYMENT_DETAIL_R,N_SECONDARY_REINSURER_REINS_SHARE_PCT_R,FCT_CLAIM_PAYMENT_DETAIL_ADJUSTMENT_R,N_SECONDARY_REINSURER_REINS_SHARE_PCT_R,Direct
View,,,FCT_CLAIM_PAYMENT_DETAIL_R,FCT_CLAIM_PAYMENT_DETAIL_R,N_SECONDARY_REINSURER_REINS_SHARE_PCT_R,FCT_CLAIM_PAYMENT_DETAIL_BENEFIT_PAYMENT_R,N_SECONDARY_REINSURER_REINS_SHARE_PCT_R,Direct
View,,,FCT_CLAIM_PAYMENT_DETAIL_R,FCT_CLAIM_PAYMENT_DETAIL_R,N_SECONDARY_REINSURER_REINS_SHARE_PCT_R,FCT_CLAIM_PAYMENT_DETAIL_DISBURSEMENT_R,N_SECONDARY_REINSURER_REINS_SHARE_PCT_R,Direct
View,,,FCT_CLAIM_PAYMENT_DETAIL_R,FCT_CLAIM_PAYMENT_DETAIL_R,N_SECONDARY_REINSURER_REINS_SHARE_PCT_R,FCT_CLAIM_PAYMENT_DETAIL_EXPENSE_R,N_SECONDARY_REINSURER_REINS_SHARE_PCT_R,Direct
View,,,FCT_CLAIM_PAYMENT_DETAIL_R,FCT_CLAIM_PAYMENT_DETAIL_R,N_SECONDARY_REINSURER_REINS_SHARE_PCT_R,FCT_CLAIM_PAYMENT_DETAIL_GROSS_BENEFIT_R,N_SECONDARY_REINSURER_REINS_SHARE_PCT_R,Direct
View,,,FCT_CLAIM_PAYMENT_DETAIL_R,FCT_CLAIM_PAYMENT_DETAIL_R,N_SEQUENCE_NUMBER_R,FCT_BENEFIT_PAYMENT_DETAIL_OFFSET_MV_TBL,N_SEQUENCE_NUMBER_R,Direct
View,,,FCT_CLAIM_PAYMENT_DETAIL_R,FCT_CLAIM_PAYMENT_DETAIL_R,N_SEQUENCE_NUMBER_R,FCT_CLAIM_PAYMENT_DETAIL_ADJUSTMENT_R,N_SEQUENCE_NUMBER_R,Direct
View,,,FCT_CLAIM_PAYMENT_DETAIL_R,FCT_CLAIM_PAYMENT_DETAIL_R,N_SEQUENCE_NUMBER_R,FCT_CLAIM_PAYMENT_DETAIL_BENEFIT_PAYMENT_R,N_SEQUENCE_NUMBER_R,Direct
View,,,FCT_CLAIM_PAYMENT_DETAIL_R,FCT_CLAIM_PAYMENT_DETAIL_R,N_SEQUENCE_NUMBER_R,FCT_CLAIM_PAYMENT_DETAIL_DISBURSEMENT_R,N_SEQUENCE_NUMBER_R,Direct
View,,,FCT_CLAIM_PAYMENT_DETAIL_R,FCT_CLAIM_PAYMENT_DETAIL_R,N_SEQUENCE_NUMBER_R,FCT_CLAIM_PAYMENT_DETAIL_EXPENSE_R,N_SEQUENCE_NUMBER_R,Direct
View,,,FCT_CLAIM_PAYMENT_DETAIL_R,FCT_CLAIM_PAYMENT_DETAIL_R,N_SEQUENCE_NUMBER_R,FCT_CLAIM_PAYMENT_DETAIL_GROSS_BENEFIT_R,N_SEQUENCE_NUMBER_R,Direct
View,,,FCT_CLAIM_PAYMENT_DETAIL_R,FCT_CLAIM_PAYMENT_DETAIL_R,N_SEQ_R,FCT_BENEFIT_PAYMENT_DETAIL_OFFSET_MV_TBL,N_SEQ_R,Direct
View,,,FCT_CLAIM_PAYMENT_DETAIL_R,FCT_CLAIM_PAYMENT_DETAIL_R,N_SEQ_R,FCT_CLAIM_PAYMENT_DETAIL_ADJUSTMENT_R,N_SEQ_R,Direct
View,,,FCT_CLAIM_PAYMENT_DETAIL_R,FCT_CLAIM_PAYMENT_DETAIL_R,N_SEQ_R,FCT_CLAIM_PAYMENT_DETAIL_BENEFIT_PAYMENT_R,N_SEQ_R,Direct
View,,,FCT_CLAIM_PAYMENT_DETAIL_R,FCT_CLAIM_PAYMENT_DETAIL_R,N_SEQ_R,FCT_CLAIM_PAYMENT_DETAIL_DISBURSEMENT_R,N_SEQ_R,Direct
View,,,FCT_CLAIM_PAYMENT_DETAIL_R,FCT_CLAIM_PAYMENT_DETAIL_R,N_SEQ_R,FCT_CLAIM_PAYMENT_DETAIL_EXPENSE_R,N_SEQ_R,Direct
View,,,FCT_CLAIM_PAYMENT_DETAIL_R,FCT_CLAIM_PAYMENT_DETAIL_R,N_SEQ_R,FCT_CLAIM_PAYMENT_DETAIL_GROSS_BENEFIT_R,N_SEQ_R,Direct
View,,,FCT_CLAIM_PAYMENT_DETAIL_R,FCT_CLAIM_PAYMENT_DETAIL_R,N_SOURCE_SYSTEM_KEY_R,FCT_BENEFIT_PAYMENT_DETAIL_OFFSET_MV_TBL,N_SOURCE_SYSTEM_KEY_R,Direct
View,,,FCT_CLAIM_PAYMENT_DETAIL_R,FCT_CLAIM_PAYMENT_DETAIL_R,N_SOURCE_SYSTEM_KEY_R,FCT_CLAIM_PAYMENT_DETAIL_ADJUSTMENT_R,N_SOURCE_SYSTEM_KEY_R,Direct
View,,,FCT_CLAIM_PAYMENT_DETAIL_R,FCT_CLAIM_PAYMENT_DETAIL_R,N_SOURCE_SYSTEM_KEY_R,FCT_CLAIM_PAYMENT_DETAIL_BENEFIT_PAYMENT_R,N_SOURCE_SYSTEM_KEY_R,Direct
View,,,FCT_CLAIM_PAYMENT_DETAIL_R,FCT_CLAIM_PAYMENT_DETAIL_R,N_SOURCE_SYSTEM_KEY_R,FCT_CLAIM_PAYMENT_DETAIL_DISBURSEMENT_R,N_SOURCE_SYSTEM_KEY_R,Direct
View,,,FCT_CLAIM_PAYMENT_DETAIL_R,FCT_CLAIM_PAYMENT_DETAIL_R,N_SOURCE_SYSTEM_KEY_R,FCT_CLAIM_PAYMENT_DETAIL_EXPENSE_R,N_SOURCE_SYSTEM_KEY_R,Direct
View,,,FCT_CLAIM_PAYMENT_DETAIL_R,FCT_CLAIM_PAYMENT_DETAIL_R,N_SOURCE_SYSTEM_KEY_R,FCT_CLAIM_PAYMENT_DETAIL_GROSS_BENEFIT_R,N_SOURCE_SYSTEM_KEY_R,Direct
View,,,FCT_CLAIM_PAYMENT_DETAIL_R,FCT_CLAIM_PAYMENT_DETAIL_R,N_SOURCE_VERSION_SEQ_NUMBER_R,FCT_BENEFIT_PAYMENT_DETAIL_OFFSET_MV_TBL,N_SOURCE_VERSION_SEQ_NUMBER_R,cast
View,,,FCT_CLAIM_PAYMENT_DETAIL_R,FCT_CLAIM_PAYMENT_DETAIL_R,N_SOURCE_VERSION_SEQ_NUMBER_R,FCT_CLAIM_PAYMENT_DETAIL_ADJUSTMENT_R,N_SOURCE_VERSION_SEQ_NUMBER_R,Direct
View,,,FCT_CLAIM_PAYMENT_DETAIL_R,FCT_CLAIM_PAYMENT_DETAIL_R,N_SOURCE_VERSION_SEQ_NUMBER_R,FCT_CLAIM_PAYMENT_DETAIL_BENEFIT_PAYMENT_R,N_SOURCE_VERSION_SEQ_NUMBER_R,Direct
View,,,FCT_CLAIM_PAYMENT_DETAIL_R,FCT_CLAIM_PAYMENT_DETAIL_R,N_SOURCE_VERSION_SEQ_NUMBER_R,FCT_CLAIM_PAYMENT_DETAIL_DISBURSEMENT_R,N_SOURCE_VERSION_SEQ_NUMBER_R,Direct
View,,,FCT_CLAIM_PAYMENT_DETAIL_R,FCT_CLAIM_PAYMENT_DETAIL_R,N_SOURCE_VERSION_SEQ_NUMBER_R,FCT_CLAIM_PAYMENT_DETAIL_EXPENSE_R,N_SOURCE_VERSION_SEQ_NUMBER_R,Direct
View,,,FCT_CLAIM_PAYMENT_DETAIL_R,FCT_CLAIM_PAYMENT_DETAIL_R,N_SOURCE_VERSION_SEQ_NUMBER_R,FCT_CLAIM_PAYMENT_DETAIL_GROSS_BENEFIT_R,N_SOURCE_VERSION_SEQ_NUMBER_R,Direct
View,,,FCT_CLAIM_PAYMENT_DETAIL_R,FCT_CLAIM_PAYMENT_DETAIL_R,N_SS_WAGE_BASE_R,,,Constant / Expression
View,,,FCT_CLAIM_PAYMENT_DETAIL_R,FCT_CLAIM_PAYMENT_DETAIL_R,N_SS_WAGE_BASE_R,,,Constant / Expression
View,,,FCT_CLAIM_PAYMENT_DETAIL_R,FCT_CLAIM_PAYMENT_DETAIL_R,N_SS_WAGE_BASE_R,,,Constant / Expression
View,,,FCT_CLAIM_PAYMENT_DETAIL_R,FCT_CLAIM_PAYMENT_DETAIL_R,N_SS_WAGE_BASE_R,,,Constant / Expression
View,,,FCT_CLAIM_PAYMENT_DETAIL_R,FCT_CLAIM_PAYMENT_DETAIL_R,N_SS_WAGE_BASE_R,FCT_CLAIM_PAYMENT_DETAIL_ADJUSTMENT_R,n_adj_trans_amount_r,case-when
View,,,FCT_CLAIM_PAYMENT_DETAIL_R,FCT_CLAIM_PAYMENT_DETAIL_R,N_SS_WAGE_BASE_R,FCT_CLAIM_PAYMENT_DETAIL_BENEFIT_PAYMENT_R,N_SS_WAGE_BASE_R,Direct
View,,,FCT_CLAIM_PAYMENT_DETAIL_R,FCT_CLAIM_PAYMENT_DETAIL_R,N_STATE_TAX_WITHHELD_AMT_R,FCT_BENEFIT_PAYMENT_DETAIL_OFFSET_MV_TBL,N_STATE_TAX_WITHHELD_AMT_R,Direct
View,,,FCT_CLAIM_PAYMENT_DETAIL_R,FCT_CLAIM_PAYMENT_DETAIL_R,N_STATE_TAX_WITHHELD_AMT_R,FCT_CLAIM_PAYMENT_DETAIL_ADJUSTMENT_R,N_STATE_TAX_WITHHELD_AMT_R,Direct
View,,,FCT_CLAIM_PAYMENT_DETAIL_R,FCT_CLAIM_PAYMENT_DETAIL_R,N_STATE_TAX_WITHHELD_AMT_R,FCT_CLAIM_PAYMENT_DETAIL_BENEFIT_PAYMENT_R,N_STATE_TAX_WITHHELD_AMT_R,Direct
View,,,FCT_CLAIM_PAYMENT_DETAIL_R,FCT_CLAIM_PAYMENT_DETAIL_R,N_STATE_TAX_WITHHELD_AMT_R,FCT_CLAIM_PAYMENT_DETAIL_DISBURSEMENT_R,N_STATE_TAX_WITHHELD_AMT_R,Direct
View,,,FCT_CLAIM_PAYMENT_DETAIL_R,FCT_CLAIM_PAYMENT_DETAIL_R,N_STATE_TAX_WITHHELD_AMT_R,FCT_CLAIM_PAYMENT_DETAIL_EXPENSE_R,N_STATE_TAX_WITHHELD_AMT_R,Direct
View,,,FCT_CLAIM_PAYMENT_DETAIL_R,FCT_CLAIM_PAYMENT_DETAIL_R,N_STATE_TAX_WITHHELD_AMT_R,FCT_CLAIM_PAYMENT_DETAIL_GROSS_BENEFIT_R,N_STATE_TAX_WITHHELD_AMT_R,Direct
View,,,FCT_CLAIM_PAYMENT_DETAIL_R,FCT_CLAIM_PAYMENT_DETAIL_R,N_TAXABLE_BENEFIT_AMT_R,FCT_BENEFIT_PAYMENT_DETAIL_OFFSET_MV_TBL,N_TAXABLE_PERCENT_R,cast
View,,,FCT_CLAIM_PAYMENT_DETAIL_R,FCT_CLAIM_PAYMENT_DETAIL_R,N_TAXABLE_BENEFIT_AMT_R,FCT_CLAIM_PAYMENT_DETAIL_ADJUSTMENT_R,N_TAXABLE_BENEFIT_AMT_R,Direct
View,,,FCT_CLAIM_PAYMENT_DETAIL_R,FCT_CLAIM_PAYMENT_DETAIL_R,N_TAXABLE_BENEFIT_AMT_R,FCT_CLAIM_PAYMENT_DETAIL_BENEFIT_PAYMENT_R,N_TAXABLE_BENEFIT_AMT_R,Direct
View,,,FCT_CLAIM_PAYMENT_DETAIL_R,FCT_CLAIM_PAYMENT_DETAIL_R,N_TAXABLE_BENEFIT_AMT_R,FCT_CLAIM_PAYMENT_DETAIL_DISBURSEMENT_R,N_TAXABLE_BENEFIT_AMT_R,Direct
View,,,FCT_CLAIM_PAYMENT_DETAIL_R,FCT_CLAIM_PAYMENT_DETAIL_R,N_TAXABLE_BENEFIT_AMT_R,FCT_CLAIM_PAYMENT_DETAIL_EXPENSE_R,N_TAXABLE_BENEFIT_AMT_R,Direct
View,,,FCT_CLAIM_PAYMENT_DETAIL_R,FCT_CLAIM_PAYMENT_DETAIL_R,N_TAXABLE_BENEFIT_AMT_R,FCT_CLAIM_PAYMENT_DETAIL_GROSS_BENEFIT_R,N_TAXABLE_BENEFIT_AMT_R,Direct
View,,,FCT_CLAIM_PAYMENT_DETAIL_R,FCT_CLAIM_PAYMENT_DETAIL_R,N_TAXABLE_PERCENT_R,FCT_BENEFIT_PAYMENT_DETAIL_OFFSET_MV_TBL,N_TAXABLE_PERCENT_R,Direct
View,,,FCT_CLAIM_PAYMENT_DETAIL_R,FCT_CLAIM_PAYMENT_DETAIL_R,N_TAXABLE_PERCENT_R,FCT_CLAIM_PAYMENT_DETAIL_ADJUSTMENT_R,N_TAXABLE_PERCENT_R,Direct
View,,,FCT_CLAIM_PAYMENT_DETAIL_R,FCT_CLAIM_PAYMENT_DETAIL_R,N_TAXABLE_PERCENT_R,FCT_CLAIM_PAYMENT_DETAIL_BENEFIT_PAYMENT_R,N_TAXABLE_PERCENT_R,Direct
View,,,FCT_CLAIM_PAYMENT_DETAIL_R,FCT_CLAIM_PAYMENT_DETAIL_R,N_TAXABLE_PERCENT_R,FCT_CLAIM_PAYMENT_DETAIL_DISBURSEMENT_R,N_TAXABLE_PERCENT_R,Direct
View,,,FCT_CLAIM_PAYMENT_DETAIL_R,FCT_CLAIM_PAYMENT_DETAIL_R,N_TAXABLE_PERCENT_R,FCT_CLAIM_PAYMENT_DETAIL_EXPENSE_R,N_TAXABLE_PERCENT_R,Direct
View,,,FCT_CLAIM_PAYMENT_DETAIL_R,FCT_CLAIM_PAYMENT_DETAIL_R,N_TAXABLE_PERCENT_R,FCT_CLAIM_PAYMENT_DETAIL_GROSS_BENEFIT_R,N_TAXABLE_PERCENT_R,Direct
View,,,FCT_CLAIM_PAYMENT_DETAIL_R,FCT_CLAIM_PAYMENT_DETAIL_R,N_TERNARY_REINSURER_REINSURANCE_PCT_R,FCT_BENEFIT_PAYMENT_DETAIL_OFFSET_MV_TBL,N_TERNARY_REINSURER_REINSURANCE_PCT_R,Direct
View,,,FCT_CLAIM_PAYMENT_DETAIL_R,FCT_CLAIM_PAYMENT_DETAIL_R,N_TERNARY_REINSURER_REINSURANCE_PCT_R,FCT_CLAIM_PAYMENT_DETAIL_ADJUSTMENT_R,N_TERNARY_REINSURER_REINSURANCE_PCT_R,Direct
View,,,FCT_CLAIM_PAYMENT_DETAIL_R,FCT_CLAIM_PAYMENT_DETAIL_R,N_TERNARY_REINSURER_REINSURANCE_PCT_R,FCT_CLAIM_PAYMENT_DETAIL_BENEFIT_PAYMENT_R,N_TERNARY_REINSURER_REINSURANCE_PCT_R,Direct
View,,,FCT_CLAIM_PAYMENT_DETAIL_R,FCT_CLAIM_PAYMENT_DETAIL_R,N_TERNARY_REINSURER_REINSURANCE_PCT_R,FCT_CLAIM_PAYMENT_DETAIL_DISBURSEMENT_R,N_TERNARY_REINSURER_REINSURANCE_PCT_R,Direct
View,,,FCT_CLAIM_PAYMENT_DETAIL_R,FCT_CLAIM_PAYMENT_DETAIL_R,N_TERNARY_REINSURER_REINSURANCE_PCT_R,FCT_CLAIM_PAYMENT_DETAIL_EXPENSE_R,N_TERNARY_REINSURER_REINSURANCE_PCT_R,Direct
View,,,FCT_CLAIM_PAYMENT_DETAIL_R,FCT_CLAIM_PAYMENT_DETAIL_R,N_TERNARY_REINSURER_REINSURANCE_PCT_R,FCT_CLAIM_PAYMENT_DETAIL_GROSS_BENEFIT_R,N_TERNARY_REINSURER_REINSURANCE_PCT_R,Direct
View,,,FCT_CLAIM_PAYMENT_DETAIL_R,FCT_CLAIM_PAYMENT_DETAIL_R,N_TERNARY_REINSURER_REINS_SHARE_PCT_R,FCT_BENEFIT_PAYMENT_DETAIL_OFFSET_MV_TBL,N_TERNARY_REINSURER_REINS_SHARE_PCT_R,Direct
View,,,FCT_CLAIM_PAYMENT_DETAIL_R,FCT_CLAIM_PAYMENT_DETAIL_R,N_TERNARY_REINSURER_REINS_SHARE_PCT_R,FCT_CLAIM_PAYMENT_DETAIL_ADJUSTMENT_R,N_TERNARY_REINSURER_REINS_SHARE_PCT_R,Direct
View,,,FCT_CLAIM_PAYMENT_DETAIL_R,FCT_CLAIM_PAYMENT_DETAIL_R,N_TERNARY_REINSURER_REINS_SHARE_PCT_R,FCT_CLAIM_PAYMENT_DETAIL_BENEFIT_PAYMENT_R,N_TERNARY_REINSURER_REINS_SHARE_PCT_R,Direct
View,,,FCT_CLAIM_PAYMENT_DETAIL_R,FCT_CLAIM_PAYMENT_DETAIL_R,N_TERNARY_REINSURER_REINS_SHARE_PCT_R,FCT_CLAIM_PAYMENT_DETAIL_DISBURSEMENT_R,N_TERNARY_REINSURER_REINS_SHARE_PCT_R,Direct
View,,,FCT_CLAIM_PAYMENT_DETAIL_R,FCT_CLAIM_PAYMENT_DETAIL_R,N_TERNARY_REINSURER_REINS_SHARE_PCT_R,FCT_CLAIM_PAYMENT_DETAIL_EXPENSE_R,N_TERNARY_REINSURER_REINS_SHARE_PCT_R,Direct
View,,,FCT_CLAIM_PAYMENT_DETAIL_R,FCT_CLAIM_PAYMENT_DETAIL_R,N_TERNARY_REINSURER_REINS_SHARE_PCT_R,FCT_CLAIM_PAYMENT_DETAIL_GROSS_BENEFIT_R,N_TERNARY_REINSURER_REINS_SHARE_PCT_R,Direct
View,,,FCT_CLAIM_PAYMENT_DETAIL_R,FCT_CLAIM_PAYMENT_DETAIL_R,N_TOTAL_REINSURANCE_PCT_R,FCT_BENEFIT_PAYMENT_DETAIL_OFFSET_MV_TBL,N_TOTAL_REINSURANCE_PCT_R,Direct
View,,,FCT_CLAIM_PAYMENT_DETAIL_R,FCT_CLAIM_PAYMENT_DETAIL_R,N_TOTAL_REINSURANCE_PCT_R,FCT_CLAIM_PAYMENT_DETAIL_ADJUSTMENT_R,N_TOTAL_REINSURANCE_PCT_R,Direct
View,,,FCT_CLAIM_PAYMENT_DETAIL_R,FCT_CLAIM_PAYMENT_DETAIL_R,N_TOTAL_REINSURANCE_PCT_R,FCT_CLAIM_PAYMENT_DETAIL_BENEFIT_PAYMENT_R,N_TOTAL_REINSURANCE_PCT_R,Direct
View,,,FCT_CLAIM_PAYMENT_DETAIL_R,FCT_CLAIM_PAYMENT_DETAIL_R,N_TOTAL_REINSURANCE_PCT_R,FCT_CLAIM_PAYMENT_DETAIL_DISBURSEMENT_R,N_TOTAL_REINSURANCE_PCT_R,Direct
View,,,FCT_CLAIM_PAYMENT_DETAIL_R,FCT_CLAIM_PAYMENT_DETAIL_R,N_TOTAL_REINSURANCE_PCT_R,FCT_CLAIM_PAYMENT_DETAIL_EXPENSE_R,N_TOTAL_REINSURANCE_PCT_R,Direct
View,,,FCT_CLAIM_PAYMENT_DETAIL_R,FCT_CLAIM_PAYMENT_DETAIL_R,N_TOTAL_REINSURANCE_PCT_R,FCT_CLAIM_PAYMENT_DETAIL_GROSS_BENEFIT_R,N_TOTAL_REINSURANCE_PCT_R,Direct
View,,,FCT_CLAIM_PAYMENT_DETAIL_R,FCT_CLAIM_PAYMENT_DETAIL_R,N_WORKSHEET_OBJECT_NUM_R,FCT_BENEFIT_PAYMENT_DETAIL_OFFSET_MV_TBL,N_WORKSHEET_OBJECT_NUM_R,cast
View,,,FCT_CLAIM_PAYMENT_DETAIL_R,FCT_CLAIM_PAYMENT_DETAIL_R,N_WORKSHEET_OBJECT_NUM_R,FCT_CLAIM_PAYMENT_DETAIL_ADJUSTMENT_R,N_WORKSHEET_OBJECT_NUM_R,Direct
View,,,FCT_CLAIM_PAYMENT_DETAIL_R,FCT_CLAIM_PAYMENT_DETAIL_R,N_WORKSHEET_OBJECT_NUM_R,FCT_CLAIM_PAYMENT_DETAIL_BENEFIT_PAYMENT_R,N_WORKSHEET_OBJECT_NUM_R,Direct
View,,,FCT_CLAIM_PAYMENT_DETAIL_R,FCT_CLAIM_PAYMENT_DETAIL_R,N_WORKSHEET_OBJECT_NUM_R,FCT_CLAIM_PAYMENT_DETAIL_DISBURSEMENT_R,N_WORKSHEET_OBJECT_NUM_R,Direct
View,,,FCT_CLAIM_PAYMENT_DETAIL_R,FCT_CLAIM_PAYMENT_DETAIL_R,N_WORKSHEET_OBJECT_NUM_R,FCT_CLAIM_PAYMENT_DETAIL_EXPENSE_R,N_WORKSHEET_OBJECT_NUM_R,Direct
View,,,FCT_CLAIM_PAYMENT_DETAIL_R,FCT_CLAIM_PAYMENT_DETAIL_R,N_WORKSHEET_OBJECT_NUM_R,FCT_CLAIM_PAYMENT_DETAIL_GROSS_BENEFIT_R,N_WORKSHEET_OBJECT_NUM_R,Direct
View,,,FCT_CLAIM_PAYMENT_DETAIL_R,FCT_CLAIM_PAYMENT_DETAIL_R,T_CREATION_DATE_R,FCT_BENEFIT_PAYMENT_DETAIL_OFFSET_MV_TBL,T_CREATION_DATE_R,cast
View,,,FCT_CLAIM_PAYMENT_DETAIL_R,FCT_CLAIM_PAYMENT_DETAIL_R,T_CREATION_DATE_R,FCT_CLAIM_PAYMENT_DETAIL_ADJUSTMENT_R,T_CREATION_DATE_R,Direct
View,,,FCT_CLAIM_PAYMENT_DETAIL_R,FCT_CLAIM_PAYMENT_DETAIL_R,T_CREATION_DATE_R,FCT_CLAIM_PAYMENT_DETAIL_BENEFIT_PAYMENT_R,T_CREATION_DATE_R,Direct
View,,,FCT_CLAIM_PAYMENT_DETAIL_R,FCT_CLAIM_PAYMENT_DETAIL_R,T_CREATION_DATE_R,FCT_CLAIM_PAYMENT_DETAIL_DISBURSEMENT_R,T_CREATION_DATE_R,Direct
View,,,FCT_CLAIM_PAYMENT_DETAIL_R,FCT_CLAIM_PAYMENT_DETAIL_R,T_CREATION_DATE_R,FCT_CLAIM_PAYMENT_DETAIL_EXPENSE_R,T_CREATION_DATE_R,Direct
View,,,FCT_CLAIM_PAYMENT_DETAIL_R,FCT_CLAIM_PAYMENT_DETAIL_R,T_CREATION_DATE_R,FCT_CLAIM_PAYMENT_DETAIL_GROSS_BENEFIT_R,T_CREATION_DATE_R,Direct
View,,,FCT_CLAIM_PAYMENT_DETAIL_R,FCT_CLAIM_PAYMENT_DETAIL_R,T_EVENT_TIMESTAMP_R,FCT_BENEFIT_PAYMENT_DETAIL_OFFSET_MV_TBL,T_CREATION_DATE_R,cast
View,,,FCT_CLAIM_PAYMENT_DETAIL_R,FCT_CLAIM_PAYMENT_DETAIL_R,T_EVENT_TIMESTAMP_R,FCT_CLAIM_PAYMENT_DETAIL_ADJUSTMENT_R,T_EVENT_TIMESTAMP_R,Direct
View,,,FCT_CLAIM_PAYMENT_DETAIL_R,FCT_CLAIM_PAYMENT_DETAIL_R,T_EVENT_TIMESTAMP_R,FCT_CLAIM_PAYMENT_DETAIL_BENEFIT_PAYMENT_R,T_EVENT_TIMESTAMP_R,Direct
View,,,FCT_CLAIM_PAYMENT_DETAIL_R,FCT_CLAIM_PAYMENT_DETAIL_R,T_EVENT_TIMESTAMP_R,FCT_CLAIM_PAYMENT_DETAIL_DISBURSEMENT_R,T_EVENT_TIMESTAMP_R,Direct
View,,,FCT_CLAIM_PAYMENT_DETAIL_R,FCT_CLAIM_PAYMENT_DETAIL_R,T_EVENT_TIMESTAMP_R,FCT_CLAIM_PAYMENT_DETAIL_EXPENSE_R,T_EVENT_TIMESTAMP_R,Direct
View,,,FCT_CLAIM_PAYMENT_DETAIL_R,FCT_CLAIM_PAYMENT_DETAIL_R,T_EVENT_TIMESTAMP_R,FCT_CLAIM_PAYMENT_DETAIL_GROSS_BENEFIT_R,T_EVENT_TIMESTAMP_R,Direct
View,,,FCT_CLAIM_PAYMENT_DETAIL_R,FCT_CLAIM_PAYMENT_DETAIL_R,T_LAST_MODIFIED_DATE_R,FCT_BENEFIT_PAYMENT_DETAIL_OFFSET_MV_TBL,T_CREATION_DATE_R,cast
View,,,FCT_CLAIM_PAYMENT_DETAIL_R,FCT_CLAIM_PAYMENT_DETAIL_R,T_LAST_MODIFIED_DATE_R,FCT_CLAIM_PAYMENT_DETAIL_ADJUSTMENT_R,T_LAST_MODIFIED_DATE_R,Direct
View,,,FCT_CLAIM_PAYMENT_DETAIL_R,FCT_CLAIM_PAYMENT_DETAIL_R,T_LAST_MODIFIED_DATE_R,FCT_CLAIM_PAYMENT_DETAIL_BENEFIT_PAYMENT_R,T_LAST_MODIFIED_DATE_R,Direct
View,,,FCT_CLAIM_PAYMENT_DETAIL_R,FCT_CLAIM_PAYMENT_DETAIL_R,T_LAST_MODIFIED_DATE_R,FCT_CLAIM_PAYMENT_DETAIL_DISBURSEMENT_R,T_LAST_MODIFIED_DATE_R,Direct
View,,,FCT_CLAIM_PAYMENT_DETAIL_R,FCT_CLAIM_PAYMENT_DETAIL_R,T_LAST_MODIFIED_DATE_R,FCT_CLAIM_PAYMENT_DETAIL_EXPENSE_R,T_LAST_MODIFIED_DATE_R,Direct
View,,,FCT_CLAIM_PAYMENT_DETAIL_R,FCT_CLAIM_PAYMENT_DETAIL_R,T_LAST_MODIFIED_DATE_R,FCT_CLAIM_PAYMENT_DETAIL_GROSS_BENEFIT_R,T_LAST_MODIFIED_DATE_R,Direct
View,,,FCT_CLAIM_PAYMENT_DETAIL_R,FCT_CLAIM_PAYMENT_DETAIL_R,V_AMOUNT_TYPE_CATEGORY_DESC_R,,,Constant / Expression
View,,,FCT_CLAIM_PAYMENT_DETAIL_R,FCT_CLAIM_PAYMENT_DETAIL_R,V_AMOUNT_TYPE_CATEGORY_DESC_R,FCT_BENEFIT_PAYMENT_DETAIL_OFFSET_MV_TBL,V_AMOUNT_TYPE_CATEGORY_DESC_R,Direct
View,,,FCT_CLAIM_PAYMENT_DETAIL_R,FCT_CLAIM_PAYMENT_DETAIL_R,V_AMOUNT_TYPE_CATEGORY_DESC_R,FCT_CLAIM_PAYMENT_DETAIL_ADJUSTMENT_R,V_AMOUNT_TYPE_CATEGORY_DESC_R,Direct
View,,,FCT_CLAIM_PAYMENT_DETAIL_R,FCT_CLAIM_PAYMENT_DETAIL_R,V_AMOUNT_TYPE_CATEGORY_DESC_R,FCT_CLAIM_PAYMENT_DETAIL_BENEFIT_PAYMENT_R,V_AMOUNT_TYPE_CATEGORY_DESC_R,Direct
View,,,FCT_CLAIM_PAYMENT_DETAIL_R,FCT_CLAIM_PAYMENT_DETAIL_R,V_AMOUNT_TYPE_CATEGORY_DESC_R,FCT_CLAIM_PAYMENT_DETAIL_EXPENSE_R,V_AMOUNT_TYPE_CATEGORY_DESC_R,Direct
View,,,FCT_CLAIM_PAYMENT_DETAIL_R,FCT_CLAIM_PAYMENT_DETAIL_R,V_AMOUNT_TYPE_CATEGORY_DESC_R,FCT_CLAIM_PAYMENT_DETAIL_GROSS_BENEFIT_R,V_AMOUNT_TYPE_CATEGORY_DESC_R,Direct
View,,,FCT_CLAIM_PAYMENT_DETAIL_R,FCT_CLAIM_PAYMENT_DETAIL_R,V_AMOUNT_TYPE_CATEGORY_R,,,Constant / Expression
View,,,FCT_CLAIM_PAYMENT_DETAIL_R,FCT_CLAIM_PAYMENT_DETAIL_R,V_AMOUNT_TYPE_CATEGORY_R,FCT_BENEFIT_PAYMENT_DETAIL_OFFSET_MV_TBL,V_AMOUNT_TYPE_CATEGORY_R,Direct
View,,,FCT_CLAIM_PAYMENT_DETAIL_R,FCT_CLAIM_PAYMENT_DETAIL_R,V_AMOUNT_TYPE_CATEGORY_R,FCT_CLAIM_PAYMENT_DETAIL_ADJUSTMENT_R,V_AMOUNT_TYPE_CATEGORY_R,Direct
View,,,FCT_CLAIM_PAYMENT_DETAIL_R,FCT_CLAIM_PAYMENT_DETAIL_R,V_AMOUNT_TYPE_CATEGORY_R,FCT_CLAIM_PAYMENT_DETAIL_BENEFIT_PAYMENT_R,V_AMOUNT_TYPE_CATEGORY_R,Direct
View,,,FCT_CLAIM_PAYMENT_DETAIL_R,FCT_CLAIM_PAYMENT_DETAIL_R,V_AMOUNT_TYPE_CATEGORY_R,FCT_CLAIM_PAYMENT_DETAIL_EXPENSE_R,V_AMOUNT_TYPE_CATEGORY_R,Direct
View,,,FCT_CLAIM_PAYMENT_DETAIL_R,FCT_CLAIM_PAYMENT_DETAIL_R,V_AMOUNT_TYPE_CATEGORY_R,FCT_CLAIM_PAYMENT_DETAIL_GROSS_BENEFIT_R,V_AMOUNT_TYPE_CATEGORY_R,Direct
View,,,FCT_CLAIM_PAYMENT_DETAIL_R,FCT_CLAIM_PAYMENT_DETAIL_R,V_AMOUNT_TYPE_CODE_R,,,Constant / Expression
View,,,FCT_CLAIM_PAYMENT_DETAIL_R,FCT_CLAIM_PAYMENT_DETAIL_R,V_AMOUNT_TYPE_CODE_R,FCT_BENEFIT_PAYMENT_DETAIL_OFFSET_MV_TBL,V_AMOUNT_TYPE_CODE_R,Direct
View,,,FCT_CLAIM_PAYMENT_DETAIL_R,FCT_CLAIM_PAYMENT_DETAIL_R,V_AMOUNT_TYPE_CODE_R,FCT_CLAIM_PAYMENT_DETAIL_ADJUSTMENT_R,V_AMOUNT_TYPE_CODE_R,Direct
View,,,FCT_CLAIM_PAYMENT_DETAIL_R,FCT_CLAIM_PAYMENT_DETAIL_R,V_AMOUNT_TYPE_CODE_R,FCT_CLAIM_PAYMENT_DETAIL_BENEFIT_PAYMENT_R,V_AMOUNT_TYPE_CODE_R,Direct
View,,,FCT_CLAIM_PAYMENT_DETAIL_R,FCT_CLAIM_PAYMENT_DETAIL_R,V_AMOUNT_TYPE_CODE_R,FCT_CLAIM_PAYMENT_DETAIL_EXPENSE_R,V_AMOUNT_TYPE_CODE_R,Direct
View,,,FCT_CLAIM_PAYMENT_DETAIL_R,FCT_CLAIM_PAYMENT_DETAIL_R,V_AMOUNT_TYPE_CODE_R,FCT_CLAIM_PAYMENT_DETAIL_GROSS_BENEFIT_R,V_AMOUNT_TYPE_CODE_R,Direct
View,,,FCT_CLAIM_PAYMENT_DETAIL_R,FCT_CLAIM_PAYMENT_DETAIL_R,V_AMOUNT_TYPE_NAME_R,,,Constant / Expression
View,,,FCT_CLAIM_PAYMENT_DETAIL_R,FCT_CLAIM_PAYMENT_DETAIL_R,V_AMOUNT_TYPE_NAME_R,FCT_BENEFIT_PAYMENT_DETAIL_OFFSET_MV_TBL,V_AMOUNT_TYPE_NAME_R,Direct
View,,,FCT_CLAIM_PAYMENT_DETAIL_R,FCT_CLAIM_PAYMENT_DETAIL_R,V_AMOUNT_TYPE_NAME_R,FCT_CLAIM_PAYMENT_DETAIL_ADJUSTMENT_R,V_AMOUNT_TYPE_NAME_R,Direct
View,,,FCT_CLAIM_PAYMENT_DETAIL_R,FCT_CLAIM_PAYMENT_DETAIL_R,V_AMOUNT_TYPE_NAME_R,FCT_CLAIM_PAYMENT_DETAIL_BENEFIT_PAYMENT_R,V_AMOUNT_TYPE_NAME_R,Direct
View,,,FCT_CLAIM_PAYMENT_DETAIL_R,FCT_CLAIM_PAYMENT_DETAIL_R,V_AMOUNT_TYPE_NAME_R,FCT_CLAIM_PAYMENT_DETAIL_EXPENSE_R,V_AMOUNT_TYPE_NAME_R,Direct
View,,,FCT_CLAIM_PAYMENT_DETAIL_R,FCT_CLAIM_PAYMENT_DETAIL_R,V_AMOUNT_TYPE_NAME_R,FCT_CLAIM_PAYMENT_DETAIL_GROSS_BENEFIT_R,V_AMOUNT_TYPE_NAME_R,Direct
View,,,FCT_CLAIM_PAYMENT_DETAIL_R,FCT_CLAIM_PAYMENT_DETAIL_R,V_AMOUNT_TYPE_SUB_CATEGORY_R,,,Constant / Expression
View,,,FCT_CLAIM_PAYMENT_DETAIL_R,FCT_CLAIM_PAYMENT_DETAIL_R,V_AMOUNT_TYPE_SUB_CATEGORY_R,FCT_BENEFIT_PAYMENT_DETAIL_OFFSET_MV_TBL,V_AMOUNT_TYPE_SUB_CATEGORY_R,Direct
View,,,FCT_CLAIM_PAYMENT_DETAIL_R,FCT_CLAIM_PAYMENT_DETAIL_R,V_AMOUNT_TYPE_SUB_CATEGORY_R,FCT_CLAIM_PAYMENT_DETAIL_ADJUSTMENT_R,V_AMOUNT_TYPE_SUB_CATEGORY_R,Direct
View,,,FCT_CLAIM_PAYMENT_DETAIL_R,FCT_CLAIM_PAYMENT_DETAIL_R,V_AMOUNT_TYPE_SUB_CATEGORY_R,FCT_CLAIM_PAYMENT_DETAIL_BENEFIT_PAYMENT_R,V_AMOUNT_TYPE_SUB_CATEGORY_R,Direct
View,,,FCT_CLAIM_PAYMENT_DETAIL_R,FCT_CLAIM_PAYMENT_DETAIL_R,V_AMOUNT_TYPE_SUB_CATEGORY_R,FCT_CLAIM_PAYMENT_DETAIL_EXPENSE_R,V_AMOUNT_TYPE_SUB_CATEGORY_R,Direct
View,,,FCT_CLAIM_PAYMENT_DETAIL_R,FCT_CLAIM_PAYMENT_DETAIL_R,V_AMOUNT_TYPE_SUB_CATEGORY_R,FCT_CLAIM_PAYMENT_DETAIL_GROSS_BENEFIT_R,V_AMOUNT_TYPE_SUB_CATEGORY_R,Direct
View,,,FCT_CLAIM_PAYMENT_DETAIL_R,FCT_CLAIM_PAYMENT_DETAIL_R,V_AMOUNT_TYPE_SUB_CODE_R,,,Constant / Expression
View,,,FCT_CLAIM_PAYMENT_DETAIL_R,FCT_CLAIM_PAYMENT_DETAIL_R,V_AMOUNT_TYPE_SUB_CODE_R,FCT_BENEFIT_PAYMENT_DETAIL_OFFSET_MV_TBL,V_AMOUNT_TYPE_SUB_CODE_R,Direct
View,,,FCT_CLAIM_PAYMENT_DETAIL_R,FCT_CLAIM_PAYMENT_DETAIL_R,V_AMOUNT_TYPE_SUB_CODE_R,FCT_CLAIM_PAYMENT_DETAIL_ADJUSTMENT_R,V_AMOUNT_TYPE_SUB_CODE_R,Direct
View,,,FCT_CLAIM_PAYMENT_DETAIL_R,FCT_CLAIM_PAYMENT_DETAIL_R,V_AMOUNT_TYPE_SUB_CODE_R,FCT_CLAIM_PAYMENT_DETAIL_BENEFIT_PAYMENT_R,V_AMOUNT_TYPE_SUB_CODE_R,Direct
View,,,FCT_CLAIM_PAYMENT_DETAIL_R,FCT_CLAIM_PAYMENT_DETAIL_R,V_AMOUNT_TYPE_SUB_CODE_R,FCT_CLAIM_PAYMENT_DETAIL_EXPENSE_R,V_AMOUNT_TYPE_SUB_CODE_R,Direct
View,,,FCT_CLAIM_PAYMENT_DETAIL_R,FCT_CLAIM_PAYMENT_DETAIL_R,V_AMOUNT_TYPE_SUB_CODE_R,FCT_CLAIM_PAYMENT_DETAIL_GROSS_BENEFIT_R,V_AMOUNT_TYPE_SUB_CODE_R,Direct
View,,,FCT_CLAIM_PAYMENT_DETAIL_R,FCT_CLAIM_PAYMENT_DETAIL_R,V_AMOUNT_TYPE_SUB_NAME_R,,,Constant / Expression
View,,,FCT_CLAIM_PAYMENT_DETAIL_R,FCT_CLAIM_PAYMENT_DETAIL_R,V_AMOUNT_TYPE_SUB_NAME_R,FCT_BENEFIT_PAYMENT_DETAIL_OFFSET_MV_TBL,V_AMOUNT_TYPE_SUB_NAME_R,Direct
View,,,FCT_CLAIM_PAYMENT_DETAIL_R,FCT_CLAIM_PAYMENT_DETAIL_R,V_AMOUNT_TYPE_SUB_NAME_R,FCT_CLAIM_PAYMENT_DETAIL_ADJUSTMENT_R,V_AMOUNT_TYPE_SUB_NAME_R,Direct
View,,,FCT_CLAIM_PAYMENT_DETAIL_R,FCT_CLAIM_PAYMENT_DETAIL_R,V_AMOUNT_TYPE_SUB_NAME_R,FCT_CLAIM_PAYMENT_DETAIL_BENEFIT_PAYMENT_R,V_AMOUNT_TYPE_SUB_NAME_R,Direct
View,,,FCT_CLAIM_PAYMENT_DETAIL_R,FCT_CLAIM_PAYMENT_DETAIL_R,V_AMOUNT_TYPE_SUB_NAME_R,FCT_CLAIM_PAYMENT_DETAIL_EXPENSE_R,V_AMOUNT_TYPE_SUB_NAME_R,Direct
View,,,FCT_CLAIM_PAYMENT_DETAIL_R,FCT_CLAIM_PAYMENT_DETAIL_R,V_AMOUNT_TYPE_SUB_NAME_R,FCT_CLAIM_PAYMENT_DETAIL_GROSS_BENEFIT_R,V_AMOUNT_TYPE_SUB_NAME_R,Direct
View,,,FCT_CLAIM_PAYMENT_DETAIL_R,FCT_CLAIM_PAYMENT_DETAIL_R,V_AMT_TYPE_SUB_CATEGORY_DESC_R,,,Constant / Expression
View,,,FCT_CLAIM_PAYMENT_DETAIL_R,FCT_CLAIM_PAYMENT_DETAIL_R,V_AMT_TYPE_SUB_CATEGORY_DESC_R,FCT_BENEFIT_PAYMENT_DETAIL_OFFSET_MV_TBL,V_AMT_TYPE_SUB_CATEGORY_DESC_R,Direct
View,,,FCT_CLAIM_PAYMENT_DETAIL_R,FCT_CLAIM_PAYMENT_DETAIL_R,V_AMT_TYPE_SUB_CATEGORY_DESC_R,FCT_CLAIM_PAYMENT_DETAIL_ADJUSTMENT_R,V_AMT_TYPE_SUB_CATEGORY_DESC_R,Direct
View,,,FCT_CLAIM_PAYMENT_DETAIL_R,FCT_CLAIM_PAYMENT_DETAIL_R,V_AMT_TYPE_SUB_CATEGORY_DESC_R,FCT_CLAIM_PAYMENT_DETAIL_BENEFIT_PAYMENT_R,V_AMT_TYPE_SUB_CATEGORY_DESC_R,Direct
View,,,FCT_CLAIM_PAYMENT_DETAIL_R,FCT_CLAIM_PAYMENT_DETAIL_R,V_AMT_TYPE_SUB_CATEGORY_DESC_R,FCT_CLAIM_PAYMENT_DETAIL_EXPENSE_R,V_AMT_TYPE_SUB_CATEGORY_DESC_R,Direct
View,,,FCT_CLAIM_PAYMENT_DETAIL_R,FCT_CLAIM_PAYMENT_DETAIL_R,V_AMT_TYPE_SUB_CATEGORY_DESC_R,FCT_CLAIM_PAYMENT_DETAIL_GROSS_BENEFIT_R,V_AMT_TYPE_SUB_CATEGORY_DESC_R,Direct
View,,,FCT_CLAIM_PAYMENT_DETAIL_R,FCT_CLAIM_PAYMENT_DETAIL_R,V_BENEFIT_CATEGORY_R,FCT_BENEFIT_PAYMENT_DETAIL_OFFSET_MV_TBL,V_BENEFIT_CATEGORY_R,cast
View,,,FCT_CLAIM_PAYMENT_DETAIL_R,FCT_CLAIM_PAYMENT_DETAIL_R,V_BENEFIT_CATEGORY_R,FCT_CLAIM_PAYMENT_DETAIL_ADJUSTMENT_R,V_BENEFIT_CATEGORY_R,Direct
View,,,FCT_CLAIM_PAYMENT_DETAIL_R,FCT_CLAIM_PAYMENT_DETAIL_R,V_BENEFIT_CATEGORY_R,FCT_CLAIM_PAYMENT_DETAIL_BENEFIT_PAYMENT_R,V_BENEFIT_CATEGORY_R,Direct
View,,,FCT_CLAIM_PAYMENT_DETAIL_R,FCT_CLAIM_PAYMENT_DETAIL_R,V_BENEFIT_CATEGORY_R,FCT_CLAIM_PAYMENT_DETAIL_DISBURSEMENT_R,V_BENEFIT_CATEGORY_R,Direct
View,,,FCT_CLAIM_PAYMENT_DETAIL_R,FCT_CLAIM_PAYMENT_DETAIL_R,V_BENEFIT_CATEGORY_R,FCT_CLAIM_PAYMENT_DETAIL_EXPENSE_R,V_BENEFIT_CATEGORY_R,Direct
View,,,FCT_CLAIM_PAYMENT_DETAIL_R,FCT_CLAIM_PAYMENT_DETAIL_R,V_BENEFIT_CATEGORY_R,FCT_CLAIM_PAYMENT_DETAIL_GROSS_BENEFIT_R,V_BENEFIT_CATEGORY_R,Direct
View,,,FCT_CLAIM_PAYMENT_DETAIL_R,FCT_CLAIM_PAYMENT_DETAIL_R,V_BENEFIT_CODE_R,FCT_BENEFIT_PAYMENT_DETAIL_OFFSET_MV_TBL,V_BENEFIT_CODE_R,Direct
View,,,FCT_CLAIM_PAYMENT_DETAIL_R,FCT_CLAIM_PAYMENT_DETAIL_R,V_BENEFIT_CODE_R,FCT_CLAIM_PAYMENT_DETAIL_ADJUSTMENT_R,V_BENEFIT_CODE_R,Direct
View,,,FCT_CLAIM_PAYMENT_DETAIL_R,FCT_CLAIM_PAYMENT_DETAIL_R,V_BENEFIT_CODE_R,FCT_CLAIM_PAYMENT_DETAIL_BENEFIT_PAYMENT_R,V_BENEFIT_CODE_R,Direct
View,,,FCT_CLAIM_PAYMENT_DETAIL_R,FCT_CLAIM_PAYMENT_DETAIL_R,V_BENEFIT_CODE_R,FCT_CLAIM_PAYMENT_DETAIL_DISBURSEMENT_R,V_BENEFIT_CODE_R,Direct
View,,,FCT_CLAIM_PAYMENT_DETAIL_R,FCT_CLAIM_PAYMENT_DETAIL_R,V_BENEFIT_CODE_R,FCT_CLAIM_PAYMENT_DETAIL_EXPENSE_R,V_BENEFIT_CODE_R,Direct
View,,,FCT_CLAIM_PAYMENT_DETAIL_R,FCT_CLAIM_PAYMENT_DETAIL_R,V_BENEFIT_CODE_R,FCT_CLAIM_PAYMENT_DETAIL_GROSS_BENEFIT_R,V_BENEFIT_CODE_R,Direct
View,,,FCT_CLAIM_PAYMENT_DETAIL_R,FCT_CLAIM_PAYMENT_DETAIL_R,V_BENEFIT_DESCRIPTION_R,FCT_BENEFIT_PAYMENT_DETAIL_OFFSET_MV_TBL,V_BENEFIT_DESCRIPTION_R,cast
View,,,FCT_CLAIM_PAYMENT_DETAIL_R,FCT_CLAIM_PAYMENT_DETAIL_R,V_BENEFIT_DESCRIPTION_R,FCT_CLAIM_PAYMENT_DETAIL_ADJUSTMENT_R,V_BENEFIT_DESCRIPTION_R,Direct
View,,,FCT_CLAIM_PAYMENT_DETAIL_R,FCT_CLAIM_PAYMENT_DETAIL_R,V_BENEFIT_DESCRIPTION_R,FCT_CLAIM_PAYMENT_DETAIL_BENEFIT_PAYMENT_R,V_BENEFIT_DESCRIPTION_R,Direct
View,,,FCT_CLAIM_PAYMENT_DETAIL_R,FCT_CLAIM_PAYMENT_DETAIL_R,V_BENEFIT_DESCRIPTION_R,FCT_CLAIM_PAYMENT_DETAIL_DISBURSEMENT_R,V_BENEFIT_DESCRIPTION_R,Direct
View,,,FCT_CLAIM_PAYMENT_DETAIL_R,FCT_CLAIM_PAYMENT_DETAIL_R,V_BENEFIT_DESCRIPTION_R,FCT_CLAIM_PAYMENT_DETAIL_EXPENSE_R,V_BENEFIT_DESCRIPTION_R,Direct
View,,,FCT_CLAIM_PAYMENT_DETAIL_R,FCT_CLAIM_PAYMENT_DETAIL_R,V_BENEFIT_DESCRIPTION_R,FCT_CLAIM_PAYMENT_DETAIL_GROSS_BENEFIT_R,V_BENEFIT_DESCRIPTION_R,Direct
View,,,FCT_CLAIM_PAYMENT_DETAIL_R,FCT_CLAIM_PAYMENT_DETAIL_R,V_BENEFIT_GROUP_R,FCT_BENEFIT_PAYMENT_DETAIL_OFFSET_MV_TBL,V_BENEFIT_GROUP_R,cast
View,,,FCT_CLAIM_PAYMENT_DETAIL_R,FCT_CLAIM_PAYMENT_DETAIL_R,V_BENEFIT_GROUP_R,FCT_CLAIM_PAYMENT_DETAIL_ADJUSTMENT_R,V_BENEFIT_GROUP_R,Direct
View,,,FCT_CLAIM_PAYMENT_DETAIL_R,FCT_CLAIM_PAYMENT_DETAIL_R,V_BENEFIT_GROUP_R,FCT_CLAIM_PAYMENT_DETAIL_BENEFIT_PAYMENT_R,V_BENEFIT_GROUP_R,Direct
View,,,FCT_CLAIM_PAYMENT_DETAIL_R,FCT_CLAIM_PAYMENT_DETAIL_R,V_BENEFIT_GROUP_R,FCT_CLAIM_PAYMENT_DETAIL_DISBURSEMENT_R,V_BENEFIT_GROUP_R,Direct
View,,,FCT_CLAIM_PAYMENT_DETAIL_R,FCT_CLAIM_PAYMENT_DETAIL_R,V_BENEFIT_GROUP_R,FCT_CLAIM_PAYMENT_DETAIL_EXPENSE_R,V_BENEFIT_GROUP_R,Direct
View,,,FCT_CLAIM_PAYMENT_DETAIL_R,FCT_CLAIM_PAYMENT_DETAIL_R,V_BENEFIT_GROUP_R,FCT_CLAIM_PAYMENT_DETAIL_GROSS_BENEFIT_R,V_BENEFIT_GROUP_R,Direct
View,,,FCT_CLAIM_PAYMENT_DETAIL_R,FCT_CLAIM_PAYMENT_DETAIL_R,V_CHECK_NUMBER_R,FCT_BENEFIT_PAYMENT_DETAIL_OFFSET_MV_TBL,V_CHECK_NUMBER_R,cast
View,,,FCT_CLAIM_PAYMENT_DETAIL_R,FCT_CLAIM_PAYMENT_DETAIL_R,V_CHECK_NUMBER_R,FCT_CLAIM_PAYMENT_DETAIL_ADJUSTMENT_R,V_CHECK_NUMBER_R,Direct
View,,,FCT_CLAIM_PAYMENT_DETAIL_R,FCT_CLAIM_PAYMENT_DETAIL_R,V_CHECK_NUMBER_R,FCT_CLAIM_PAYMENT_DETAIL_BENEFIT_PAYMENT_R,V_CHECK_NUMBER_R,Direct
View,,,FCT_CLAIM_PAYMENT_DETAIL_R,FCT_CLAIM_PAYMENT_DETAIL_R,V_CHECK_NUMBER_R,FCT_CLAIM_PAYMENT_DETAIL_DISBURSEMENT_R,V_CHECK_NUMBER_R,Direct
View,,,FCT_CLAIM_PAYMENT_DETAIL_R,FCT_CLAIM_PAYMENT_DETAIL_R,V_CHECK_NUMBER_R,FCT_CLAIM_PAYMENT_DETAIL_EXPENSE_R,V_CHECK_NUMBER_R,Direct
View,,,FCT_CLAIM_PAYMENT_DETAIL_R,FCT_CLAIM_PAYMENT_DETAIL_R,V_CHECK_NUMBER_R,FCT_CLAIM_PAYMENT_DETAIL_GROSS_BENEFIT_R,V_CHECK_NUMBER_R,Direct
View,,,FCT_CLAIM_PAYMENT_DETAIL_R,FCT_CLAIM_PAYMENT_DETAIL_R,V_CHECK_TYPE_R,FCT_BENEFIT_PAYMENT_DETAIL_OFFSET_MV_TBL,V_CHECK_TYPE_R,cast
View,,,FCT_CLAIM_PAYMENT_DETAIL_R,FCT_CLAIM_PAYMENT_DETAIL_R,V_CHECK_TYPE_R,FCT_CLAIM_PAYMENT_DETAIL_ADJUSTMENT_R,V_CHECK_TYPE_R,Direct
View,,,FCT_CLAIM_PAYMENT_DETAIL_R,FCT_CLAIM_PAYMENT_DETAIL_R,V_CHECK_TYPE_R,FCT_CLAIM_PAYMENT_DETAIL_BENEFIT_PAYMENT_R,V_CHECK_TYPE_R,Direct
View,,,FCT_CLAIM_PAYMENT_DETAIL_R,FCT_CLAIM_PAYMENT_DETAIL_R,V_CHECK_TYPE_R,FCT_CLAIM_PAYMENT_DETAIL_DISBURSEMENT_R,V_CHECK_TYPE_R,Direct
View,,,FCT_CLAIM_PAYMENT_DETAIL_R,FCT_CLAIM_PAYMENT_DETAIL_R,V_CHECK_TYPE_R,FCT_CLAIM_PAYMENT_DETAIL_EXPENSE_R,V_CHECK_TYPE_R,Direct
View,,,FCT_CLAIM_PAYMENT_DETAIL_R,FCT_CLAIM_PAYMENT_DETAIL_R,V_CHECK_TYPE_R,FCT_CLAIM_PAYMENT_DETAIL_GROSS_BENEFIT_R,V_CHECK_TYPE_R,Direct
View,,,FCT_CLAIM_PAYMENT_DETAIL_R,FCT_CLAIM_PAYMENT_DETAIL_R,V_CLAIM_NUMBER_R,FCT_BENEFIT_PAYMENT_DETAIL_OFFSET_MV_TBL,V_CLAIM_NUMBER_R,cast
View,,,FCT_CLAIM_PAYMENT_DETAIL_R,FCT_CLAIM_PAYMENT_DETAIL_R,V_CLAIM_NUMBER_R,FCT_CLAIM_PAYMENT_DETAIL_ADJUSTMENT_R,V_CLAIM_NUMBER_R,Direct
View,,,FCT_CLAIM_PAYMENT_DETAIL_R,FCT_CLAIM_PAYMENT_DETAIL_R,V_CLAIM_NUMBER_R,FCT_CLAIM_PAYMENT_DETAIL_BENEFIT_PAYMENT_R,V_CLAIM_NUMBER_R,Direct
View,,,FCT_CLAIM_PAYMENT_DETAIL_R,FCT_CLAIM_PAYMENT_DETAIL_R,V_CLAIM_NUMBER_R,FCT_CLAIM_PAYMENT_DETAIL_DISBURSEMENT_R,V_CLAIM_NUMBER_R,Direct
View,,,FCT_CLAIM_PAYMENT_DETAIL_R,FCT_CLAIM_PAYMENT_DETAIL_R,V_CLAIM_NUMBER_R,FCT_CLAIM_PAYMENT_DETAIL_EXPENSE_R,V_CLAIM_NUMBER_R,Direct
View,,,FCT_CLAIM_PAYMENT_DETAIL_R,FCT_CLAIM_PAYMENT_DETAIL_R,V_CLAIM_NUMBER_R,FCT_CLAIM_PAYMENT_DETAIL_GROSS_BENEFIT_R,V_CLAIM_NUMBER_R,Direct
View,,,FCT_CLAIM_PAYMENT_DETAIL_R,FCT_CLAIM_PAYMENT_DETAIL_R,V_COVERAGE_CODE_R,FCT_BENEFIT_PAYMENT_DETAIL_OFFSET_MV_TBL,V_COVERAGE_CODE_R,cast
View,,,FCT_CLAIM_PAYMENT_DETAIL_R,FCT_CLAIM_PAYMENT_DETAIL_R,V_COVERAGE_CODE_R,FCT_CLAIM_PAYMENT_DETAIL_ADJUSTMENT_R,V_COVERAGE_CODE_R,Direct
View,,,FCT_CLAIM_PAYMENT_DETAIL_R,FCT_CLAIM_PAYMENT_DETAIL_R,V_COVERAGE_CODE_R,FCT_CLAIM_PAYMENT_DETAIL_BENEFIT_PAYMENT_R,V_COVERAGE_CODE_R,Direct
View,,,FCT_CLAIM_PAYMENT_DETAIL_R,FCT_CLAIM_PAYMENT_DETAIL_R,V_COVERAGE_CODE_R,FCT_CLAIM_PAYMENT_DETAIL_DISBURSEMENT_R,V_COVERAGE_CODE_R,Direct
View,,,FCT_CLAIM_PAYMENT_DETAIL_R,FCT_CLAIM_PAYMENT_DETAIL_R,V_COVERAGE_CODE_R,FCT_CLAIM_PAYMENT_DETAIL_EXPENSE_R,V_COVERAGE_CODE_R,Direct
View,,,FCT_CLAIM_PAYMENT_DETAIL_R,FCT_CLAIM_PAYMENT_DETAIL_R,V_COVERAGE_CODE_R,FCT_CLAIM_PAYMENT_DETAIL_GROSS_BENEFIT_R,V_COVERAGE_CODE_R,Direct
View,,,FCT_CLAIM_PAYMENT_DETAIL_R,FCT_CLAIM_PAYMENT_DETAIL_R,V_COV_GROUP_ID_R,FCT_BENEFIT_PAYMENT_DETAIL_OFFSET_MV_TBL,V_COV_GROUP_ID_R,cast
View,,,FCT_CLAIM_PAYMENT_DETAIL_R,FCT_CLAIM_PAYMENT_DETAIL_R,V_COV_GROUP_ID_R,FCT_CLAIM_PAYMENT_DETAIL_ADJUSTMENT_R,V_COV_GROUP_ID_R,Direct
View,,,FCT_CLAIM_PAYMENT_DETAIL_R,FCT_CLAIM_PAYMENT_DETAIL_R,V_COV_GROUP_ID_R,FCT_CLAIM_PAYMENT_DETAIL_BENEFIT_PAYMENT_R,V_COV_GROUP_ID_R,Direct
View,,,FCT_CLAIM_PAYMENT_DETAIL_R,FCT_CLAIM_PAYMENT_DETAIL_R,V_COV_GROUP_ID_R,FCT_CLAIM_PAYMENT_DETAIL_DISBURSEMENT_R,V_COV_GROUP_ID_R,Direct
View,,,FCT_CLAIM_PAYMENT_DETAIL_R,FCT_CLAIM_PAYMENT_DETAIL_R,V_COV_GROUP_ID_R,FCT_CLAIM_PAYMENT_DETAIL_EXPENSE_R,V_COV_GROUP_ID_R,Direct
View,,,FCT_CLAIM_PAYMENT_DETAIL_R,FCT_CLAIM_PAYMENT_DETAIL_R,V_COV_GROUP_ID_R,FCT_CLAIM_PAYMENT_DETAIL_GROSS_BENEFIT_R,V_COV_GROUP_ID_R,Direct
View,,,FCT_CLAIM_PAYMENT_DETAIL_R,FCT_CLAIM_PAYMENT_DETAIL_R,V_CREATED_BY_R,FCT_BENEFIT_PAYMENT_DETAIL_OFFSET_MV_TBL,V_CREATED_BY_R,cast
View,,,FCT_CLAIM_PAYMENT_DETAIL_R,FCT_CLAIM_PAYMENT_DETAIL_R,V_CREATED_BY_R,FCT_CLAIM_PAYMENT_DETAIL_ADJUSTMENT_R,V_CREATED_BY_R,Direct
View,,,FCT_CLAIM_PAYMENT_DETAIL_R,FCT_CLAIM_PAYMENT_DETAIL_R,V_CREATED_BY_R,FCT_CLAIM_PAYMENT_DETAIL_BENEFIT_PAYMENT_R,V_CREATED_BY_R,Direct
View,,,FCT_CLAIM_PAYMENT_DETAIL_R,FCT_CLAIM_PAYMENT_DETAIL_R,V_CREATED_BY_R,FCT_CLAIM_PAYMENT_DETAIL_DISBURSEMENT_R,V_CREATED_BY_R,Direct
View,,,FCT_CLAIM_PAYMENT_DETAIL_R,FCT_CLAIM_PAYMENT_DETAIL_R,V_CREATED_BY_R,FCT_CLAIM_PAYMENT_DETAIL_EXPENSE_R,V_CREATED_BY_R,Direct
View,,,FCT_CLAIM_PAYMENT_DETAIL_R,FCT_CLAIM_PAYMENT_DETAIL_R,V_CREATED_BY_R,FCT_CLAIM_PAYMENT_DETAIL_GROSS_BENEFIT_R,V_CREATED_BY_R,Direct
View,,,FCT_CLAIM_PAYMENT_DETAIL_R,FCT_CLAIM_PAYMENT_DETAIL_R,V_EXPLANATION_OF_BENE_DESC_R,,,Constant / Expression
View,,,FCT_CLAIM_PAYMENT_DETAIL_R,FCT_CLAIM_PAYMENT_DETAIL_R,V_EXPLANATION_OF_BENE_DESC_R,,,Constant / Expression
View,,,FCT_CLAIM_PAYMENT_DETAIL_R,FCT_CLAIM_PAYMENT_DETAIL_R,V_EXPLANATION_OF_BENE_DESC_R,,,Constant / Expression
View,,,FCT_CLAIM_PAYMENT_DETAIL_R,FCT_CLAIM_PAYMENT_DETAIL_R,V_EXPLANATION_OF_BENE_DESC_R,,,Constant / Expression
View,,,FCT_CLAIM_PAYMENT_DETAIL_R,FCT_CLAIM_PAYMENT_DETAIL_R,V_EXPLANATION_OF_BENE_DESC_R,,,Constant / Expression
View,,,FCT_CLAIM_PAYMENT_DETAIL_R,FCT_CLAIM_PAYMENT_DETAIL_R,V_EXPLANATION_OF_BENE_DESC_R,FCT_CLAIM_PAYMENT_DETAIL_BENEFIT_PAYMENT_R,V_EXPLANATION_OF_BENE_DESC_R,Direct
View,,,FCT_CLAIM_PAYMENT_DETAIL_R,FCT_CLAIM_PAYMENT_DETAIL_R,V_GROSS_BENEFIT_CODE_R,FCT_BENEFIT_PAYMENT_DETAIL_OFFSET_MV_TBL,V_GROSS_BENEFIT_CODE_R,cast
View,,,FCT_CLAIM_PAYMENT_DETAIL_R,FCT_CLAIM_PAYMENT_DETAIL_R,V_GROSS_BENEFIT_CODE_R,FCT_CLAIM_PAYMENT_DETAIL_ADJUSTMENT_R,V_GROSS_BENEFIT_CODE_R,Direct
View,,,FCT_CLAIM_PAYMENT_DETAIL_R,FCT_CLAIM_PAYMENT_DETAIL_R,V_GROSS_BENEFIT_CODE_R,FCT_CLAIM_PAYMENT_DETAIL_BENEFIT_PAYMENT_R,V_GROSS_BENEFIT_CODE_R,Direct
View,,,FCT_CLAIM_PAYMENT_DETAIL_R,FCT_CLAIM_PAYMENT_DETAIL_R,V_GROSS_BENEFIT_CODE_R,FCT_CLAIM_PAYMENT_DETAIL_DISBURSEMENT_R,V_GROSS_BENEFIT_CODE_R,Direct
View,,,FCT_CLAIM_PAYMENT_DETAIL_R,FCT_CLAIM_PAYMENT_DETAIL_R,V_GROSS_BENEFIT_CODE_R,FCT_CLAIM_PAYMENT_DETAIL_EXPENSE_R,V_GROSS_BENEFIT_CODE_R,Direct
View,,,FCT_CLAIM_PAYMENT_DETAIL_R,FCT_CLAIM_PAYMENT_DETAIL_R,V_GROSS_BENEFIT_CODE_R,FCT_CLAIM_PAYMENT_DETAIL_GROSS_BENEFIT_R,V_GROSS_BENEFIT_CODE_R,Direct
View,,,FCT_CLAIM_PAYMENT_DETAIL_R,FCT_CLAIM_PAYMENT_DETAIL_R,V_HASH_KEY_R,FCT_BENEFIT_PAYMENT_DETAIL_OFFSET_MV_TBL,N_SEQ_R,NVL -> TO_CHAR
View,,,FCT_CLAIM_PAYMENT_DETAIL_R,FCT_CLAIM_PAYMENT_DETAIL_R,V_HASH_KEY_R,FCT_BENEFIT_PAYMENT_DETAIL_OFFSET_MV_TBL,N_SOURCE_SYSTEM_KEY_R,NVL -> TO_CHAR
View,,,FCT_CLAIM_PAYMENT_DETAIL_R,FCT_CLAIM_PAYMENT_DETAIL_R,V_HASH_KEY_R,FCT_BENEFIT_PAYMENT_DETAIL_OFFSET_MV_TBL,N_SOURCE_VERSION_SEQ_NUMBER_R,NVL -> TO_CHAR
View,,,FCT_CLAIM_PAYMENT_DETAIL_R,FCT_CLAIM_PAYMENT_DETAIL_R,V_HASH_KEY_R,FCT_BENEFIT_PAYMENT_DETAIL_OFFSET_MV_TBL,V_BENEFIT_DESCRIPTION_R,NVL -> TO_CHAR
View,,,FCT_CLAIM_PAYMENT_DETAIL_R,FCT_CLAIM_PAYMENT_DETAIL_R,V_HASH_KEY_R,FCT_CLAIM_PAYMENT_DETAIL_ADJUSTMENT_R,N_CLAIM_COVERAGE_GROUP_SK_R,NVL -> TO_CHAR
View,,,FCT_CLAIM_PAYMENT_DETAIL_R,FCT_CLAIM_PAYMENT_DETAIL_R,V_HASH_KEY_R,FCT_CLAIM_PAYMENT_DETAIL_ADJUSTMENT_R,N_CLAIM_COVERAGE_SK_R,NVL -> TO_CHAR
View,,,FCT_CLAIM_PAYMENT_DETAIL_R,FCT_CLAIM_PAYMENT_DETAIL_R,V_HASH_KEY_R,FCT_CLAIM_PAYMENT_DETAIL_ADJUSTMENT_R,N_CLAIM_SK_R,NVL -> TO_CHAR
View,,,FCT_CLAIM_PAYMENT_DETAIL_R,FCT_CLAIM_PAYMENT_DETAIL_R,V_HASH_KEY_R,FCT_CLAIM_PAYMENT_DETAIL_ADJUSTMENT_R,N_SOURCE_SYSTEM_KEY_R,NVL -> TO_CHAR
View,,,FCT_CLAIM_PAYMENT_DETAIL_R,FCT_CLAIM_PAYMENT_DETAIL_R,V_HASH_KEY_R,FCT_CLAIM_PAYMENT_DETAIL_ADJUSTMENT_R,N_SOURCE_VERSION_SEQ_NUMBER_R,NVL -> TO_CHAR
View,,,FCT_CLAIM_PAYMENT_DETAIL_R,FCT_CLAIM_PAYMENT_DETAIL_R,V_HASH_KEY_R,FCT_CLAIM_PAYMENT_DETAIL_BENEFIT_PAYMENT_R,N_CLAIM_COVERAGE_GROUP_SK_R,case-when -> NVL -> TO_CHAR
View,,,FCT_CLAIM_PAYMENT_DETAIL_R,FCT_CLAIM_PAYMENT_DETAIL_R,V_HASH_KEY_R,FCT_CLAIM_PAYMENT_DETAIL_BENEFIT_PAYMENT_R,N_CLAIM_COVERAGE_SK_R,case-when -> NVL -> TO_CHAR
View,,,FCT_CLAIM_PAYMENT_DETAIL_R,FCT_CLAIM_PAYMENT_DETAIL_R,V_HASH_KEY_R,FCT_CLAIM_PAYMENT_DETAIL_BENEFIT_PAYMENT_R,N_CLAIM_SK_R,case-when -> NVL -> TO_CHAR
View,,,FCT_CLAIM_PAYMENT_DETAIL_R,FCT_CLAIM_PAYMENT_DETAIL_R,V_HASH_KEY_R,FCT_CLAIM_PAYMENT_DETAIL_BENEFIT_PAYMENT_R,N_FBPDR_N_SEQ_R,case-when -> NVL -> TO_CHAR
View,,,FCT_CLAIM_PAYMENT_DETAIL_R,FCT_CLAIM_PAYMENT_DETAIL_R,V_HASH_KEY_R,FCT_CLAIM_PAYMENT_DETAIL_BENEFIT_PAYMENT_R,N_SEQ_R,case-when -> NVL -> TO_CHAR
View,,,FCT_CLAIM_PAYMENT_DETAIL_R,FCT_CLAIM_PAYMENT_DETAIL_R,V_HASH_KEY_R,FCT_CLAIM_PAYMENT_DETAIL_BENEFIT_PAYMENT_R,N_SOURCE_VERSION_SEQ_NUMBER_R,case-when -> NVL -> TO_CHAR
View,,,FCT_CLAIM_PAYMENT_DETAIL_R,FCT_CLAIM_PAYMENT_DETAIL_R,V_HASH_KEY_R,FCT_CLAIM_PAYMENT_DETAIL_BENEFIT_PAYMENT_R,V_BENEFIT_DESC_R,case-when -> NVL -> TO_CHAR
View,,,FCT_CLAIM_PAYMENT_DETAIL_R,FCT_CLAIM_PAYMENT_DETAIL_R,V_HASH_KEY_R,FCT_CLAIM_PAYMENT_DETAIL_BENEFIT_PAYMENT_R,V_CHECK_NUMBER_R,case-when -> NVL
View,,,FCT_CLAIM_PAYMENT_DETAIL_R,FCT_CLAIM_PAYMENT_DETAIL_R,V_HASH_KEY_R,FCT_CLAIM_PAYMENT_DETAIL_BENEFIT_PAYMENT_R,V_PAYMENT_STATUS_R,case-when -> NVL
View,,,FCT_CLAIM_PAYMENT_DETAIL_R,FCT_CLAIM_PAYMENT_DETAIL_R,V_HASH_KEY_R,FCT_CLAIM_PAYMENT_DETAIL_DISBURSEMENT_R,N_SEQ_R,NVL -> TO_CHAR
View,,,FCT_CLAIM_PAYMENT_DETAIL_R,FCT_CLAIM_PAYMENT_DETAIL_R,V_HASH_KEY_R,FCT_CLAIM_PAYMENT_DETAIL_DISBURSEMENT_R,N_SOURCE_SYSTEM_KEY_R,NVL -> TO_CHAR
View,,,FCT_CLAIM_PAYMENT_DETAIL_R,FCT_CLAIM_PAYMENT_DETAIL_R,V_HASH_KEY_R,FCT_CLAIM_PAYMENT_DETAIL_DISBURSEMENT_R,N_SOURCE_VERSION_SEQ_NUMBER_R,NVL -> TO_CHAR
View,,,FCT_CLAIM_PAYMENT_DETAIL_R,FCT_CLAIM_PAYMENT_DETAIL_R,V_HASH_KEY_R,FCT_CLAIM_PAYMENT_DETAIL_EXPENSE_R,N_SOURCE_SYSTEM_KEY_R,NVL -> TO_CHAR
View,,,FCT_CLAIM_PAYMENT_DETAIL_R,FCT_CLAIM_PAYMENT_DETAIL_R,V_HASH_KEY_R,FCT_CLAIM_PAYMENT_DETAIL_EXPENSE_R,N_SOURCE_VERSION_SEQ_NUMBER_R,NVL -> TO_CHAR
View,,,FCT_CLAIM_PAYMENT_DETAIL_R,FCT_CLAIM_PAYMENT_DETAIL_R,V_HASH_KEY_R,FCT_CLAIM_PAYMENT_DETAIL_EXPENSE_R,T_CREATION_DATE_R,NVL -> TO_CHAR
View,,,FCT_CLAIM_PAYMENT_DETAIL_R,FCT_CLAIM_PAYMENT_DETAIL_R,V_HASH_KEY_R,FCT_CLAIM_PAYMENT_DETAIL_GROSS_BENEFIT_R,N_CLAIM_COVERAGE_GROUP_SK_R,case-when -> NVL -> TO_CHAR
View,,,FCT_CLAIM_PAYMENT_DETAIL_R,FCT_CLAIM_PAYMENT_DETAIL_R,V_HASH_KEY_R,FCT_CLAIM_PAYMENT_DETAIL_GROSS_BENEFIT_R,N_CLAIM_COVERAGE_SK_R,case-when -> NVL -> TO_CHAR
View,,,FCT_CLAIM_PAYMENT_DETAIL_R,FCT_CLAIM_PAYMENT_DETAIL_R,V_HASH_KEY_R,FCT_CLAIM_PAYMENT_DETAIL_GROSS_BENEFIT_R,N_CLAIM_SK_R,case-when -> NVL -> TO_CHAR
View,,,FCT_CLAIM_PAYMENT_DETAIL_R,FCT_CLAIM_PAYMENT_DETAIL_R,V_HASH_KEY_R,FCT_CLAIM_PAYMENT_DETAIL_GROSS_BENEFIT_R,N_PARENT_OBJECTNUM_R,case-when -> NVL
View,,,FCT_CLAIM_PAYMENT_DETAIL_R,FCT_CLAIM_PAYMENT_DETAIL_R,V_HASH_KEY_R,FCT_CLAIM_PAYMENT_DETAIL_GROSS_BENEFIT_R,N_SOURCE_SYSTEM_KEY_R,case-when -> NVL -> TO_CHAR
View,,,FCT_CLAIM_PAYMENT_DETAIL_R,FCT_CLAIM_PAYMENT_DETAIL_R,V_HASH_KEY_R,FCT_CLAIM_PAYMENT_DETAIL_GROSS_BENEFIT_R,N_SOURCE_VERSION_SEQ_NUMBER_R,case-when -> NVL -> TO_CHAR
View,,,FCT_CLAIM_PAYMENT_DETAIL_R,FCT_CLAIM_PAYMENT_DETAIL_R,V_HASH_KEY_R,FCT_CLAIM_PAYMENT_DETAIL_GROSS_BENEFIT_R,V_CHECK_NUMBER_R,case-when -> NVL
View,,,FCT_CLAIM_PAYMENT_DETAIL_R,FCT_CLAIM_PAYMENT_DETAIL_R,V_HASH_KEY_R,FCT_CLAIM_PAYMENT_DETAIL_GROSS_BENEFIT_R,V_PAYMENT_STATUS_R,case-when -> NVL
View,,,FCT_CLAIM_PAYMENT_DETAIL_R,FCT_CLAIM_PAYMENT_DETAIL_R,V_LAST_MODIFIED_BY_R,FCT_BENEFIT_PAYMENT_DETAIL_OFFSET_MV_TBL,V_LAST_MODIFIED_BY_R,cast
View,,,FCT_CLAIM_PAYMENT_DETAIL_R,FCT_CLAIM_PAYMENT_DETAIL_R,V_LAST_MODIFIED_BY_R,FCT_CLAIM_PAYMENT_DETAIL_ADJUSTMENT_R,V_LAST_MODIFIED_BY_R,Direct
View,,,FCT_CLAIM_PAYMENT_DETAIL_R,FCT_CLAIM_PAYMENT_DETAIL_R,V_LAST_MODIFIED_BY_R,FCT_CLAIM_PAYMENT_DETAIL_BENEFIT_PAYMENT_R,V_LAST_MODIFIED_BY_R,Direct
View,,,FCT_CLAIM_PAYMENT_DETAIL_R,FCT_CLAIM_PAYMENT_DETAIL_R,V_LAST_MODIFIED_BY_R,FCT_CLAIM_PAYMENT_DETAIL_DISBURSEMENT_R,V_LAST_MODIFIED_BY_R,Direct
View,,,FCT_CLAIM_PAYMENT_DETAIL_R,FCT_CLAIM_PAYMENT_DETAIL_R,V_LAST_MODIFIED_BY_R,FCT_CLAIM_PAYMENT_DETAIL_EXPENSE_R,V_LAST_MODIFIED_BY_R,Direct
View,,,FCT_CLAIM_PAYMENT_DETAIL_R,FCT_CLAIM_PAYMENT_DETAIL_R,V_LAST_MODIFIED_BY_R,FCT_CLAIM_PAYMENT_DETAIL_GROSS_BENEFIT_R,V_LAST_MODIFIED_BY_R,Direct
View,,,FCT_CLAIM_PAYMENT_DETAIL_R,FCT_CLAIM_PAYMENT_DETAIL_R,V_LOB_TYPE_R,FCT_BENEFIT_PAYMENT_DETAIL_OFFSET_MV_TBL,V_LOB_TYPE_R,cast
View,,,FCT_CLAIM_PAYMENT_DETAIL_R,FCT_CLAIM_PAYMENT_DETAIL_R,V_LOB_TYPE_R,FCT_CLAIM_PAYMENT_DETAIL_ADJUSTMENT_R,V_LOB_TYPE_R,Direct
View,,,FCT_CLAIM_PAYMENT_DETAIL_R,FCT_CLAIM_PAYMENT_DETAIL_R,V_LOB_TYPE_R,FCT_CLAIM_PAYMENT_DETAIL_BENEFIT_PAYMENT_R,V_LOB_TYPE_R,Direct
View,,,FCT_CLAIM_PAYMENT_DETAIL_R,FCT_CLAIM_PAYMENT_DETAIL_R,V_LOB_TYPE_R,FCT_CLAIM_PAYMENT_DETAIL_DISBURSEMENT_R,V_LOB_TYPE_R,Direct
View,,,FCT_CLAIM_PAYMENT_DETAIL_R,FCT_CLAIM_PAYMENT_DETAIL_R,V_LOB_TYPE_R,FCT_CLAIM_PAYMENT_DETAIL_EXPENSE_R,V_LOB_TYPE_R,Direct
View,,,FCT_CLAIM_PAYMENT_DETAIL_R,FCT_CLAIM_PAYMENT_DETAIL_R,V_LOB_TYPE_R,FCT_CLAIM_PAYMENT_DETAIL_GROSS_BENEFIT_R,V_LOB_TYPE_R,Direct
View,,,FCT_CLAIM_PAYMENT_DETAIL_R,FCT_CLAIM_PAYMENT_DETAIL_R,V_PAYEE_FIRST_NAME_R,,,Constant / Expression
View,,,FCT_CLAIM_PAYMENT_DETAIL_R,FCT_CLAIM_PAYMENT_DETAIL_R,V_PAYEE_FIRST_NAME_R,FCT_BENEFIT_PAYMENT_DETAIL_OFFSET_MV_TBL,V_PAYEE_FIRST_NAME_R,Direct
View,,,FCT_CLAIM_PAYMENT_DETAIL_R,FCT_CLAIM_PAYMENT_DETAIL_R,V_PAYEE_FIRST_NAME_R,FCT_CLAIM_PAYMENT_DETAIL_ADJUSTMENT_R,V_PAYEE_FIRST_NAME_R,Direct
View,,,FCT_CLAIM_PAYMENT_DETAIL_R,FCT_CLAIM_PAYMENT_DETAIL_R,V_PAYEE_FIRST_NAME_R,FCT_CLAIM_PAYMENT_DETAIL_BENEFIT_PAYMENT_R,V_PAYEE_FIRST_NAME_R,Direct
View,,,FCT_CLAIM_PAYMENT_DETAIL_R,FCT_CLAIM_PAYMENT_DETAIL_R,V_PAYEE_FIRST_NAME_R,FCT_CLAIM_PAYMENT_DETAIL_EXPENSE_R,V_PAYEE_FIRST_NAME_R,Direct
View,,,FCT_CLAIM_PAYMENT_DETAIL_R,FCT_CLAIM_PAYMENT_DETAIL_R,V_PAYEE_FIRST_NAME_R,FCT_CLAIM_PAYMENT_DETAIL_GROSS_BENEFIT_R,V_PAYEE_FIRST_NAME_R,Direct
View,,,FCT_CLAIM_PAYMENT_DETAIL_R,FCT_CLAIM_PAYMENT_DETAIL_R,V_PAYEE_LAST_NAME_R,FCT_BENEFIT_PAYMENT_DETAIL_OFFSET_MV_TBL,V_PAYEE_LAST_NAME_R,Direct
View,,,FCT_CLAIM_PAYMENT_DETAIL_R,FCT_CLAIM_PAYMENT_DETAIL_R,V_PAYEE_LAST_NAME_R,FCT_CLAIM_PAYMENT_DETAIL_ADJUSTMENT_R,V_PAYEE_LAST_NAME_R,Direct
View,,,FCT_CLAIM_PAYMENT_DETAIL_R,FCT_CLAIM_PAYMENT_DETAIL_R,V_PAYEE_LAST_NAME_R,FCT_CLAIM_PAYMENT_DETAIL_BENEFIT_PAYMENT_R,V_PAYEE_LAST_NAME_R,Direct
View,,,FCT_CLAIM_PAYMENT_DETAIL_R,FCT_CLAIM_PAYMENT_DETAIL_R,V_PAYEE_LAST_NAME_R,FCT_CLAIM_PAYMENT_DETAIL_DISBURSEMENT_R,V_PAYEE_LAST_NAME_R,Direct
View,,,FCT_CLAIM_PAYMENT_DETAIL_R,FCT_CLAIM_PAYMENT_DETAIL_R,V_PAYEE_LAST_NAME_R,FCT_CLAIM_PAYMENT_DETAIL_EXPENSE_R,V_PAYEE_LAST_NAME_R,Direct
View,,,FCT_CLAIM_PAYMENT_DETAIL_R,FCT_CLAIM_PAYMENT_DETAIL_R,V_PAYEE_LAST_NAME_R,FCT_CLAIM_PAYMENT_DETAIL_GROSS_BENEFIT_R,V_PAYEE_LAST_NAME_R,Direct
View,,,FCT_CLAIM_PAYMENT_DETAIL_R,FCT_CLAIM_PAYMENT_DETAIL_R,V_PAYEE_MIDDLE_NAME_R,,,Constant / Expression
View,,,FCT_CLAIM_PAYMENT_DETAIL_R,FCT_CLAIM_PAYMENT_DETAIL_R,V_PAYEE_MIDDLE_NAME_R,FCT_BENEFIT_PAYMENT_DETAIL_OFFSET_MV_TBL,V_PAYEE_MIDDLE_NAME_R,Direct
View,,,FCT_CLAIM_PAYMENT_DETAIL_R,FCT_CLAIM_PAYMENT_DETAIL_R,V_PAYEE_MIDDLE_NAME_R,FCT_CLAIM_PAYMENT_DETAIL_ADJUSTMENT_R,V_PAYEE_MIDDLE_NAME_R,Direct
View,,,FCT_CLAIM_PAYMENT_DETAIL_R,FCT_CLAIM_PAYMENT_DETAIL_R,V_PAYEE_MIDDLE_NAME_R,FCT_CLAIM_PAYMENT_DETAIL_BENEFIT_PAYMENT_R,V_PAYEE_MIDDLE_NAME_R,Direct
View,,,FCT_CLAIM_PAYMENT_DETAIL_R,FCT_CLAIM_PAYMENT_DETAIL_R,V_PAYEE_MIDDLE_NAME_R,FCT_CLAIM_PAYMENT_DETAIL_EXPENSE_R,V_PAYEE_MIDDLE_NAME_R,Direct
View,,,FCT_CLAIM_PAYMENT_DETAIL_R,FCT_CLAIM_PAYMENT_DETAIL_R,V_PAYEE_MIDDLE_NAME_R,FCT_CLAIM_PAYMENT_DETAIL_GROSS_BENEFIT_R,V_PAYEE_MIDDLE_NAME_R,Direct
View,,,FCT_CLAIM_PAYMENT_DETAIL_R,FCT_CLAIM_PAYMENT_DETAIL_R,V_PAYEE_TYPE_R,FCT_BENEFIT_PAYMENT_DETAIL_OFFSET_MV_TBL,V_PAYEE_TYPE_R,Direct
View,,,FCT_CLAIM_PAYMENT_DETAIL_R,FCT_CLAIM_PAYMENT_DETAIL_R,V_PAYEE_TYPE_R,FCT_CLAIM_PAYMENT_DETAIL_ADJUSTMENT_R,V_PAYEE_TYPE_R,Direct
View,,,FCT_CLAIM_PAYMENT_DETAIL_R,FCT_CLAIM_PAYMENT_DETAIL_R,V_PAYEE_TYPE_R,FCT_CLAIM_PAYMENT_DETAIL_BENEFIT_PAYMENT_R,V_PAYEE_TYPE_R,Direct
View,,,FCT_CLAIM_PAYMENT_DETAIL_R,FCT_CLAIM_PAYMENT_DETAIL_R,V_PAYEE_TYPE_R,FCT_CLAIM_PAYMENT_DETAIL_DISBURSEMENT_R,V_PAYEE_TYPE_R,Direct
View,,,FCT_CLAIM_PAYMENT_DETAIL_R,FCT_CLAIM_PAYMENT_DETAIL_R,V_PAYEE_TYPE_R,FCT_CLAIM_PAYMENT_DETAIL_EXPENSE_R,V_PAYEE_TYPE_R,Direct
View,,,FCT_CLAIM_PAYMENT_DETAIL_R,FCT_CLAIM_PAYMENT_DETAIL_R,V_PAYEE_TYPE_R,FCT_CLAIM_PAYMENT_DETAIL_GROSS_BENEFIT_R,V_PAYEE_TYPE_R,Direct
View,,,FCT_CLAIM_PAYMENT_DETAIL_R,FCT_CLAIM_PAYMENT_DETAIL_R,V_PAYMENT_RECORD_TYPE_R,,,Constant / Expression
View,,,FCT_CLAIM_PAYMENT_DETAIL_R,FCT_CLAIM_PAYMENT_DETAIL_R,V_PAYMENT_RECORD_TYPE_R,,,Constant / Expression
View,,,FCT_CLAIM_PAYMENT_DETAIL_R,FCT_CLAIM_PAYMENT_DETAIL_R,V_PAYMENT_RECORD_TYPE_R,,,Constant / Expression
View,,,FCT_CLAIM_PAYMENT_DETAIL_R,FCT_CLAIM_PAYMENT_DETAIL_R,V_PAYMENT_RECORD_TYPE_R,,,Constant / Expression
View,,,FCT_CLAIM_PAYMENT_DETAIL_R,FCT_CLAIM_PAYMENT_DETAIL_R,V_PAYMENT_RECORD_TYPE_R,,,Constant / Expression
View,,,FCT_CLAIM_PAYMENT_DETAIL_R,FCT_CLAIM_PAYMENT_DETAIL_R,V_PAYMENT_RECORD_TYPE_R,FCT_CLAIM_PAYMENT_DETAIL_BENEFIT_PAYMENT_R,V_PAYMENT_RECORD_TYPE_R,Direct
View,,,FCT_CLAIM_PAYMENT_DETAIL_R,FCT_CLAIM_PAYMENT_DETAIL_R,V_PAYMENT_STATUS_R,FCT_BENEFIT_PAYMENT_DETAIL_OFFSET_MV_TBL,V_PAYMENT_STATUS_R,cast
View,,,FCT_CLAIM_PAYMENT_DETAIL_R,FCT_CLAIM_PAYMENT_DETAIL_R,V_PAYMENT_STATUS_R,FCT_CLAIM_PAYMENT_DETAIL_ADJUSTMENT_R,V_PAYMENT_STATUS_R,Direct
View,,,FCT_CLAIM_PAYMENT_DETAIL_R,FCT_CLAIM_PAYMENT_DETAIL_R,V_PAYMENT_STATUS_R,FCT_CLAIM_PAYMENT_DETAIL_BENEFIT_PAYMENT_R,V_PAYMENT_STATUS_R,Direct
View,,,FCT_CLAIM_PAYMENT_DETAIL_R,FCT_CLAIM_PAYMENT_DETAIL_R,V_PAYMENT_STATUS_R,FCT_CLAIM_PAYMENT_DETAIL_DISBURSEMENT_R,V_PAYMENT_STATUS_R,Direct
View,,,FCT_CLAIM_PAYMENT_DETAIL_R,FCT_CLAIM_PAYMENT_DETAIL_R,V_PAYMENT_STATUS_R,FCT_CLAIM_PAYMENT_DETAIL_EXPENSE_R,V_PAYMENT_STATUS_R,Direct
View,,,FCT_CLAIM_PAYMENT_DETAIL_R,FCT_CLAIM_PAYMENT_DETAIL_R,V_PAYMENT_STATUS_R,FCT_CLAIM_PAYMENT_DETAIL_GROSS_BENEFIT_R,V_PAYMENT_STATUS_R,Direct
View,,,FCT_CLAIM_PAYMENT_DETAIL_R,FCT_CLAIM_PAYMENT_DETAIL_R,V_PAYMENT_TYPE_R,FCT_BENEFIT_PAYMENT_DETAIL_OFFSET_MV_TBL,V_PAYMENT_TYPE_R,TRIM -> cast
View,,,FCT_CLAIM_PAYMENT_DETAIL_R,FCT_CLAIM_PAYMENT_DETAIL_R,V_PAYMENT_TYPE_R,FCT_CLAIM_PAYMENT_DETAIL_ADJUSTMENT_R,V_PAYMENT_TYPE_R,TRIM
View,,,FCT_CLAIM_PAYMENT_DETAIL_R,FCT_CLAIM_PAYMENT_DETAIL_R,V_PAYMENT_TYPE_R,FCT_CLAIM_PAYMENT_DETAIL_BENEFIT_PAYMENT_R,V_PAYMENT_TYPE_R,TRIM
View,,,FCT_CLAIM_PAYMENT_DETAIL_R,FCT_CLAIM_PAYMENT_DETAIL_R,V_PAYMENT_TYPE_R,FCT_CLAIM_PAYMENT_DETAIL_DISBURSEMENT_R,V_PAYMENT_TYPE_R,TRIM
View,,,FCT_CLAIM_PAYMENT_DETAIL_R,FCT_CLAIM_PAYMENT_DETAIL_R,V_PAYMENT_TYPE_R,FCT_CLAIM_PAYMENT_DETAIL_EXPENSE_R,V_PAYMENT_TYPE_R,TRIM
View,,,FCT_CLAIM_PAYMENT_DETAIL_R,FCT_CLAIM_PAYMENT_DETAIL_R,V_PAYMENT_TYPE_R,FCT_CLAIM_PAYMENT_DETAIL_GROSS_BENEFIT_R,V_PAYMENT_TYPE_R,TRIM
View,,,FCT_CLAIM_PAYMENT_DETAIL_R,FCT_CLAIM_PAYMENT_DETAIL_R,V_PAY_METHOD_R,FCT_BENEFIT_PAYMENT_DETAIL_OFFSET_MV_TBL,V_PAY_METHOD_R,cast
View,,,FCT_CLAIM_PAYMENT_DETAIL_R,FCT_CLAIM_PAYMENT_DETAIL_R,V_PAY_METHOD_R,FCT_CLAIM_PAYMENT_DETAIL_ADJUSTMENT_R,V_PAY_METHOD_R,Direct
View,,,FCT_CLAIM_PAYMENT_DETAIL_R,FCT_CLAIM_PAYMENT_DETAIL_R,V_PAY_METHOD_R,FCT_CLAIM_PAYMENT_DETAIL_BENEFIT_PAYMENT_R,V_PAY_METHOD_R,Direct
View,,,FCT_CLAIM_PAYMENT_DETAIL_R,FCT_CLAIM_PAYMENT_DETAIL_R,V_PAY_METHOD_R,FCT_CLAIM_PAYMENT_DETAIL_DISBURSEMENT_R,V_PAY_METHOD_R,Direct
View,,,FCT_CLAIM_PAYMENT_DETAIL_R,FCT_CLAIM_PAYMENT_DETAIL_R,V_PAY_METHOD_R,FCT_CLAIM_PAYMENT_DETAIL_EXPENSE_R,V_PAY_METHOD_R,Direct
View,,,FCT_CLAIM_PAYMENT_DETAIL_R,FCT_CLAIM_PAYMENT_DETAIL_R,V_PAY_METHOD_R,FCT_CLAIM_PAYMENT_DETAIL_GROSS_BENEFIT_R,V_PAY_METHOD_R,Direct
View,,,FCT_CLAIM_PAYMENT_DETAIL_R,FCT_CLAIM_PAYMENT_DETAIL_R,V_PRIMARY_REINSURER_R,FCT_BENEFIT_PAYMENT_DETAIL_OFFSET_MV_TBL,V_PRIMARY_REINSURER_R,Direct
View,,,FCT_CLAIM_PAYMENT_DETAIL_R,FCT_CLAIM_PAYMENT_DETAIL_R,V_PRIMARY_REINSURER_R,FCT_CLAIM_PAYMENT_DETAIL_ADJUSTMENT_R,V_PRIMARY_REINSURER_R,Direct
View,,,FCT_CLAIM_PAYMENT_DETAIL_R,FCT_CLAIM_PAYMENT_DETAIL_R,V_PRIMARY_REINSURER_R,FCT_CLAIM_PAYMENT_DETAIL_BENEFIT_PAYMENT_R,V_PRIMARY_REINSURER_R,Direct
View,,,FCT_CLAIM_PAYMENT_DETAIL_R,FCT_CLAIM_PAYMENT_DETAIL_R,V_PRIMARY_REINSURER_R,FCT_CLAIM_PAYMENT_DETAIL_DISBURSEMENT_R,V_PRIMARY_REINSURER_R,Direct
View,,,FCT_CLAIM_PAYMENT_DETAIL_R,FCT_CLAIM_PAYMENT_DETAIL_R,V_PRIMARY_REINSURER_R,FCT_CLAIM_PAYMENT_DETAIL_EXPENSE_R,V_PRIMARY_REINSURER_R,Direct
View,,,FCT_CLAIM_PAYMENT_DETAIL_R,FCT_CLAIM_PAYMENT_DETAIL_R,V_PRIMARY_REINSURER_R,FCT_CLAIM_PAYMENT_DETAIL_GROSS_BENEFIT_R,V_PRIMARY_REINSURER_R,Direct
View,,,FCT_CLAIM_PAYMENT_DETAIL_R,FCT_CLAIM_PAYMENT_DETAIL_R,V_PRIVACY_INDICATOR_R,FCT_BENEFIT_PAYMENT_DETAIL_OFFSET_MV_TBL,V_PRIVACY_INDICATOR_R,Direct
View,,,FCT_CLAIM_PAYMENT_DETAIL_R,FCT_CLAIM_PAYMENT_DETAIL_R,V_PRIVACY_INDICATOR_R,FCT_CLAIM_PAYMENT_DETAIL_ADJUSTMENT_R,V_PRIVACY_INDICATOR_R,Direct
View,,,FCT_CLAIM_PAYMENT_DETAIL_R,FCT_CLAIM_PAYMENT_DETAIL_R,V_PRIVACY_INDICATOR_R,FCT_CLAIM_PAYMENT_DETAIL_BENEFIT_PAYMENT_R,V_PRIVACY_INDICATOR_R,Direct
View,,,FCT_CLAIM_PAYMENT_DETAIL_R,FCT_CLAIM_PAYMENT_DETAIL_R,V_PRIVACY_INDICATOR_R,FCT_CLAIM_PAYMENT_DETAIL_DISBURSEMENT_R,V_PRIVACY_INDICATOR_R,Direct
View,,,FCT_CLAIM_PAYMENT_DETAIL_R,FCT_CLAIM_PAYMENT_DETAIL_R,V_PRIVACY_INDICATOR_R,FCT_CLAIM_PAYMENT_DETAIL_EXPENSE_R,V_PRIVACY_INDICATOR_R,Direct
View,,,FCT_CLAIM_PAYMENT_DETAIL_R,FCT_CLAIM_PAYMENT_DETAIL_R,V_PRIVACY_INDICATOR_R,FCT_CLAIM_PAYMENT_DETAIL_GROSS_BENEFIT_R,V_PRIVACY_INDICATOR_R,Direct
View,,,FCT_CLAIM_PAYMENT_DETAIL_R,FCT_CLAIM_PAYMENT_DETAIL_R,V_RECORD_TYPE_R,FCT_BENEFIT_PAYMENT_DETAIL_OFFSET_MV_TBL,V_RECORD_TYPE_R,cast
View,,,FCT_CLAIM_PAYMENT_DETAIL_R,FCT_CLAIM_PAYMENT_DETAIL_R,V_RECORD_TYPE_R,FCT_CLAIM_PAYMENT_DETAIL_ADJUSTMENT_R,V_RECORD_TYPE_R,Direct
View,,,FCT_CLAIM_PAYMENT_DETAIL_R,FCT_CLAIM_PAYMENT_DETAIL_R,V_RECORD_TYPE_R,FCT_CLAIM_PAYMENT_DETAIL_BENEFIT_PAYMENT_R,V_RECORD_TYPE_R,Direct
View,,,FCT_CLAIM_PAYMENT_DETAIL_R,FCT_CLAIM_PAYMENT_DETAIL_R,V_RECORD_TYPE_R,FCT_CLAIM_PAYMENT_DETAIL_DISBURSEMENT_R,V_RECORD_TYPE_R,Direct
View,,,FCT_CLAIM_PAYMENT_DETAIL_R,FCT_CLAIM_PAYMENT_DETAIL_R,V_RECORD_TYPE_R,FCT_CLAIM_PAYMENT_DETAIL_EXPENSE_R,V_RECORD_TYPE_R,Direct
View,,,FCT_CLAIM_PAYMENT_DETAIL_R,FCT_CLAIM_PAYMENT_DETAIL_R,V_RECORD_TYPE_R,FCT_CLAIM_PAYMENT_DETAIL_GROSS_BENEFIT_R,V_RECORD_TYPE_R,Direct
View,,,FCT_CLAIM_PAYMENT_DETAIL_R,FCT_CLAIM_PAYMENT_DETAIL_R,V_SECONDARY_REINSURER_R,FCT_BENEFIT_PAYMENT_DETAIL_OFFSET_MV_TBL,V_SECONDARY_REINSURER_R,Direct
View,,,FCT_CLAIM_PAYMENT_DETAIL_R,FCT_CLAIM_PAYMENT_DETAIL_R,V_SECONDARY_REINSURER_R,FCT_CLAIM_PAYMENT_DETAIL_ADJUSTMENT_R,V_SECONDARY_REINSURER_R,Direct
View,,,FCT_CLAIM_PAYMENT_DETAIL_R,FCT_CLAIM_PAYMENT_DETAIL_R,V_SECONDARY_REINSURER_R,FCT_CLAIM_PAYMENT_DETAIL_BENEFIT_PAYMENT_R,V_SECONDARY_REINSURER_R,Direct
View,,,FCT_CLAIM_PAYMENT_DETAIL_R,FCT_CLAIM_PAYMENT_DETAIL_R,V_SECONDARY_REINSURER_R,FCT_CLAIM_PAYMENT_DETAIL_DISBURSEMENT_R,V_SECONDARY_REINSURER_R,Direct
View,,,FCT_CLAIM_PAYMENT_DETAIL_R,FCT_CLAIM_PAYMENT_DETAIL_R,V_SECONDARY_REINSURER_R,FCT_CLAIM_PAYMENT_DETAIL_EXPENSE_R,V_SECONDARY_REINSURER_R,Direct
View,,,FCT_CLAIM_PAYMENT_DETAIL_R,FCT_CLAIM_PAYMENT_DETAIL_R,V_SECONDARY_REINSURER_R,FCT_CLAIM_PAYMENT_DETAIL_GROSS_BENEFIT_R,V_SECONDARY_REINSURER_R,Direct
View,,,FCT_CLAIM_PAYMENT_DETAIL_R,FCT_CLAIM_PAYMENT_DETAIL_R,V_SOURCE_SYSTEM_NAME_R,,,Constant / Expression
View,,,FCT_CLAIM_PAYMENT_DETAIL_R,FCT_CLAIM_PAYMENT_DETAIL_R,V_SOURCE_SYSTEM_NAME_R,FCT_CLAIM_PAYMENT_DETAIL_ADJUSTMENT_R,V_SOURCE_SYSTEM_NAME_R,Direct
View,,,FCT_CLAIM_PAYMENT_DETAIL_R,FCT_CLAIM_PAYMENT_DETAIL_R,V_SOURCE_SYSTEM_NAME_R,FCT_CLAIM_PAYMENT_DETAIL_BENEFIT_PAYMENT_R,V_SOURCE_SYSTEM_NAME_R,Direct
View,,,FCT_CLAIM_PAYMENT_DETAIL_R,FCT_CLAIM_PAYMENT_DETAIL_R,V_SOURCE_SYSTEM_NAME_R,FCT_CLAIM_PAYMENT_DETAIL_DISBURSEMENT_R,V_SOURCE_SYSTEM_NAME_R,Direct
View,,,FCT_CLAIM_PAYMENT_DETAIL_R,FCT_CLAIM_PAYMENT_DETAIL_R,V_SOURCE_SYSTEM_NAME_R,FCT_CLAIM_PAYMENT_DETAIL_EXPENSE_R,V_SOURCE_SYSTEM_NAME_R,Direct
View,,,FCT_CLAIM_PAYMENT_DETAIL_R,FCT_CLAIM_PAYMENT_DETAIL_R,V_SOURCE_SYSTEM_NAME_R,FCT_CLAIM_PAYMENT_DETAIL_GROSS_BENEFIT_R,V_SOURCE_SYSTEM_NAME_R,Direct
View,,,FCT_CLAIM_PAYMENT_DETAIL_R,FCT_CLAIM_PAYMENT_DETAIL_R,V_TAX_STATE_R,,,Constant / Expression
View,,,FCT_CLAIM_PAYMENT_DETAIL_R,FCT_CLAIM_PAYMENT_DETAIL_R,V_TAX_STATE_R,,,Constant / Expression
View,,,FCT_CLAIM_PAYMENT_DETAIL_R,FCT_CLAIM_PAYMENT_DETAIL_R,V_TAX_STATE_R,,,Constant / Expression
View,,,FCT_CLAIM_PAYMENT_DETAIL_R,FCT_CLAIM_PAYMENT_DETAIL_R,V_TAX_STATE_R,FCT_CLAIM_PAYMENT_DETAIL_ADJUSTMENT_R,N_CLAIM_SK_R,fnc_grp_get_v_tax_state_r
View,,,FCT_CLAIM_PAYMENT_DETAIL_R,FCT_CLAIM_PAYMENT_DETAIL_R,V_TAX_STATE_R,FCT_CLAIM_PAYMENT_DETAIL_BENEFIT_PAYMENT_R,V_TAX_STATE_R,Direct
View,,,FCT_CLAIM_PAYMENT_DETAIL_R,FCT_CLAIM_PAYMENT_DETAIL_R,V_TAX_STATE_R,FCT_CLAIM_PAYMENT_DETAIL_GROSS_BENEFIT_R,V_TAX_STATE_R,Direct
View,,,FCT_CLAIM_PAYMENT_DETAIL_R,FCT_CLAIM_PAYMENT_DETAIL_R,V_TERNARY_REINSURER_R,FCT_BENEFIT_PAYMENT_DETAIL_OFFSET_MV_TBL,V_TERNARY_REINSURER_R,Direct
View,,,FCT_CLAIM_PAYMENT_DETAIL_R,FCT_CLAIM_PAYMENT_DETAIL_R,V_TERNARY_REINSURER_R,FCT_CLAIM_PAYMENT_DETAIL_ADJUSTMENT_R,V_TERNARY_REINSURER_R,Direct
View,,,FCT_CLAIM_PAYMENT_DETAIL_R,FCT_CLAIM_PAYMENT_DETAIL_R,V_TERNARY_REINSURER_R,FCT_CLAIM_PAYMENT_DETAIL_BENEFIT_PAYMENT_R,V_TERNARY_REINSURER_R,Direct
View,,,FCT_CLAIM_PAYMENT_DETAIL_R,FCT_CLAIM_PAYMENT_DETAIL_R,V_TERNARY_REINSURER_R,FCT_CLAIM_PAYMENT_DETAIL_DISBURSEMENT_R,V_TERNARY_REINSURER_R,Direct
View,,,FCT_CLAIM_PAYMENT_DETAIL_R,FCT_CLAIM_PAYMENT_DETAIL_R,V_TERNARY_REINSURER_R,FCT_CLAIM_PAYMENT_DETAIL_EXPENSE_R,V_TERNARY_REINSURER_R,Direct
View,,,FCT_CLAIM_PAYMENT_DETAIL_R,FCT_CLAIM_PAYMENT_DETAIL_R,V_TERNARY_REINSURER_R,FCT_CLAIM_PAYMENT_DETAIL_GROSS_BENEFIT_R,V_TERNARY_REINSURER_R,Direct
